<?xml version="1.0" encoding="UTF-8"?>
<kml xmlns="http://www.opengis.net/kml/2.2">
  <Document>
    
    <Placemark>
      <name>Motus földjénél</name>
      <Style>
        <LineStyle>
          <color>ff56dbf0</color>
          <width>2</width>
        </LineStyle>
        <PolyStyle>
          <color>ff56dbf0</color>
        </PolyStyle>
      </Style>
      <Polygon>
        <outerBoundaryIs>
          <LinearRing>
            <coordinates>
              17.2886074,47.8118972
              17.288028,47.8114145,0
              17.2890258,47.81073,0
              17.2893798,47.8108381,0
              17.2912306,47.8099158,0
              17.2920138,47.8103013,0
              17.2886074,47.8118972,0
            </coordinates>
          </LinearRing>
        </outerBoundaryIs>
      </Polygon>
    </Placemark>
    <Placemark>
      <name>Vasút mellett -   AH</name>
      <Style>
        <LineStyle>
          <color>ff1d0cf1</color>
          <width>2</width>
        </LineStyle>
        <PolyStyle>
          <color>ff1d0cf1</color>
        </PolyStyle>
      </Style>
      <Polygon>
        <outerBoundaryIs>
          <LinearRing>
            <coordinates>
              17.2760546,47.8432121
              17.273308,47.8418295,0
              17.2754323,47.8405621,0
              17.2780395,47.8417863,0
              17.2760546,47.8432121,0
            </coordinates>
          </LinearRing>
        </outerBoundaryIs>
      </Polygon>
    </Placemark>
    <Placemark>
      <name>Vasút melletti</name>
      <Style>
        <LineStyle>
          <color>ff16c2da</color>
          <width>2</width>
        </LineStyle>
        <PolyStyle>
          <color>ff16c2da</color>
        </PolyStyle>
      </Style>
      <Polygon>
        <outerBoundaryIs>
          <LinearRing>
            <coordinates>
              17.2781897,47.8416639
              17.2735977,47.8394027,0
              17.2766447,47.8367382,0
              17.2816658,47.8392155,0
              17.2781897,47.8416639,0
            </coordinates>
          </LinearRing>
        </outerBoundaryIs>
      </Polygon>
    </Placemark>
    <Placemark>
      <name>Üzem mögött</name>
      <Style>
        <LineStyle>
          <color>ff563de4</color>
          <width>2</width>
        </LineStyle>
        <PolyStyle>
          <color>ff563de4</color>
        </PolyStyle>
      </Style>
      <Polygon>
        <outerBoundaryIs>
          <LinearRing>
            <coordinates>
              17.2290630465301,47.83829236154048
              17.22837413413313,47.83789356340259,0
              17.22824020160642,47.83764602124217,0
              17.22865376193744,47.83690544671651,0
              17.2286038799771,47.83627934978491,0
              17.23052020132435,47.83478680944435,0
              17.23049852243974,47.8347610481142,0
              17.23278355459123,47.83616764703214,0
              17.22970694351643,47.83860736593609,0
              17.22906304653012,47.83829236154048,0
            </coordinates>
          </LinearRing>
        </outerBoundaryIs>
      </Polygon>
    </Placemark>
    <Placemark>
      <name>Agg-Duna</name>
      <Style>
        <LineStyle>
          <color>ff151378</color>
          <width>2</width>
        </LineStyle>
        <PolyStyle>
          <color>ff151378</color>
        </PolyStyle>
      </Style>
      <Polygon>
        <outerBoundaryIs>
          <LinearRing>
            <coordinates>
              17.4186087,47.8920752
              17.4189734,47.8912694,0
              17.4225354,47.892032,0
              17.4228787,47.8926219,0
              17.4221063,47.8924349,0
              17.4218702,47.8927946,0
              17.4186087,47.8920752,0
            </coordinates>
          </LinearRing>
        </outerBoundaryIs>
      </Polygon>
    </Placemark>
    <Placemark>
      <name>Agg-Duna 4</name>
      <Style>
        <LineStyle>
          <color>ffb344aa</color>
          <width>2</width>
        </LineStyle>
        <PolyStyle>
          <color>ffb344aa</color>
        </PolyStyle>
      </Style>
      <Polygon>
        <outerBoundaryIs>
          <LinearRing>
            <coordinates>
              17.4191666,47.8908953
              17.4192953,47.8903918,0
              17.420733,47.8899025,0
              17.4215484,47.890032,0
              17.4169779,47.8859167,0
              17.4182224,47.8854707,0
              17.4196815,47.8868377,0
              17.4204326,47.8858592,0
              17.4211192,47.8855858,0
              17.4227715,47.8856002,0
              17.4222565,47.8862045,0
              17.4220204,47.8870247,0
              17.419982,47.8868809,0
              17.4198532,47.8874852,0
              17.420218,47.8879313,0
              17.4222136,47.8881903,0
              17.4219346,47.8903198,0
              17.421999,47.8910248,0
              17.4223638,47.8917299,0
              17.4191666,47.8908953,0
            </coordinates>
          </LinearRing>
        </outerBoundaryIs>
      </Polygon>
    </Placemark>
    <Placemark>
      <name>Angol mellett</name>
      <Style>
        <LineStyle>
          <color>ff1c5d59</color>
          <width>2</width>
        </LineStyle>
        <PolyStyle>
          <color>ff1c5d59</color>
        </PolyStyle>
      </Style>
      <Polygon>
        <outerBoundaryIs>
          <LinearRing>
            <coordinates>
              17.4012709,47.8908018
              17.400434,47.890032,0
              17.4013567,47.8895788,0
              17.4023652,47.8904709,0
              17.4012709,47.8908018,0
            </coordinates>
          </LinearRing>
        </outerBoundaryIs>
      </Polygon>
    </Placemark>
    <Placemark>
      <name>Cinek</name>
      <Style>
        <LineStyle>
          <color>ff0bc5dc</color>
          <width>2</width>
        </LineStyle>
        <PolyStyle>
          <color>ff0bc5dc</color>
        </PolyStyle>
      </Style>
      <Polygon>
        <outerBoundaryIs>
          <LinearRing>
            <coordinates>
              17.3976016,47.8838662
              17.3976445,47.883787,0
              17.3979396,47.8836719,0
              17.398138,47.8835244,0
              17.3983365,47.8831359,0
              17.3986101,47.8830171,0
              17.3989588,47.882884,0
              17.3991197,47.8826574,0
              17.3989588,47.8824811,0
              17.3991197,47.8823156,0
              17.3998117,47.8818947,0
              17.4002409,47.881758,0
              17.4006164,47.8818047,0
              17.4008042,47.882366,0
              17.400713,47.8828409,0
              17.4003053,47.8830135,0
              17.3999619,47.8831431,0
              17.3999244,47.8832834,0
              17.3992217,47.8832474,0
              17.3988032,47.8834704,0
              17.398476,47.8835244,0
              17.3985618,47.8836467,0
              17.3976606,47.8838662,0
              17.3976016,47.8838662,0
            </coordinates>
          </LinearRing>
        </outerBoundaryIs>
      </Polygon>
    </Placemark>
    <Placemark>
      <name>Csöndérlósziget</name>
      <Style>
        <LineStyle>
          <color>ff401bdf</color>
          <width>2</width>
        </LineStyle>
        <PolyStyle>
          <color>ff401bdf</color>
        </PolyStyle>
      </Style>
      <Polygon>
        <outerBoundaryIs>
          <LinearRing>
            <coordinates>
              17.4039745,47.9030305
              17.4033844,47.9032319,0
              17.4021828,47.9033973,0
              17.4016356,47.9033398,0
              17.4009275,47.9031671,0
              17.4000263,47.9027644,0
              17.3990607,47.9015344,0
              17.3992646,47.9006857,0
              17.3994577,47.8998945,0
              17.3999405,47.8991824,0
              17.4006701,47.8985925,0
              17.4009168,47.8988371,0
              17.4039745,47.9030305,0
            </coordinates>
          </LinearRing>
        </outerBoundaryIs>
      </Polygon>
    </Placemark>
    <Placemark>
      <name>Csöndérlósziget56</name>
      <Style>
        <LineStyle>
          <color>ff0a8a00</color>
          <width>2</width>
        </LineStyle>
        <PolyStyle>
          <color>ff0a8a00</color>
        </PolyStyle>
      </Style>
      <Polygon>
        <outerBoundaryIs>
          <LinearRing>
            <coordinates>
              17.4051654,47.9045912
              17.4044895,47.9050084,0
              17.4038565,47.9052385,0
              17.4031913,47.9054039,0
              17.4023223,47.9054687,0
              17.4013889,47.9053176,0
              17.4007344,47.9050515,0
              17.4003911,47.90462,0
              17.4006057,47.9042244,0
              17.4013782,47.9034261,0
              17.4021077,47.9034692,0
              17.402848,47.9034045,0
              17.4040282,47.9031024,0
              17.4051654,47.9045912,0
            </coordinates>
          </LinearRing>
        </outerBoundaryIs>
      </Polygon>
    </Placemark>
    <Placemark>
      <name>Faluerdő</name>
      <Style>
        <LineStyle>
          <color>ff52e29e</color>
          <width>2</width>
        </LineStyle>
        <PolyStyle>
          <color>ff52e29e</color>
        </PolyStyle>
      </Style>
      <Polygon>
        <outerBoundaryIs>
          <LinearRing>
            <coordinates>
              17.4370093546624,47.88319699759597
              17.43643025273646,47.88230748663581
              17.4380244365139,47.88169194335607
              17.43860881812858,47.88247632551819
              17.43786353253596,47.88287530509322
              17.43700935466243,47.88319699759597
            </coordinates>
          </LinearRing>
        </outerBoundaryIs>
      </Polygon>
    </Placemark>
    <Placemark>
      <name>Félholdak</name>
      <Style>
        <LineStyle>
          <color>ffe4e92b</color>
          <width>2</width>
        </LineStyle>
        <PolyStyle>
          <color>ffe4e92b</color>
        </PolyStyle>
      </Style>
      <Polygon>
        <outerBoundaryIs>
          <LinearRing>
            <coordinates>
              17.392956,47.9099204
              17.3928058,47.9097047,0
              17.3928595,47.9093523,0
              17.3939645,47.907691,0
              17.3947906,47.9072235,0
              17.3949301,47.9067129,0
              17.3945868,47.9055334,0
              17.3958313,47.9051882,0
              17.3966789,47.9061375,0
              17.3966038,47.9066482,0
              17.3975158,47.9063821,0
              17.3982882,47.9072523,0
              17.3969686,47.9077126,0
              17.396518,47.9081513,0
              17.3954022,47.9089639,0
              17.3949838,47.9092588,0
              17.3935246,47.9098269,0
              17.392956,47.9099204,0
            </coordinates>
          </LinearRing>
        </outerBoundaryIs>
      </Polygon>
    </Placemark>
    <Placemark>
      <name>Gyöpföld</name>
      <Style>
        <LineStyle>
          <color>ff67c2b0</color>
          <width>2</width>
        </LineStyle>
        <PolyStyle>
          <color>ff67c2b0</color>
        </PolyStyle>
      </Style>
      <Polygon>
        <outerBoundaryIs>
          <LinearRing>
            <coordinates>
              17.3800063,47.8994773
              17.3831284,47.8976215,0
              17.3862183,47.8983839,0
              17.3875058,47.8987436,0
              17.3884606,47.8990673,0
              17.388922,47.899506,0
              17.3890507,47.9000455,0
              17.3890078,47.9005634,0
              17.388804,47.9011604,0
              17.388407,47.9015992,0
              17.3877096,47.9018149,0
              17.387141,47.902117,0
              17.386744,47.903311,0
              17.3800063,47.8994773,0
            </coordinates>
          </LinearRing>
        </outerBoundaryIs>
      </Polygon>
    </Placemark>
    <Placemark>
      <name>Gyümölcsösi lósziget 18</name>
      <Style>
        <LineStyle>
          <color>ff4173bb</color>
          <width>2</width>
        </LineStyle>
        <PolyStyle>
          <color>ff4173bb</color>
        </PolyStyle>
      </Style>
      <Polygon>
        <outerBoundaryIs>
          <LinearRing>
            <coordinates>
              17.4041891,47.9029945
              17.4058843,47.9024767,0
              17.4076653,47.9049652,0
              17.4074507,47.9054399,0
              17.4079227,47.9056125,0
              17.4066567,47.9061447,0
              17.4060988,47.905368,0
              17.4058199,47.9054255,0
              17.4041891,47.9029945,0
            </coordinates>
          </LinearRing>
        </outerBoundaryIs>
      </Polygon>
    </Placemark>
    <Placemark>
      <name>Gyümölcsösi-Lósziget</name>
      <Style>
        <LineStyle>
          <color>ff8d2078</color>
          <width>2</width>
        </LineStyle>
        <PolyStyle>
          <color>ff8d2078</color>
        </PolyStyle>
      </Style>
      <Polygon>
        <outerBoundaryIs>
          <LinearRing>
            <coordinates>
              17.4078798,47.9047638
              17.4068069,47.9032247,0
              17.4076653,47.9029226,0
              17.4092102,47.9030377,0
              17.4108624,47.9034117,0
              17.4116135,47.9031384,0
              17.4124932,47.903498,0
              17.413094,47.9040734,0
              17.4134374,47.9050228,0
              17.413373,47.9057132,0
              17.4132228,47.9063317,0
              17.4135661,47.9064468,0
              17.4138665,47.9060009,0
              17.4138236,47.904807,0
              17.4137592,47.9041885,0
              17.4131799,47.9038145,0
              17.412858,47.903498,0
              17.4142098,47.9029514,0
              17.4172568,47.9070941,0
              17.4157119,47.9075831,0
              17.4137592,47.9075687,0
              17.4109912,47.9041597,0
              17.409339,47.9049077,0
              17.4084163,47.9047207,0
              17.4078798,47.9047638,0
            </coordinates>
          </LinearRing>
        </outerBoundaryIs>
      </Polygon>
    </Placemark>
    <Placemark>
      <name>Hatrendes</name>
      <Style>
        <LineStyle>
          <color>ffdc3b32</color>
          <width>2</width>
        </LineStyle>
        <PolyStyle>
          <color>ffdc3b32</color>
        </PolyStyle>
      </Style>
      <Polygon>
        <outerBoundaryIs>
          <LinearRing>
            <coordinates>
              17.4056214,47.896769
              17.4043286,47.897082,0
              17.4037814,47.8965892,0
              17.4048382,47.8959562,0
              17.4056214,47.896769,0
            </coordinates>
          </LinearRing>
        </outerBoundaryIs>
      </Polygon>
    </Placemark>
    <Placemark>
      <name>Hétrendes</name>
      <Style>
        <LineStyle>
          <color>ff7bf0f2</color>
          <width>2</width>
        </LineStyle>
        <PolyStyle>
          <color>ff7bf0f2</color>
        </PolyStyle>
      </Style>
      <Polygon>
        <outerBoundaryIs>
          <LinearRing>
            <coordinates>
              17.4175894,47.9072451
              17.414757,47.9035052,0
              17.4170423,47.9027212,0
              17.4175036,47.9033398,0
              17.4182761,47.9040446,0
              17.4190593,47.9038432,0
              17.4196815,47.9038216,0
              17.4198747,47.9040734,0
              17.419821,47.9043323,0
              17.4199283,47.9049652,0
              17.419821,47.9054399,0
              17.4200356,47.9058786,0
              17.4202931,47.9062023,0
              17.4204969,47.9064396,0
              17.4204648,47.9065187,0
              17.4175894,47.9072451,0
            </coordinates>
          </LinearRing>
        </outerBoundaryIs>
      </Polygon>
    </Placemark>
    <Placemark>
      <name>Hétrendes 36</name>
      <Style>
        <LineStyle>
          <color>ff9d2174</color>
          <width>2</width>
        </LineStyle>
        <PolyStyle>
          <color>ff9d2174</color>
        </PolyStyle>
      </Style>
      <Polygon>
        <outerBoundaryIs>
          <LinearRing>
            <coordinates>
              17.4170959,47.9025558
              17.4169135,47.9027068,0
              17.4166024,47.9026637,0
              17.4163556,47.9024191,0
              17.4158406,47.9021458,0
              17.4153042,47.9023975,0
              17.4142313,47.9027859,0
              17.4132013,47.9013114,0
              17.4168062,47.9001246,0
              17.4169993,47.900923,0
              17.4173105,47.9014337,0
              17.4179864,47.9022393,0
              17.4170959,47.9025558,0
            </coordinates>
          </LinearRing>
        </outerBoundaryIs>
      </Polygon>
    </Placemark>
    <Placemark>
      <name>Hosszúosztály 1</name>
      <Style>
        <LineStyle>
          <color>ffdc02bc</color>
          <width>2</width>
        </LineStyle>
        <PolyStyle>
          <color>ffdc02bc</color>
        </PolyStyle>
      </Style>
      <Polygon>
        <outerBoundaryIs>
          <LinearRing>
            <coordinates>
              17.364471,47.8977869
              17.3651147,47.8974992,0
              17.3725605,47.9017574,0
              17.37432,47.9011388,0
              17.3756075,47.9002757,0
              17.3766375,47.9009087,0
              17.3722386,47.9022321,0
              17.364471,47.8977869,0
            </coordinates>
          </LinearRing>
        </outerBoundaryIs>
      </Polygon>
    </Placemark>
    <Placemark>
      <name>Hosszúosztály 2</name>
      <Style>
        <LineStyle>
          <color>ff5c2314</color>
          <width>2</width>
        </LineStyle>
        <PolyStyle>
          <color>ff5c2314</color>
        </PolyStyle>
      </Style>
      <Polygon>
        <outerBoundaryIs>
          <LinearRing>
            <coordinates>
              17.3699427,47.9030089
              17.3620677,47.8986645,0
              17.3639131,47.8978732,0
              17.3718953,47.9023616,0
              17.3699427,47.9030089,0
            </coordinates>
          </LinearRing>
        </outerBoundaryIs>
      </Polygon>
    </Placemark>
    <Placemark>
      <name>Hosszúosztály 3</name>
      <Style>
        <LineStyle>
          <color>ffe7f23a</color>
          <width>2</width>
        </LineStyle>
        <PolyStyle>
          <color>ffe7f23a</color>
        </PolyStyle>
      </Style>
      <Polygon>
        <outerBoundaryIs>
          <LinearRing>
            <coordinates>
              17.3620248,47.9054111
              17.3582053,47.9029514,0
              17.3591065,47.9025342,0
              17.3597074,47.902189,0
              17.3600936,47.9015272,0
              17.360909,47.9006785,0
              17.3613596,47.8993262,0
              17.368505,47.9034261,0
              17.3622608,47.9053392,0
              17.3620248,47.9054111,0
            </coordinates>
          </LinearRing>
        </outerBoundaryIs>
      </Polygon>
    </Placemark>
    <Placemark>
      <name>Irtás</name>
      <Style>
        <LineStyle>
          <color>ff466812</color>
          <width>2</width>
        </LineStyle>
        <PolyStyle>
          <color>ff466812</color>
        </PolyStyle>
      </Style>
      <Polygon>
        <outerBoundaryIs>
          <LinearRing>
            <coordinates>
              17.4251103,47.8742454
              17.4244452,47.872547,0
              17.4257755,47.8721152,0
              17.426033,47.8720144,0
              17.4260116,47.8715826,0
              17.4262691,47.8713955,0
              17.4261189,47.8710788,0
              17.4296808,47.8705751,0
              17.4299598,47.8707766,0
              17.4300885,47.871194,0
              17.4291444,47.8721584,0
              17.4289727,47.8736984,0
              17.4253464,47.8742454,0
              17.4251103,47.8742454,0
            </coordinates>
          </LinearRing>
        </outerBoundaryIs>
      </Polygon>
    </Placemark>
    <Placemark>
      <name>Irtás 13</name>
      <Style>
        <LineStyle>
          <color>ffc0d53d</color>
          <width>2</width>
        </LineStyle>
        <PolyStyle>
          <color>ffc0d53d</color>
        </PolyStyle>
      </Style>
      <Polygon>
        <outerBoundaryIs>
          <LinearRing>
            <coordinates>
              17.4308717,47.8711508
              17.4307215,47.8709421,0
              17.4299061,47.8704383,0
              17.4333286,47.869841,0
              17.4334681,47.8702368,0
              17.4308717,47.8711508,0
            </coordinates>
          </LinearRing>
        </outerBoundaryIs>
      </Polygon>
    </Placemark>
    <Placemark>
      <name>Jegyzőföld 1</name>
      <Style>
        <LineStyle>
          <color>ff6a79c4</color>
          <width>2</width>
        </LineStyle>
        <PolyStyle>
          <color>ff6a79c4</color>
        </PolyStyle>
      </Style>
      <Polygon>
        <outerBoundaryIs>
          <LinearRing>
            <coordinates>
              17.4070215,47.8810528
              17.4057126,47.879772,0
              17.407515,47.8755119,0
              17.4081373,47.8744037,0
              17.4094033,47.8748499,0
              17.4129224,47.8788797,0
              17.4070215,47.8810528,0
            </coordinates>
          </LinearRing>
        </outerBoundaryIs>
      </Polygon>
    </Placemark>
    <Placemark>
      <name>Jegyzőföld 2</name>
      <Style>
        <LineStyle>
          <color>ffedc1d7</color>
          <width>2</width>
        </LineStyle>
        <PolyStyle>
          <color>ffedc1d7</color>
        </PolyStyle>
      </Style>
      <Polygon>
        <outerBoundaryIs>
          <LinearRing>
            <coordinates>
              17.4214196,47.8785199
              17.4199176,47.8764475,0
              17.4214411,47.874706,0
              17.4214625,47.8737272,0
              17.4225998,47.8720288,0
              17.4236512,47.8707046,0
              17.4238014,47.870719,0
              17.4250245,47.8743749,0
              17.4258184,47.8766346,0
              17.4260545,47.8790812,0
              17.4219131,47.8785487,0
              17.4214196,47.8785199,0
            </coordinates>
          </LinearRing>
        </outerBoundaryIs>
      </Polygon>
    </Placemark>
    <Placemark>
      <name>Kápolna-Déllő</name>
      <Style>
        <LineStyle>
          <color>ffd9f267</color>
          <width>2</width>
        </LineStyle>
        <PolyStyle>
          <color>ffd9f267</color>
        </PolyStyle>
      </Style>
      <Polygon>
        <outerBoundaryIs>
          <LinearRing>
            <coordinates>
              17.3784614,47.9003476
              17.3837614,47.903872,0
              17.3827744,47.9047063,0
              17.3828387,47.9052241,0
              17.3837399,47.906116,0
              17.3826456,47.9074249,0
              17.3808217,47.9086043,0
              17.3796415,47.909266,0
              17.3784828,47.9090358,0
              17.3770452,47.9079139,0
              17.3765302,47.9072523,0
              17.3764229,47.9063173,0
              17.3757792,47.9055981,0
              17.3751998,47.9052241,0
              17.374835,47.9043179,0
              17.3735905,47.904246,0
              17.3723888,47.9041741,0
              17.3719168,47.9037281,0
              17.3704576,47.9033541,0
              17.3698354,47.903124,0
              17.3779893,47.9006497,0
              17.3784614,47.9003476,0
            </coordinates>
          </LinearRing>
        </outerBoundaryIs>
      </Polygon>
    </Placemark>
    <Placemark>
      <name>Kilva 31</name>
      <Style>
        <LineStyle>
          <color>ffe539ac</color>
          <width>2</width>
        </LineStyle>
        <PolyStyle>
          <color>ffe539ac</color>
        </PolyStyle>
      </Style>
      <Polygon>
        <outerBoundaryIs>
          <LinearRing>
            <coordinates>
              17.3943186,47.8931471
              17.3910141,47.8959886,0
              17.3896837,47.8955282,0
              17.3893619,47.8953843,0
              17.389276,47.8952332,0
              17.3895764,47.8948304,0
              17.390027,47.8945427,0
              17.3909819,47.8942621,0
              17.3920548,47.8940031,0
              17.3939002,47.8930679,0
              17.3943186,47.8931471,0
            </coordinates>
          </LinearRing>
        </outerBoundaryIs>
      </Polygon>
    </Placemark>
    <Placemark>
      <name>Kilva 61</name>
      <Style>
        <LineStyle>
          <color>ff7d64f1</color>
          <width>2</width>
        </LineStyle>
        <PolyStyle>
          <color>ff7d64f1</color>
        </PolyStyle>
      </Style>
      <Polygon>
        <outerBoundaryIs>
          <LinearRing>
            <coordinates>
              17.3941818,47.8933161
              17.3943293,47.8933989,0
              17.3936588,47.8939995,0
              17.3932725,47.8946182,0
              17.3930418,47.8951397,0
              17.3926234,47.895762,0
              17.3922586,47.8961792,0
              17.3919904,47.8963123,0
              17.391057,47.896003,0
              17.3941818,47.8933161,0
            </coordinates>
          </LinearRing>
        </outerBoundaryIs>
      </Polygon>
    </Placemark>
    <Placemark>
      <name>Kis-Makkszeg</name>
      <Style>
        <LineStyle>
          <color>ffc4553f</color>
          <width>2</width>
        </LineStyle>
        <PolyStyle>
          <color>ffc4553f</color>
        </PolyStyle>
      </Style>
      <Polygon>
        <outerBoundaryIs>
          <LinearRing>
            <coordinates>
              17.4349755393501,47.87883912617404
              17.43542347851972,47.87871792026119,0
              17.43570520187916,47.87896301876339,0
              17.43592914552861,47.87885397762616,0
              17.43567679694863,47.87859810989426,0
              17.43607328463956,47.87845692836881,0
              17.43857724761718,47.88082782897318,0
              17.43742037244904,47.88115938038933,0
              17.43497553935019,47.87883912617404,0
            </coordinates>
          </LinearRing>
        </outerBoundaryIs>
      </Polygon>
    </Placemark>
    <Placemark>
      <name>Kishosszúosztály</name>
      <Style>
        <LineStyle>
          <color>ff5c8ff0</color>
          <width>2</width>
        </LineStyle>
        <PolyStyle>
          <color>ff5c8ff0</color>
        </PolyStyle>
      </Style>
      <Polygon>
        <outerBoundaryIs>
          <LinearRing>
            <coordinates>
              17.3646383026847,47.90471601638838
              17.36489638434246,47.90510864654475,0
              17.36565121221441,47.90627356626949,0
              17.36595977030966,47.90676377037727,0
              17.3658013,47.90710850000001,0
              17.3653078,47.90781329999999,0
              17.3648572,47.90797150000001,0
              17.3642993,47.9076694,0
              17.3635054,47.9074968,0
              17.3620248,47.90743929999999,0
              17.3608875,47.90754,0
              17.3597932,47.9065906,0
              17.361145,47.9057276,0
              17.36463830268474,47.90471601638838,0
            </coordinates>
          </LinearRing>
        </outerBoundaryIs>
      </Polygon>
    </Placemark>
    <Placemark>
      <name>Kohány 49</name>
      <Style>
        <LineStyle>
          <color>ffd79ccc</color>
          <width>2</width>
        </LineStyle>
        <PolyStyle>
          <color>ffd79ccc</color>
        </PolyStyle>
      </Style>
      <Polygon>
        <outerBoundaryIs>
          <LinearRing>
            <coordinates>
              17.3848987,47.8830243
              17.3821521,47.8812687,0
              17.3843622,47.8800166,0
              17.3860359,47.8789948,0
              17.387023,47.8781169,0
              17.3878598,47.8774837,0
              17.3897481,47.8773542,0
              17.3919582,47.8779298,0
              17.3933315,47.8784911,0
              17.394104,47.8790236,0
              17.3939967,47.8799015,0
              17.393868,47.8802325,0
              17.3931813,47.8803476,0
              17.3924947,47.8809521,0
              17.3912501,47.8815997,0
              17.3891258,47.882938,0
              17.3879242,47.8825782,0
              17.3865938,47.8825926,0
              17.3855639,47.8828229,0
              17.3848987,47.8830243,0
            </coordinates>
          </LinearRing>
        </outerBoundaryIs>
      </Polygon>
    </Placemark>
    <Placemark>
      <name>Kohány fű 50</name>
      <Style>
        <LineStyle>
          <color>ff379008</color>
          <width>2</width>
        </LineStyle>
        <PolyStyle>
          <color>ff379008</color>
        </PolyStyle>
      </Style>
      <Polygon>
        <outerBoundaryIs>
          <LinearRing>
            <coordinates>
              17.3906386,47.8836503
              17.3904026,47.8834776,0
              17.3899841,47.883305,0
              17.3891258,47.882938,0
              17.3911643,47.881722,0
              17.391057,47.882938,0
              17.3910892,47.8835424,0
              17.3906386,47.8836503,0
            </coordinates>
          </LinearRing>
        </outerBoundaryIs>
      </Polygon>
    </Placemark>
    <Placemark>
      <name>Kölesföld 38</name>
      <Style>
        <LineStyle>
          <color>ff33b980</color>
          <width>2</width>
        </LineStyle>
        <PolyStyle>
          <color>ff33b980</color>
        </PolyStyle>
      </Style>
      <Polygon>
        <outerBoundaryIs>
          <LinearRing>
            <coordinates>
              17.3938251,47.8924637
              17.3929882,47.89255,0
              17.3886752,47.89396,0
              17.3871732,47.8931111,0
              17.3866153,47.8927802,0
              17.3860574,47.8924061,0
              17.385993,47.8916148,0
              17.384727,47.8891687,0
              17.3852205,47.8880464,0
              17.385478,47.8874996,0
              17.385993,47.8872694,0
              17.3863578,47.8874852,0
              17.3876882,47.8881615,0
              17.38904,47.8885068,0
              17.3902202,47.8901615,0
              17.3919153,47.8895428,0
              17.3928809,47.8907946,0
              17.3935032,47.8908953,0
              17.3936319,47.8911112,0
              17.393117,47.8914565,0
              17.3931384,47.8916291,0
              17.3937392,47.8916148,0
              17.3938251,47.8924637,0
            </coordinates>
          </LinearRing>
        </outerBoundaryIs>
      </Polygon>
    </Placemark>
    <Placemark>
      <name>Kölesföld 39</name>
      <Style>
        <LineStyle>
          <color>ff3cf220</color>
          <width>2</width>
        </LineStyle>
        <PolyStyle>
          <color>ff3cf220</color>
        </PolyStyle>
      </Style>
      <Polygon>
        <outerBoundaryIs>
          <LinearRing>
            <coordinates>
              17.3924518,47.889363
              17.3915935,47.888327,0
              17.3922265,47.8878737,0
              17.3929453,47.8877442,0
              17.3934603,47.8874636,0
              17.3939967,47.8871327,0
              17.394222,47.8866003,0
              17.3971832,47.8865499,0
              17.3971832,47.8866938,0
              17.3957884,47.8873773,0
              17.3937178,47.8886579,0
              17.3930955,47.8890752,0
              17.3924518,47.889363,0
            </coordinates>
          </LinearRing>
        </outerBoundaryIs>
      </Polygon>
    </Placemark>
    <Placemark>
      <name>Kölesföld tó 43</name>
      <Style>
        <LineStyle>
          <color>ffa3989b</color>
          <width>2</width>
        </LineStyle>
        <PolyStyle>
          <color>ffa3989b</color>
        </PolyStyle>
      </Style>
      <Polygon>
        <outerBoundaryIs>
          <LinearRing>
            <coordinates>
              17.3966038,47.8870895
              17.398932,47.8892335,0
              17.3989105,47.8893917,0
              17.3978269,47.8897587,0
              17.3953164,47.8907371,0
              17.3951018,47.8905356,0
              17.3943937,47.8908522,0
              17.3931277,47.8895141,0
              17.3930955,47.8892766,0
              17.3935997,47.8888738,0
              17.3949194,47.8880032,0
              17.3966038,47.8870895,0
            </coordinates>
          </LinearRing>
        </outerBoundaryIs>
      </Polygon>
    </Placemark>
    <Placemark>
      <name>Kölesföld fű</name>
      <Style>
        <LineStyle>
          <color>ff4f9e61</color>
          <width>2</width>
        </LineStyle>
        <PolyStyle>
          <color>ff4f9e61</color>
        </PolyStyle>
      </Style>
      <Polygon>
        <outerBoundaryIs>
          <LinearRing>
            <coordinates>
              17.3918295,47.8939024
              17.3912716,47.8932766,0
              17.3916042,47.8931579,0
              17.392087,47.8929313,0
              17.392661,47.8927586,0
              17.3932993,47.8926687,0
              17.3931921,47.8932945,0
              17.3918295,47.8939024,0
            </coordinates>
          </LinearRing>
        </outerBoundaryIs>
      </Polygon>
    </Placemark>
    <Placemark>
      <name>Külső lósziget 55</name>
      <Style>
        <LineStyle>
          <color>ffce7255</color>
          <width>2</width>
        </LineStyle>
        <PolyStyle>
          <color>ffce7255</color>
        </PolyStyle>
      </Style>
      <Polygon>
        <outerBoundaryIs>
          <LinearRing>
            <coordinates>
              17.3998225,47.9056629
              17.4002194,47.9053033,0
              17.4002945,47.9051666,0
              17.4008739,47.9054183,0
              17.4016035,47.9056413,0
              17.4025905,47.9056844,0
              17.4032986,47.9055766,0
              17.4040496,47.9054111,0
              17.404629,47.905181,0
              17.4053371,47.9047926,0
              17.4061954,47.9060512,0
              17.407161,47.9072882,0
              17.4042642,47.9072307,0
              17.4030519,47.9070725,0
              17.4021614,47.9068208,0
              17.3998225,47.9056629,0
            </coordinates>
          </LinearRing>
        </outerBoundaryIs>
      </Polygon>
    </Placemark>
    <Placemark>
      <name>Lucska 16</name>
      <Style>
        <LineStyle>
          <color>fff32b24</color>
          <width>2</width>
        </LineStyle>
        <PolyStyle>
          <color>fff32b24</color>
        </PolyStyle>
      </Style>
      <Polygon>
        <outerBoundaryIs>
          <LinearRing>
            <coordinates>
              17.369771,47.9001462
              17.3651147,47.8974992,0
              17.3665738,47.8969525,0
              17.3670459,47.8962188,0
              17.367003,47.8947225,0
              17.3676038,47.8937585,0
              17.3692346,47.8933125,0
              17.3705864,47.8934708,0
              17.3719811,47.8935283,0
              17.3733974,47.8937442,0
              17.3741698,47.8933845,0
              17.3757792,47.8944204,0
              17.3712516,47.8971971,0
              17.3735476,47.8987939,0
              17.3736334,47.899168,0
              17.374084,47.8996571,0
              17.3741484,47.9000167,0
              17.3741269,47.9004052,0
              17.3737192,47.9007216,0
              17.3731613,47.9009087,0
              17.3723888,47.9008799,0
              17.3717237,47.900736,0
              17.3709512,47.9002613,0
              17.3711872,47.9001174,0
              17.3705649,47.8996571,0
            </coordinates>
          </LinearRing>
        </outerBoundaryIs>
      </Polygon>
    </Placemark>
    <Placemark>
      <name>Marsaltag bal 53</name>
      <Style>
        <LineStyle>
          <color>ff8e960c</color>
          <width>2</width>
        </LineStyle>
        <PolyStyle>
          <color>ff8e960c</color>
        </PolyStyle>
      </Style>
      <Polygon>
        <outerBoundaryIs>
          <LinearRing>
            <coordinates>
              17.394104,47.8760445
              17.3952842,47.8749075,0
              17.3962927,47.8756559,0
              17.3975158,47.8763611,0
              17.3979878,47.8760157,0
              17.3983955,47.8761452,0
              17.4002624,47.8768936,0
              17.4006271,47.8765194,0
              17.3999405,47.876174,0
              17.4005842,47.8755983,0
              17.4011636,47.8754832,0
              17.4017,47.8755695,0
              17.4030948,47.8757854,0
              17.4035668,47.8757278,0
              17.4040604,47.8757854,0
              17.4042964,47.8760589,0
              17.4044466,47.8767209,0
              17.4047899,47.8772534,0
              17.4032235,47.8792683,0
              17.394104,47.8760445,0
            </coordinates>
          </LinearRing>
        </outerBoundaryIs>
      </Polygon>
    </Placemark>
    <Placemark>
      <name>Marsaltag jobb</name>
      <Style>
        <LineStyle>
          <color>ff2ffa49</color>
          <width>2</width>
        </LineStyle>
        <PolyStyle>
          <color>ff2ffa49</color>
        </PolyStyle>
      </Style>
      <Polygon>
        <outerBoundaryIs>
          <LinearRing>
            <coordinates>
              17.3940825,47.8761884
              17.4045753,47.8799591,0
              17.4035454,47.880765,0
              17.4003482,47.8812974,0
              17.3986745,47.8818011,0
              17.3973441,47.8824775,0
              17.3963141,47.8825638,0
              17.3956919,47.8827365,0
              17.3951769,47.8830387,0
              17.3949194,47.882938,0
              17.3942757,47.8832546,0
              17.3933959,47.8829092,0
              17.3926663,47.883269,0
              17.391572,47.8828373,0
              17.3916578,47.881945,0
              17.3924732,47.8814126,0
              17.3937607,47.8808082,0
              17.3945332,47.8797144,0
              17.3941684,47.8785919,0
              17.393074,47.8779874,0
              17.3916364,47.8775557,0
              17.3929882,47.87698,0
              17.3940825,47.8761884,0
            </coordinates>
          </LinearRing>
        </outerBoundaryIs>
      </Polygon>
    </Placemark>
    <Placemark>
      <name>Mázsaház mögött 45</name>
      <Style>
        <LineStyle>
          <color>ffe57d88</color>
          <width>2</width>
        </LineStyle>
        <PolyStyle>
          <color>ffe57d88</color>
        </PolyStyle>
      </Style>
      <Polygon>
        <outerBoundaryIs>
          <LinearRing>
            <coordinates>
              17.397446,47.8864312
              17.3973173,47.8862441,0
              17.3973066,47.886147,0
              17.3973548,47.8860858,0
              17.3973548,47.8859024,0
              17.3971993,47.8857441,0
              17.3970491,47.885629,0
              17.3969579,47.8853843,0
              17.3969954,47.8853376,0
              17.3972744,47.88528,0
              17.3976713,47.8852081,0
              17.3980522,47.8851181,0
              17.3986369,47.8850677,0
              17.398755,47.8851865,0
              17.3989213,47.8854779,0
              17.398991,47.8857333,0
              17.3988193,47.8859239,0
              17.3985189,47.8860499,0
              17.3983204,47.8862621,0
              17.397961,47.8864276,0
              17.397446,47.8864312,0
            </coordinates>
          </LinearRing>
        </outerBoundaryIs>
      </Polygon>
    </Placemark>
    <Placemark>
      <name>Makkszeg</name>
      <Style>
        <LineStyle>
          <color>ffa2a6f2</color>
          <width>2</width>
        </LineStyle>
        <PolyStyle>
          <color>ffa2a6f2</color>
        </PolyStyle>
      </Style>
      <Polygon>
        <outerBoundaryIs>
          <LinearRing>
            <coordinates>
              17.4363070341177,47.88336228042702
              17.43466977835528,47.88315910217387,0
              17.43286235310521,47.88286240129665,0
              17.4352790801525,47.88204692161181,0
              17.43630703411773,47.88336228042702,0
            </coordinates>
          </LinearRing>
        </outerBoundaryIs>
      </Polygon>
    </Placemark>
    <Placemark>
      <name>Orbánlucska PM</name>
      <Style>
        <LineStyle>
          <color>ffe45936</color>
          <width>2</width>
        </LineStyle>
        <PolyStyle>
          <color>ffe45936</color>
        </PolyStyle>
      </Style>
      <Polygon>
        <outerBoundaryIs>
          <LinearRing>
            <coordinates>
              17.3781824,47.8958879
              17.3741269,47.8933197,0
              17.3751891,47.8924924,0
              17.3777103,47.8908306,0
              17.379384,47.8916795,0
              17.3799419,47.8921903,0
              17.3802423,47.8931543,0
              17.3803174,47.8938377,0
              17.3798561,47.8943484,0
              17.3795021,47.8946937,0
              17.3794484,47.8950606,0
              17.3790836,47.8953412,0
              17.3781824,47.8958879,0
            </coordinates>
          </LinearRing>
        </outerBoundaryIs>
      </Polygon>
    </Placemark>
    <Placemark>
      <name>Pajtaföld telek B 60</name>
      <Style>
        <LineStyle>
          <color>ff7b39ea</color>
          <width>2</width>
        </LineStyle>
        <PolyStyle>
          <color>ff7b39ea</color>
        </PolyStyle>
      </Style>
      <Polygon>
        <outerBoundaryIs>
          <LinearRing>
            <coordinates>
              17.3868406,47.9038145
              17.3870015,47.9034045,0
              17.3893833,47.9033469,0
              17.3887503,47.9039727,0
              17.3879778,47.9039727,0
              17.3875165,47.9038145,0
              17.3868406,47.9038145,0
            </coordinates>
          </LinearRing>
        </outerBoundaryIs>
      </Polygon>
    </Placemark>
    <Placemark>
      <name>Paptag-PB</name>
      <Style>
        <LineStyle>
          <color>ff3df99a</color>
          <width>2</width>
        </LineStyle>
        <PolyStyle>
          <color>ff3df99a</color>
        </PolyStyle>
      </Style>
      <Polygon>
        <outerBoundaryIs>
          <LinearRing>
            <coordinates>
              17.4072361,47.875037
              17.4062276,47.8747995,0
              17.4061954,47.8745548,0
              17.4055409,47.8744757,0
              17.4054122,47.8746412,0
              17.4051225,47.8745764,0
              17.4047577,47.8750082,0
              17.4042428,47.8753896,0
              17.4036956,47.8753752,0
              17.4028265,47.87544,0
              17.4019039,47.8752745,0
              17.4020541,47.8747779,0
              17.4027944,47.8748859,0
              17.4047363,47.8722951,0
              17.4084377,47.8731083,0
              17.4072361,47.875037,0
            </coordinates>
          </LinearRing>
        </outerBoundaryIs>
      </Polygon>
    </Placemark>
    <Placemark>
      <name>Püski föld</name>
      <Style>
        <LineStyle>
          <color>ffeb72bc</color>
          <width>2</width>
        </LineStyle>
        <PolyStyle>
          <color>ffeb72bc</color>
        </PolyStyle>
      </Style>
      <Polygon>
        <outerBoundaryIs>
          <LinearRing>
            <coordinates>
              17.4186087,47.8796856
              17.4186146,47.8796928,0
              17.4183171,47.8798101,0
              17.4186087,47.8796856,0
              17.4213338,47.8786207,0
              17.4233937,47.8824631,0
              17.424767,47.8829524,0
              17.4221277,47.8839309,0
              17.4186146,47.8796928,0
              17.4213338,47.8786207,0
              17.4183171,47.8798101,0
              17.4176645,47.8800886,0
              17.4211621,47.8843195,0
              17.413094,47.8871111,0
              17.4102831,47.8841324,0
              17.4133301,47.8828804,0
              17.4125361,47.8820889,0
              17.4183171,47.8798101,0
            </coordinates>
          </LinearRing>
        </outerBoundaryIs>
      </Polygon>
    </Placemark>
    <Placemark>
      <name>Püski föld vége</name>
      <Style>
        <LineStyle>
          <color>ffcf4760</color>
          <width>2</width>
        </LineStyle>
        <PolyStyle>
          <color>ffcf4760</color>
        </PolyStyle>
      </Style>
      <Polygon>
        <outerBoundaryIs>
          <LinearRing>
            <coordinates>
              17.422229501261,47.88015608305661
              17.425288328123,47.88033891896098,0
              17.42524896458897,47.88094705603674,0
              17.42255480960131,47.8807789030215,0
              17.42222950126108,47.88015608305661,0
            </coordinates>
          </LinearRing>
        </outerBoundaryIs>
      </Polygon>
    </Placemark>
    <Placemark>
      <name>Remetei gyep</name>
      <Style>
        <LineStyle>
          <color>ff287588</color>
          <width>2</width>
        </LineStyle>
        <PolyStyle>
          <color>ff287588</color>
        </PolyStyle>
      </Style>
      <Polygon>
        <outerBoundaryIs>
          <LinearRing>
            <coordinates>
              17.4534345,47.8781529
              17.4535954,47.8774261,0
              17.4537456,47.876469,0
              17.4546146,47.8765626,0
              17.4556339,47.8768648,0
              17.4560738,47.8770951,0
              17.4562025,47.8770447,0
              17.4559772,47.8766633,0
              17.4569428,47.8760229,0
              17.4585092,47.8767281,0
              17.4588847,47.876577,0
              17.4597859,47.876944,0
              17.4605048,47.8774621,0
              17.460655,47.8782393,0
              17.4601722,47.878448,0
              17.4596894,47.8787502,0
              17.4575758,47.8790812,0
              17.4563527,47.8790668,0
              17.4535096,47.8781889,0
              17.4534345,47.8781529,0
            </coordinates>
          </LinearRing>
        </outerBoundaryIs>
      </Polygon>
    </Placemark>
    <Placemark>
      <name>Remetei gyep 34</name>
      <Style>
        <LineStyle>
          <color>ff9176f8</color>
          <width>2</width>
        </LineStyle>
        <PolyStyle>
          <color>ff9176f8</color>
        </PolyStyle>
      </Style>
      <Polygon>
        <outerBoundaryIs>
          <LinearRing>
            <coordinates>
              17.4532521,47.8781241
              17.4465466,47.8773254,0
              17.4465358,47.8772246,0
              17.4470615,47.8769584,0
              17.4477053,47.8766633,0
              17.448746,47.8764043,0
              17.4506021,47.876246,0
              17.4520934,47.876138,0
              17.4530482,47.876138,0
              17.4536061,47.8763611,0
              17.4534774,47.8773686,0
              17.4532521,47.8781241,0
            </coordinates>
          </LinearRing>
        </outerBoundaryIs>
      </Polygon>
    </Placemark>
    <Placemark>
      <name>Salamon 48</name>
      <Style>
        <LineStyle>
          <color>ff559820</color>
          <width>2</width>
        </LineStyle>
        <PolyStyle>
          <color>ff559820</color>
        </PolyStyle>
      </Style>
      <Polygon>
        <outerBoundaryIs>
          <LinearRing>
            <coordinates>
              17.3857945,47.8854383
              17.3851722,47.8844634,0
              17.3876774,47.883823,0
              17.3882836,47.8847656,0
              17.3857945,47.8854383,0
            </coordinates>
          </LinearRing>
        </outerBoundaryIs>
      </Polygon>
    </Placemark>
    <Placemark>
      <name>Sorjás</name>
      <Style>
        <LineStyle>
          <color>ffab6ecc</color>
          <width>2</width>
        </LineStyle>
        <PolyStyle>
          <color>ffab6ecc</color>
        </PolyStyle>
      </Style>
      <Polygon>
        <outerBoundaryIs>
          <LinearRing>
            <coordinates>
              17.4623716,47.8781745
              17.4621141,47.8782393,0
              17.4617708,47.8781025,0
              17.4611592,47.8776204,0
              17.4605048,47.8772174,0
              17.4598289,47.8765914,0
              17.4584234,47.8755911,0
              17.461642,47.8763827,0
              17.4658906,47.8771527,0
              17.4658585,47.8773182,0
              17.4623716,47.8781745,0
            </coordinates>
          </LinearRing>
        </outerBoundaryIs>
      </Polygon>
    </Placemark>
    <Placemark>
      <name>Szélesföld TSZ/1</name>
      <Style>
        <LineStyle>
          <color>ff473b80</color>
          <width>2</width>
        </LineStyle>
        <PolyStyle>
          <color>ff473b80</color>
        </PolyStyle>
      </Style>
      <Polygon>
        <outerBoundaryIs>
          <LinearRing>
            <coordinates>
              17.4302387,47.8779298
              17.4281144,47.8752961,0
              17.4302387,47.8740727,0
              17.4317408,47.8735833,0
              17.4338865,47.8764475,0
              17.4302387,47.8779298,0
            </coordinates>
          </LinearRing>
        </outerBoundaryIs>
      </Polygon>
    </Placemark>
    <Placemark>
      <name>Szélesföld TSZ/2</name>
      <Style>
        <LineStyle>
          <color>ffedae60</color>
          <width>2</width>
        </LineStyle>
        <PolyStyle>
          <color>ffedae60</color>
        </PolyStyle>
      </Style>
      <Polygon>
        <outerBoundaryIs>
          <LinearRing>
            <coordinates>
              17.4262476,47.8789661
              17.4259686,47.8766202,0
              17.4281359,47.8753392,0
              17.4302173,47.8780306,0
              17.4262476,47.8789661,0
            </coordinates>
          </LinearRing>
        </outerBoundaryIs>
      </Polygon>
    </Placemark>
    <Placemark>
      <name>Szélesföld TSZ/3</name>
      <Style>
        <LineStyle>
          <color>ff893795</color>
          <width>2</width>
        </LineStyle>
        <PolyStyle>
          <color>ff893795</color>
        </PolyStyle>
      </Style>
      <Polygon>
        <outerBoundaryIs>
          <LinearRing>
            <coordinates>
              17.4257326,47.8760373
              17.4256039,47.8756631,0
              17.4258077,47.8755695,0
              17.4261832,47.8753824,0
              17.4266875,47.8751665,0
              17.4273205,47.8747851,0
              17.4281251,47.8744253,0
              17.4291444,47.8740223,0
              17.4293911,47.8744541,0
              17.4280715,47.8752241,0
              17.4275887,47.8754832,0
              17.4270308,47.875771,0
              17.4264407,47.8759437,0
              17.4257326,47.8760373,0
            </coordinates>
          </LinearRing>
        </outerBoundaryIs>
      </Polygon>
    </Placemark>
    <Placemark>
      <name>Széleslapos</name>
      <Style>
        <LineStyle>
          <color>ff4cd35e</color>
          <width>2</width>
        </LineStyle>
        <PolyStyle>
          <color>ff4cd35e</color>
        </PolyStyle>
      </Style>
      <Polygon>
        <outerBoundaryIs>
          <LinearRing>
            <coordinates>
              17.3962712,47.898535
              17.3990393,47.9008223,0
              17.3990393,47.9015416,0
              17.4001551,47.9028507,0
              17.4012494,47.9032534,0
              17.4012494,47.9034548,0
              17.4003482,47.9042891,0
              17.4001765,47.9045193,0
              17.4002194,47.9051666,0
              17.3997688,47.9054831,0
              17.3994684,47.9055406,0
              17.3927951,47.9023616,0
              17.3962712,47.898535,0
            </coordinates>
          </LinearRing>
        </outerBoundaryIs>
      </Polygon>
    </Placemark>
    <Placemark>
      <name>Szérűskert</name>
      <Style>
        <LineStyle>
          <color>ff9fedd2</color>
          <width>2</width>
        </LineStyle>
        <PolyStyle>
          <color>ff9fedd2</color>
        </PolyStyle>
      </Style>
      <Polygon>
        <outerBoundaryIs>
          <LinearRing>
            <coordinates>
              17.3935086,47.8854419
              17.3938143,47.8847044,0
              17.3942435,47.8847692,0
              17.3943615,47.8849994,0
              17.3941469,47.8851325,0
              17.3940825,47.8853052,0
              17.3941737,47.8854239,0
              17.3943293,47.8854347,0
              17.3944098,47.8853807,0
              17.3951823,47.8853735,0
              17.3949462,47.8859203,0
              17.3949516,47.8860642,0
              17.3951769,47.8864456,0
              17.394222,47.8864312,0
              17.393927,47.8863305,0
              17.3937446,47.8859707,0
              17.3934603,47.8857693,0
              17.3932189,47.8856937,0
              17.3933423,47.885334,0
              17.3935086,47.8854419,0
            </coordinates>
          </LinearRing>
        </outerBoundaryIs>
      </Polygon>
    </Placemark>
    <Placemark>
      <name>Telek Bal 20</name>
      <Style>
        <LineStyle>
          <color>ff660cf5</color>
          <width>2</width>
        </LineStyle>
        <PolyStyle>
          <color>ff660cf5</color>
        </PolyStyle>
      </Style>
      <Polygon>
        <outerBoundaryIs>
          <LinearRing>
            <coordinates>
              17.4006486,47.8933413
              17.392602,47.9023472,0
              17.3921943,47.9022896,0
              17.391293,47.9022609,0
              17.3902845,47.9025917,0
              17.3893189,47.9032822,0
              17.3868942,47.9033541,0
              17.3871088,47.9025486,0
              17.3873448,47.902117,0
              17.3879671,47.9018869,0
              17.3887825,47.9015704,0
              17.3892975,47.9011388,0
              17.3894906,47.9005922,0
              17.3893189,47.8999592,0
              17.3891473,47.8991824,0
              17.3913145,47.8974992,0
              17.3919582,47.8973697,0
              17.3931384,47.8967511,0
              17.3939967,47.8959598,0
              17.3944902,47.8949383,0
              17.4006486,47.8933413,0
            </coordinates>
          </LinearRing>
        </outerBoundaryIs>
      </Polygon>
    </Placemark>
    <Placemark>
      <name>Telek Jobb</name>
      <Style>
        <LineStyle>
          <color>ffc34f4d</color>
          <width>2</width>
        </LineStyle>
        <PolyStyle>
          <color>ffc34f4d</color>
        </PolyStyle>
      </Style>
      <Polygon>
        <outerBoundaryIs>
          <LinearRing>
            <coordinates>
              17.3980625231454,47.89630791408987
              17.40162061036551,47.89227885086523,0
              17.40549225946437,47.89543465904717,0
              17.4032235,47.896636,0
              17.4006057,47.8984918,0
              17.39806252314541,47.89630791408987,0
            </coordinates>
          </LinearRing>
        </outerBoundaryIs>
      </Polygon>
    </Placemark>
    <Placemark>
      <name>Vajaslapos</name>
      <Style>
        <LineStyle>
          <color>ff370044</color>
          <width>2</width>
        </LineStyle>
        <PolyStyle>
          <color>ff370044</color>
        </PolyStyle>
      </Style>
      <Polygon>
        <outerBoundaryIs>
          <LinearRing>
            <coordinates>
              17.4169242,47.9000887
              17.4178576,47.899765,0
              17.4196279,47.9008295,0
              17.4216771,47.9032103,0
              17.4198961,47.9037857,0
              17.4196064,47.9035771,0
              17.4193382,47.9035555,0
              17.4184048,47.9039295,0
              17.4178469,47.903311,0
              17.4177074,47.9029226,0
              17.4173748,47.9026133,0
              17.4182224,47.9022609,0
              17.4173534,47.9012251,0
              17.4170208,47.9006066,0
              17.4169242,47.9000887,0
            </coordinates>
          </LinearRing>
        </outerBoundaryIs>
      </Polygon>
    </Placemark>
    <Placemark>
      <name>Vasvázas mögött</name>
      <Style>
        <LineStyle>
          <color>fff4b154</color>
          <width>2</width>
        </LineStyle>
        <PolyStyle>
          <color>fff4b154</color>
        </PolyStyle>
      </Style>
      <Polygon>
        <outerBoundaryIs>
          <LinearRing>
            <coordinates>
              17.3927468,47.8843123
              17.3924786,47.8849346,0
              17.3922426,47.8848699,0
              17.3925698,47.8843087,0
              17.3924249,47.8842727,0
              17.3922426,47.8844274,0
              17.3919421,47.8847152,0
              17.3915666,47.8850318,0
              17.3914325,47.8853591,0
              17.3911536,47.885226,0
              17.3910463,47.8850713,0
              17.3910302,47.8847692,0
              17.3909551,47.8845821,0
              17.3907834,47.8842871,0
              17.3906493,47.8840245,0
              17.3907351,47.883823,0
              17.3911053,47.8837223,0
              17.3915076,47.8837403,0
              17.3919475,47.883877,0
              17.3928595,47.8841144,0
              17.3939431,47.8842655,0
              17.3940504,47.8843878,0
              17.3945385,47.8843662,0
              17.3946297,47.8845137,0
              17.3949194,47.8844706,0
            </coordinates>
          </LinearRing>
        </outerBoundaryIs>
      </Polygon>
    </Placemark>
    <Placemark>
      <name>Világirét</name>
      <Style>
        <LineStyle>
          <color>ff34702e</color>
          <width>2</width>
        </LineStyle>
        <PolyStyle>
          <color>ff34702e</color>
        </PolyStyle>
      </Style>
      <Polygon>
        <outerBoundaryIs>
          <LinearRing>
            <coordinates>
              17.4242306,47.9032966
              17.4221921,47.9008223,0
              17.42275,47.9004915,0
              17.4226427,47.8999736,0
              17.4223208,47.8995708,0
              17.4220419,47.8994269,0
              17.4222779,47.8990817,0
              17.4230504,47.8989234,0
              17.4244881,47.900808,0
              17.424016,47.9010957,0
              17.4245524,47.9030952,0
              17.4242306,47.9032966,0
            </coordinates>
          </LinearRing>
        </outerBoundaryIs>
      </Polygon>
    </Placemark>
    <Placemark>
      <name>Vízeső</name>
      <Style>
        <LineStyle>
          <color>ff2a60eb</color>
          <width>2</width>
        </LineStyle>
        <PolyStyle>
          <color>ff2a60eb</color>
        </PolyStyle>
      </Style>
      <Polygon>
        <outerBoundaryIs>
          <LinearRing>
            <coordinates>
              17.4259686,47.8833121
              17.425561,47.8822472,0
              17.425518,47.8809233,0
              17.4304318,47.8797576,0
              17.4305606,47.8803332,0
              17.4307537,47.8812399,0
              17.4312043,47.8823048,0
              17.4310327,47.882607,0
              17.4294877,47.8825494,0
              17.4285865,47.8824919,0
              17.4259686,47.8833121,0
            </coordinates>
          </LinearRing>
        </outerBoundaryIs>
      </Polygon>
    </Placemark>
    <Placemark>
      <name>Jegyzőföld 3</name>
      <Style>
        <LineStyle>
          <color>ffbee648</color>
          <width>2</width>
        </LineStyle>
        <PolyStyle>
          <color>ffbee648</color>
        </PolyStyle>
      </Style>
      <Polygon>
        <outerBoundaryIs>
          <LinearRing>
            <coordinates>
              17.4095428,47.8749146
              17.4166453,47.87757,0
              17.4151218,47.8781601,0
              17.4169028,47.8801677,0
              17.4148321,47.8809736,0
              17.4095428,47.8749146,0
            </coordinates>
          </LinearRing>
        </outerBoundaryIs>
      </Polygon>
    </Placemark>
    <Placemark>
      <name>Telek Jobb Kis darab</name>
      <Style>
        <LineStyle>
          <color>ff6c7a65</color>
          <width>2</width>
        </LineStyle>
        <PolyStyle>
          <color>ff6c7a65</color>
        </PolyStyle>
      </Style>
      <Polygon>
        <outerBoundaryIs>
          <LinearRing>
            <coordinates>
              17.3993536936132,47.89953639343813
              17.39698663882601,47.89749387715048,0
              17.39799831648722,47.89635902078122,0
              17.4004459011327,47.89852326678164,0
              17.39935369361327,47.89953639343813,0
            </coordinates>
          </LinearRing>
        </outerBoundaryIs>
      </Polygon>
    </Placemark>
    <Placemark>
      <name>Autópályai</name>
      <Style>
        <LineStyle>
          <color>ffde8800</color>
          <width>2</width>
        </LineStyle>
        <PolyStyle>
          <color>ffde8800</color>
        </PolyStyle>
      </Style>
      <Polygon>
        <outerBoundaryIs>
          <LinearRing>
            <coordinates>
              17.2749067,47.8286138
              17.2744775,47.8259343,0
              17.2854639,47.816627,0
              17.288146,47.8178662,0
              17.2790695,47.8273317,0
              17.2749067,47.8286138,0
            </coordinates>
          </LinearRing>
        </outerBoundaryIs>
      </Polygon>
    </Placemark>
    <Placemark>
      <name>Biotechnikai - LM</name>
      <Style>
        <LineStyle>
          <color>ff392fe8</color>
          <width>2</width>
        </LineStyle>
        <PolyStyle>
          <color>ff392fe8</color>
        </PolyStyle>
      </Style>
      <Polygon>
        <outerBoundaryIs>
          <LinearRing>
            <coordinates>
              17.2356391,47.850398
              17.2393727,47.8473884,0
              17.2417867,47.848418,0
              17.2375918,47.8515643,0
              17.2356391,47.850398,0
            </coordinates>
          </LinearRing>
        </outerBoundaryIs>
      </Polygon>
    </Placemark>
    <Placemark>
      <name>Bírótanya - LM</name>
      <Style>
        <LineStyle>
          <color>ffab6c24</color>
          <width>2</width>
        </LineStyle>
        <PolyStyle>
          <color>ffab6c24</color>
        </PolyStyle>
      </Style>
      <Polygon>
        <outerBoundaryIs>
          <LinearRing>
            <coordinates>
              17.1662879,47.8304723
              17.1651936,47.8298673,0
              17.1708584,47.8242346,0
              17.1720386,47.8247244,0
              17.1662879,47.8304723,0
            </coordinates>
          </LinearRing>
        </outerBoundaryIs>
      </Polygon>
    </Placemark>
    <Placemark>
      <name>Károlyháza Szage hidró</name>
      <Style>
        <LineStyle>
          <color>ff9d7870</color>
          <width>2</width>
        </LineStyle>
        <PolyStyle>
          <color>ff9d7870</color>
        </PolyStyle>
      </Style>
      <Polygon>
        <outerBoundaryIs>
          <LinearRing>
            <coordinates>
              17.3499227,47.8037008
              17.3492789,47.8031531,0
              17.3580337,47.7981516,0
              17.3586774,47.798757,0
              17.3499227,47.8037008,0
            </coordinates>
          </LinearRing>
        </outerBoundaryIs>
      </Polygon>
    </Placemark>
    <Placemark>
      <name>Kavicsbányai - LM</name>
      <Style>
        <LineStyle>
          <color>ff6f945d</color>
          <width>2</width>
        </LineStyle>
        <PolyStyle>
          <color>ff6f945d</color>
        </PolyStyle>
      </Style>
      <Polygon>
        <outerBoundaryIs>
          <LinearRing>
            <coordinates>
              17.203002,47.8577916
              17.202208,47.8574245,0
              17.2069287,47.8534074,0
              17.2079051,47.8538754,0
              17.203002,47.8577916,0
            </coordinates>
          </LinearRing>
        </outerBoundaryIs>
      </Polygon>
    </Placemark>
    <Placemark>
      <name>Kicsi Krisztina</name>
      <Style>
        <LineStyle>
          <color>ff6b44e2</color>
          <width>2</width>
        </LineStyle>
        <PolyStyle>
          <color>ff6b44e2</color>
        </PolyStyle>
      </Style>
      <Polygon>
        <outerBoundaryIs>
          <LinearRing>
            <coordinates>
              17.235446,47.8557759
              17.2338581,47.8548689,0
              17.2358966,47.8533138,0
              17.2373986,47.8541921,0
              17.235446,47.8557759,0
            </coordinates>
          </LinearRing>
        </outerBoundaryIs>
      </Polygon>
    </Placemark>
    <Placemark>
      <name>Kozlik csatornapart</name>
      <Style>
        <LineStyle>
          <color>fffe14ee</color>
          <width>2</width>
        </LineStyle>
        <PolyStyle>
          <color>fffe14ee</color>
        </PolyStyle>
      </Style>
      <Polygon>
        <outerBoundaryIs>
          <LinearRing>
            <coordinates>
              17.2513247,47.8218934
              17.2549403,47.8191271,0
              17.2605193,47.8221599,0
              17.2568607,47.8250197,0
              17.2513247,47.8218934,0
            </coordinates>
          </LinearRing>
        </outerBoundaryIs>
      </Polygon>
    </Placemark>
    <Placemark>
      <name>Mosonszolnok belső</name>
      <Style>
        <LineStyle>
          <color>ffea2add</color>
          <width>2</width>
        </LineStyle>
        <PolyStyle>
          <color>ffea2add</color>
        </PolyStyle>
      </Style>
      <Polygon>
        <outerBoundaryIs>
          <LinearRing>
            <coordinates>
              17.1227932,47.8697402
              17.1221495,47.8668613,0
              17.1285868,47.8660551,0
              17.1294022,47.8689485,0
              17.1227932,47.8697402,0
            </coordinates>
          </LinearRing>
        </outerBoundaryIs>
      </Polygon>
    </Placemark>
    <Placemark>
      <name>Mosonszolnok külső</name>
      <Style>
        <LineStyle>
          <color>ffea9f6a</color>
          <width>2</width>
        </LineStyle>
        <PolyStyle>
          <color>ffea9f6a</color>
        </PolyStyle>
      </Style>
      <Polygon>
        <outerBoundaryIs>
          <LinearRing>
            <coordinates>
              17.1212053,47.8628737
              17.120347,47.8595481,0
              17.1266341,47.8587994,0
              17.1275568,47.8620963,0
              17.1212053,47.8628737,0
            </coordinates>
          </LinearRing>
        </outerBoundaryIs>
      </Polygon>
    </Placemark>
    <Placemark>
      <name>Nagy Krisztina</name>
      <Style>
        <LineStyle>
          <color>ff5d099e</color>
          <width>2</width>
        </LineStyle>
        <PolyStyle>
          <color>ff5d099e</color>
        </PolyStyle>
      </Style>
      <Polygon>
        <outerBoundaryIs>
          <LinearRing>
            <coordinates>
              17.2258973,47.8567694
              17.2305107,47.8532994,0
              17.2343516,47.8555312,0
              17.2301674,47.8587994,0
              17.2258973,47.8567694,0
            </coordinates>
          </LinearRing>
        </outerBoundaryIs>
      </Polygon>
    </Placemark>
    <Placemark>
      <name>Paprét út melletti</name>
      <Style>
        <LineStyle>
          <color>ffb37230</color>
          <width>2</width>
        </LineStyle>
        <PolyStyle>
          <color>ffb37230</color>
        </PolyStyle>
      </Style>
      <Polygon>
        <outerBoundaryIs>
          <LinearRing>
            <coordinates>
              17.2375274,47.9295136
              17.2398663,47.9258184,0
              17.2406602,47.9245243,0
              17.2411752,47.923259,0
              17.2411537,47.922425,0
              17.2424197,47.9234315,0
              17.2432995,47.9237766,0
              17.2443295,47.9245675,0
              17.244029,47.9254877,0
              17.2440076,47.9267818,0
              17.2435784,47.9299018,0
              17.2417545,47.9311814,0
              17.2375274,47.9295136,0
            </coordinates>
          </LinearRing>
        </outerBoundaryIs>
      </Polygon>
    </Placemark>
    <Placemark>
      <name>Sz. István puszta</name>
      <Style>
        <LineStyle>
          <color>fffb1bcc</color>
          <width>2</width>
        </LineStyle>
        <PolyStyle>
          <color>fffb1bcc</color>
        </PolyStyle>
      </Style>
      <Polygon>
        <outerBoundaryIs>
          <LinearRing>
            <coordinates>
              17.3244953,47.8200996
              17.3206758,47.8167857,0
              17.3274136,47.8130969,0
              17.3310184,47.8165551,0
              17.3244953,47.8200996,0
            </coordinates>
          </LinearRing>
        </outerBoundaryIs>
      </Polygon>
    </Placemark>
    <Placemark>
      <name>Vasút mellett - LM</name>
      <Style>
        <LineStyle>
          <color>ffb8a830</color>
          <width>2</width>
        </LineStyle>
        <PolyStyle>
          <color>ffb8a830</color>
        </PolyStyle>
      </Style>
      <Polygon>
        <outerBoundaryIs>
          <LinearRing>
            <coordinates>
              17.2863845530198,47.82610193378883
              17.28854008255067,47.82551440306326,0
              17.2956115910028,47.8307985134503,0
              17.29406188297421,47.831807927949,0
              17.2863845530198,47.82610193378883,0
            </coordinates>
          </LinearRing>
        </outerBoundaryIs>
      </Polygon>
    </Placemark>
    <Placemark>
      <name>Vasúti átjáró</name>
      <Style>
        <LineStyle>
          <color>ff3d3bdb</color>
          <width>2</width>
        </LineStyle>
        <PolyStyle>
          <color>ff3d3bdb</color>
        </PolyStyle>
      </Style>
      <Polygon>
        <outerBoundaryIs>
          <LinearRing>
            <coordinates>
              17.281698,47.8337782
              17.2841763,47.8321505,0
              17.2891545,47.8345344,0
              17.288028,47.8352042,0
              17.287631,47.835125,0
              17.2864187,47.836018,0
              17.281698,47.8337782,0
            </coordinates>
          </LinearRing>
        </outerBoundaryIs>
      </Polygon>
    </Placemark>
    <Placemark>
      <name>P.Z.Heveder Miklós</name>
      <Style>
        <LineStyle>
          <color>fffb4b58</color>
          <width>2</width>
        </LineStyle>
        <PolyStyle>
          <color>fffb4b58</color>
        </PolyStyle>
      </Style>
      <Polygon>
        <outerBoundaryIs>
          <LinearRing>
            <coordinates>
              17.3352610928603,47.87352604669154
              17.33700300931617,47.87217456043709,0
              17.34171173306464,47.87734883245723,0
              17.33972149912637,47.87825720256349,0
              17.33526109286033,47.87352604669154,0
            </coordinates>
          </LinearRing>
        </outerBoundaryIs>
      </Polygon>
    </Placemark>
    <Placemark>
      <name>Biotechnikai - SM</name>
      <Style>
        <LineStyle>
          <color>ff531de6</color>
          <width>2</width>
        </LineStyle>
        <PolyStyle>
          <color>ff531de6</color>
        </PolyStyle>
      </Style>
      <Polygon>
        <outerBoundaryIs>
          <LinearRing>
            <coordinates>
              17.2418189,47.8484684
              17.2431707,47.8490012,0
              17.2390187,47.8524283,0
              17.2375703,47.8516579,0
              17.2418189,47.8484684,0
            </coordinates>
          </LinearRing>
        </outerBoundaryIs>
      </Polygon>
    </Placemark>
    <Placemark>
      <name>Bírótanya - SM</name>
      <Style>
        <LineStyle>
          <color>ffe4db11</color>
          <width>2</width>
        </LineStyle>
        <PolyStyle>
          <color>ffe4db11</color>
        </PolyStyle>
      </Style>
      <Polygon>
        <outerBoundaryIs>
          <LinearRing>
            <coordinates>
              17.1643353,47.829464
              17.169764,47.8237447,0
              17.1709228,47.824249,0
              17.1652365,47.8299249,0
              17.1643353,47.829464,0
            </coordinates>
          </LinearRing>
        </outerBoundaryIs>
      </Polygon>
    </Placemark>
    <Placemark>
      <name>Kozlik nagy 1</name>
      <Style>
        <LineStyle>
          <color>ff5ce97d</color>
          <width>2</width>
        </LineStyle>
        <PolyStyle>
          <color>ff5ce97d</color>
        </PolyStyle>
      </Style>
      <Polygon>
        <outerBoundaryIs>
          <LinearRing>
            <coordinates>
              17.2728467,47.8130357
              17.2791016,47.8163318,0
              17.2740483,47.8202005,0
              17.2680187,47.8168145,0
              17.2728467,47.8130357,0
            </coordinates>
          </LinearRing>
        </outerBoundaryIs>
      </Polygon>
    </Placemark>
    <Placemark>
      <name>Kozlik nagy 2</name>
      <Style>
        <LineStyle>
          <color>fffb431e</color>
          <width>2</width>
        </LineStyle>
        <PolyStyle>
          <color>fffb431e</color>
        </PolyStyle>
      </Style>
      <Polygon>
        <outerBoundaryIs>
          <LinearRing>
            <coordinates>
              17.2729648,47.821137
              17.2668278,47.8177367,0
              17.2679758,47.8168793,0
              17.2740483,47.8202005,0
              17.2729648,47.821137,0
            </coordinates>
          </LinearRing>
        </outerBoundaryIs>
      </Polygon>
    </Placemark>
    <Placemark>
      <name>Rákóczi Lóvárierdő</name>
      <Style>
        <LineStyle>
          <color>ffd8cd68</color>
          <width>2</width>
        </LineStyle>
        <PolyStyle>
          <color>ffd8cd68</color>
        </PolyStyle>
      </Style>
      <Polygon>
        <outerBoundaryIs>
          <LinearRing>
            <coordinates>
              17.2387934,47.9089064
              17.2394156,47.9083311,0
              17.2493505,47.9118405,0
              17.2481704,47.912387,0
              17.2386217,47.9089495,0
              17.2387934,47.9089064,0
            </coordinates>
          </LinearRing>
        </outerBoundaryIs>
      </Polygon>
    </Placemark>
    <Placemark>
      <name>Allesdorfi HM</name>
      <Style>
        <LineStyle>
          <color>ffc457ee</color>
          <width>2</width>
        </LineStyle>
        <PolyStyle>
          <color>ffc457ee</color>
        </PolyStyle>
      </Style>
      <Polygon>
        <outerBoundaryIs>
          <LinearRing>
            <coordinates>
              17.2777176,47.8283187
              17.2779644,47.828434,0
              17.2722459,47.8335621,0
              17.2711623,47.8329788,0
              17.2756255,47.8288878,0
              17.2777176,47.8283187,0
            </coordinates>
          </LinearRing>
        </outerBoundaryIs>
      </Polygon>
    </Placemark>
    <Placemark>
      <name>Ároki</name>
      <Style>
        <LineStyle>
          <color>ff96f094</color>
          <width>2</width>
        </LineStyle>
        <PolyStyle>
          <color>ff96f094</color>
        </PolyStyle>
      </Style>
      <Polygon>
        <outerBoundaryIs>
          <LinearRing>
            <coordinates>
              17.4520183,47.8410446
              17.4465466,47.8395036,0
              17.4491429,47.836911,0
              17.4539709,47.8381929,0
              17.4531984,47.8389995,0
              17.4536705,47.83959,0
              17.4520183,47.8410446,0
            </coordinates>
          </LinearRing>
        </outerBoundaryIs>
      </Polygon>
    </Placemark>
    <Placemark>
      <name>Ásvány előtt balra</name>
      <Style>
        <LineStyle>
          <color>ffd98eaf</color>
          <width>2</width>
        </LineStyle>
        <PolyStyle>
          <color>ffd98eaf</color>
        </PolyStyle>
      </Style>
      <Polygon>
        <outerBoundaryIs>
          <LinearRing>
            <coordinates>
              17.4791515,47.8290966
              17.4802673,47.8286933,0
              17.4827564,47.8273968,0
              17.4842799,47.8297881,0
              17.4826813,47.8314591,0
              17.4825525,47.83192,0
              17.4809325,47.8317904,0
              17.4791515,47.8290966,0
            </coordinates>
          </LinearRing>
        </outerBoundaryIs>
      </Polygon>
    </Placemark>
    <Placemark>
      <name>Ásvány előtt jobbra 1</name>
      <Style>
        <LineStyle>
          <color>ff7599d5</color>
          <width>2</width>
        </LineStyle>
        <PolyStyle>
          <color>ff7599d5</color>
        </PolyStyle>
      </Style>
      <Polygon>
        <outerBoundaryIs>
          <LinearRing>
            <coordinates>
              17.482928,47.8269502
              17.4792588,47.8287941,0
              17.4755895,47.8297809,0
              17.4725211,47.8255456,0
              17.4765229,47.8244651,0
              17.4780035,47.8265396,0
              17.4778318,47.8266548,0
              17.4776495,47.8270006,0
              17.4777567,47.8272599,0
              17.4783468,47.8272815,0
              17.4789047,47.8271158,0
              17.479409,47.8268998,0
              17.4796665,47.8269358,0
              17.4801707,47.8270006,0
              17.4804819,47.8267053,0
              17.4805892,47.8263091,0
              17.4821556,47.8257977,0
              17.482928,47.8269502,0
            </coordinates>
          </LinearRing>
        </outerBoundaryIs>
      </Polygon>
    </Placemark>
    <Placemark>
      <name>Bagics</name>
      <Style>
        <LineStyle>
          <color>ff4e315e</color>
          <width>2</width>
        </LineStyle>
        <PolyStyle>
          <color>ff4e315e</color>
        </PolyStyle>
      </Style>
      <Polygon>
        <outerBoundaryIs>
          <LinearRing>
            <coordinates>
              17.4620605,47.8447026
              17.4600649,47.8432913,0
              17.4643779,47.8388554,0
              17.4642706,47.8386682,0
              17.4648285,47.8380489,0
              17.4659228,47.8384234,0
              17.4665666,47.8389419,0
              17.4671674,47.8396332,0
              17.4681974,47.8402525,0
              17.4643135,47.8440834,0
              17.4620605,47.8447026,0
            </coordinates>
          </LinearRing>
        </outerBoundaryIs>
      </Polygon>
    </Placemark>
    <Placemark>
      <name>Belső Károlymajor</name>
      <Style>
        <LineStyle>
          <color>ffd194ca</color>
          <width>2</width>
        </LineStyle>
        <PolyStyle>
          <color>ffd194ca</color>
        </PolyStyle>
      </Style>
      <Polygon>
        <outerBoundaryIs>
          <LinearRing>
            <coordinates>
              17.4909103,47.8125061
              17.4874341,47.8162598,0
              17.4859536,47.8154096,0
              17.4843335,47.8141992,0
              17.4849021,47.8134139,0
              17.4854279,47.8135868,0
              17.4858463,47.8137309,0
              17.4864578,47.813875,0
              17.4868655,47.8139038,0
              17.4870265,47.8137381,0
              17.4860072,47.813277,0
              17.4852133,47.8128807,0
              17.4853528,47.8124556,0
              17.4854064,47.8122035,0
              17.4850845,47.8117856,0
              17.4859965,47.8111587,0
              17.4866509,47.8105174,0
              17.4877131,47.8108345,0
              17.4881315,47.8104094,0
              17.4888182,47.810676,0
              17.4892795,47.8110146,0
              17.4897087,47.8116054,0
              17.4897838,47.8118864,0
              17.4901271,47.8122179,0
              17.4909103,47.8125061,0
            </coordinates>
          </LinearRing>
        </outerBoundaryIs>
      </Polygon>
    </Placemark>
    <Placemark>
      <name>Belső kerekes</name>
      <Style>
        <LineStyle>
          <color>ff4ee3b1</color>
          <width>2</width>
        </LineStyle>
        <PolyStyle>
          <color>ff4ee3b1</color>
        </PolyStyle>
      </Style>
      <Polygon>
        <outerBoundaryIs>
          <LinearRing>
            <coordinates>
              17.482338,47.808644
              17.4811471,47.8088458,0
              17.479291,47.8089683,0
              17.4782825,47.8090115,0
              17.4767697,47.8088386,0
              17.4757183,47.8085215,0
              17.4752676,47.8082405,0
              17.4750531,47.8077793,0
              17.4750638,47.8072821,0
              17.4752998,47.8068354,0
              17.4758792,47.8065039,0
              17.4766409,47.8064463,0
              17.4774992,47.806576,0
              17.4784648,47.8070155,0
              17.4791515,47.8073614,0
              17.4796879,47.8078586,0
              17.480042,47.8080748,0
              17.4808466,47.8082045,0
              17.4824452,47.8084567,0
              17.4823701,47.8085864,0
              17.482338,47.808644,0
            </coordinates>
          </LinearRing>
        </outerBoundaryIs>
      </Polygon>
    </Placemark>
    <Placemark>
      <name>Benzinkút mögött</name>
      <Style>
        <LineStyle>
          <color>ffe93f60</color>
          <width>2</width>
        </LineStyle>
        <PolyStyle>
          <color>ffe93f60</color>
        </PolyStyle>
      </Style>
      <Polygon>
        <outerBoundaryIs>
          <LinearRing>
            <coordinates>
              17.4710727,47.8352186
              17.4704504,47.8353987,0
              17.4700534,47.8355715,0
              17.4692166,47.8364717,0
              17.4690878,47.8365293,0
              17.4689698,47.8364213,0
              17.4684656,47.835838,0
              17.4677682,47.8353915,0
              17.4676824,47.8344696,0
              17.4672747,47.8339511,0
              17.4673069,47.833843,0
              17.4682724,47.8334685,0
              17.4684012,47.8333677,0
              17.4684119,47.8331948,0
              17.4682832,47.833022,0
              17.4688625,47.8327843,0
              17.4689698,47.8326907,0
              17.4689806,47.8325898,0
              17.4693775,47.832489,0
              17.4710727,47.8352186,0
            </coordinates>
          </LinearRing>
        </outerBoundaryIs>
      </Polygon>
    </Placemark>
    <Placemark>
      <name>Birkahíd</name>
      <Style>
        <LineStyle>
          <color>ffe6de0a</color>
          <width>2</width>
        </LineStyle>
        <PolyStyle>
          <color>ffe6de0a</color>
        </PolyStyle>
      </Style>
      <Polygon>
        <outerBoundaryIs>
          <LinearRing>
            <coordinates>
              17.4414016308246,47.8318628464517
              17.44528373671896,47.83290622516955,0
              17.44672083601266,47.83162594790373,0
              17.45062365202334,47.83280583116405,0
              17.44916950271041,47.83359172680193,0
              17.44808055417683,47.83443113186033,0
              17.4463534,47.8368534,0
              17.4450231,47.8382073,0
              17.4435639,47.8395324,0
              17.4426627,47.8402957,0
              17.4421048,47.8402669,0
              17.4416113,47.839662,0
              17.4407744,47.8389707,0
              17.439723,47.8384378,0
              17.4383068,47.8383513,0
              17.4374485,47.8384378,0
              17.4369979,47.8381929,0
              17.4368906,47.83784719999999,0
              17.4376416,47.83603239999999,0
              17.4381137,47.83545629999999,0
              17.4387789,47.8350098,0
              17.4396586,47.8342607,0
              17.4403453,47.8336126,0
              17.44140163082469,47.8318628464517,0
            </coordinates>
          </LinearRing>
        </outerBoundaryIs>
      </Polygon>
    </Placemark>
    <Placemark>
      <name>Bordacsipart hm</name>
      <Style>
        <LineStyle>
          <color>ffad9377</color>
          <width>2</width>
        </LineStyle>
        <PolyStyle>
          <color>ffad9377</color>
        </PolyStyle>
      </Style>
      <Polygon>
        <outerBoundaryIs>
          <LinearRing>
            <coordinates>
              17.3132515,47.8157194
              17.3107624,47.8170162,0
              17.3071039,47.8139687,0
              17.3103118,47.8130536,0
              17.3132515,47.8157194,0
            </coordinates>
          </LinearRing>
        </outerBoundaryIs>
      </Polygon>
    </Placemark>
    <Placemark>
      <name>Bumi</name>
      <Style>
        <LineStyle>
          <color>ff3d316e</color>
          <width>2</width>
        </LineStyle>
        <PolyStyle>
          <color>ff3d316e</color>
        </PolyStyle>
      </Style>
      <Polygon>
        <outerBoundaryIs>
          <LinearRing>
            <coordinates>
              17.4525118,47.8413183
              17.450881,47.8429169,0
              17.4492073,47.8426288,0
              17.4477053,47.8424416,0
              17.4473619,47.8429601,0
              17.4434352,47.8419375,0
              17.4446797,47.8406125,0
              17.4460316,47.8408862,0
              17.4470401,47.8398924,0
              17.4525118,47.8413183,0
            </coordinates>
          </LinearRing>
        </outerBoundaryIs>
      </Polygon>
    </Placemark>
    <Placemark>
      <name>Darnói kicsi 2</name>
      <Style>
        <LineStyle>
          <color>ffd29c38</color>
          <width>2</width>
        </LineStyle>
        <PolyStyle>
          <color>ffd29c38</color>
        </PolyStyle>
      </Style>
      <Polygon>
        <outerBoundaryIs>
          <LinearRing>
            <coordinates>
              17.4476141,47.8357804
              17.4476945,47.8356039,0
              17.451396,47.8365977,0
              17.451219,47.8367742,0
              17.4476141,47.8357804,0
            </coordinates>
          </LinearRing>
        </outerBoundaryIs>
      </Polygon>
    </Placemark>
    <Placemark>
      <name>Darnói kicsi 3</name>
      <Style>
        <LineStyle>
          <color>ff8b62a1</color>
          <width>2</width>
        </LineStyle>
        <PolyStyle>
          <color>ff8b62a1</color>
        </PolyStyle>
      </Style>
      <Polygon>
        <outerBoundaryIs>
          <LinearRing>
            <coordinates>
              17.4484617,47.8345488
              17.4523079,47.8357191,0
              17.4521363,47.8358524,0
              17.4483222,47.8346749,0
              17.4484617,47.8345488,0
            </coordinates>
          </LinearRing>
        </outerBoundaryIs>
      </Polygon>
    </Placemark>
    <Placemark>
      <name>Darnói kicsi 4</name>
      <Style>
        <LineStyle>
          <color>ff472df7</color>
          <width>2</width>
        </LineStyle>
        <PolyStyle>
          <color>ff472df7</color>
        </PolyStyle>
      </Style>
      <Polygon>
        <outerBoundaryIs>
          <LinearRing>
            <coordinates>
              17.4484617,47.8345488
              17.4486601,47.8343976,0
              17.4524689,47.8355535,0
              17.4523079,47.8357191,0
              17.4484617,47.8345488,0
            </coordinates>
          </LinearRing>
        </outerBoundaryIs>
      </Polygon>
    </Placemark>
    <Placemark>
      <name>Darnói kicsi 5</name>
      <Style>
        <LineStyle>
          <color>ff0baa7a</color>
          <width>2</width>
        </LineStyle>
        <PolyStyle>
          <color>ff0baa7a</color>
        </PolyStyle>
      </Style>
      <Polygon>
        <outerBoundaryIs>
          <LinearRing>
            <coordinates>
              17.449041,47.8340447
              17.4492449,47.8339114,0
              17.4529999,47.8350818,0
              17.452839,47.835233,0
              17.449041,47.8340447,0
            </coordinates>
          </LinearRing>
        </outerBoundaryIs>
      </Polygon>
    </Placemark>
    <Placemark>
      <name>Gyári tábla 3</name>
      <Style>
        <LineStyle>
          <color>ffc5f2c7</color>
          <width>2</width>
        </LineStyle>
        <PolyStyle>
          <color>ffc5f2c7</color>
        </PolyStyle>
      </Style>
      <Polygon>
        <outerBoundaryIs>
          <LinearRing>
            <coordinates>
              17.4504197,47.8254879
              17.4513423,47.8227578,0
              17.4515891,47.8225849,0
              17.4525332,47.8226714,0
              17.453059,47.8227794,0
              17.4537134,47.8228227,0
              17.4529195,47.8236799,0
              17.4535739,47.8260642,0
              17.4534345,47.8261938,0
              17.4512243,47.8260354,0
              17.4509668,47.8257328,0
              17.4510205,47.8255744,0
              17.4504197,47.8254879,0
            </coordinates>
          </LinearRing>
        </outerBoundaryIs>
      </Polygon>
    </Placemark>
    <Placemark>
      <name>Gyári tábla 4</name>
      <Style>
        <LineStyle>
          <color>ff6797ac</color>
          <width>2</width>
        </LineStyle>
        <PolyStyle>
          <color>ff6797ac</color>
        </PolyStyle>
      </Style>
      <Polygon>
        <outerBoundaryIs>
          <LinearRing>
            <coordinates>
              17.4491751,47.8238096
              17.4494433,47.8220375,0
              17.4498349,47.8219114,0
              17.4502105,47.8218358,0
              17.4505162,47.8219582,0
              17.4508274,47.8219762,0
              17.4506825,47.8228011,0
              17.4503553,47.823914,0
              17.4491751,47.8238096,0
            </coordinates>
          </LinearRing>
        </outerBoundaryIs>
      </Polygon>
    </Placemark>
    <Placemark>
      <name>Hosszú nyílas</name>
      <Style>
        <LineStyle>
          <color>ffcb2126</color>
          <width>2</width>
        </LineStyle>
        <PolyStyle>
          <color>ffcb2126</color>
        </PolyStyle>
      </Style>
      <Polygon>
        <outerBoundaryIs>
          <LinearRing>
            <coordinates>
              17.3867011,47.7924145
              17.3956275,47.7854369,0
              17.3957777,47.7852206,0
              17.3984385,47.7867921,0
              17.389555,47.7935389,0
              17.3884177,47.7929046,0
              17.3867011,47.7924145,0
            </coordinates>
          </LinearRing>
        </outerBoundaryIs>
      </Polygon>
    </Placemark>
    <Placemark>
      <name>Károlyháza Rákóczy</name>
      <Style>
        <LineStyle>
          <color>ff9959d5</color>
          <width>2</width>
        </LineStyle>
        <PolyStyle>
          <color>ff9959d5</color>
        </PolyStyle>
      </Style>
      <Polygon>
        <outerBoundaryIs>
          <LinearRing>
            <coordinates>
              17.3513603,47.8049114
              17.3503518,47.804162,0
              17.3592997,47.7993768,0
              17.3602867,47.8001407,0
              17.3513603,47.8049114,0
            </coordinates>
          </LinearRing>
        </outerBoundaryIs>
      </Polygon>
    </Placemark>
    <Placemark>
      <name>Károlyi úton kicsi</name>
      <Style>
        <LineStyle>
          <color>ffbb964b</color>
          <width>2</width>
        </LineStyle>
        <PolyStyle>
          <color>ffbb964b</color>
        </PolyStyle>
      </Style>
      <Polygon>
        <outerBoundaryIs>
          <LinearRing>
            <coordinates>
              17.4659282,47.8298781
              17.4658585,47.8297233,0
              17.469635,47.8291363,0
              17.4694741,47.8293487,0
              17.4659282,47.8298781,0
            </coordinates>
          </LinearRing>
        </outerBoundaryIs>
      </Polygon>
    </Placemark>
    <Placemark>
      <name>Kavicsbányai - HM</name>
      <Style>
        <LineStyle>
          <color>ff1c30ef</color>
          <width>2</width>
        </LineStyle>
        <PolyStyle>
          <color>ff1c30ef</color>
        </PolyStyle>
      </Style>
      <Polygon>
        <outerBoundaryIs>
          <LinearRing>
            <coordinates>
              17.2016823,47.8572229
              17.2027659,47.8558551,0
              17.2031629,47.8552072,0
              17.2058344,47.852817,0
              17.2068536,47.8532994,0
              17.202208,47.8574749,0
              17.2016823,47.8572229,0
            </coordinates>
          </LinearRing>
        </outerBoundaryIs>
      </Polygon>
    </Placemark>
    <Placemark>
      <name>Kis Paptag</name>
      <Style>
        <LineStyle>
          <color>ffe75b08</color>
          <width>2</width>
        </LineStyle>
        <PolyStyle>
          <color>ffe75b08</color>
        </PolyStyle>
      </Style>
      <Polygon>
        <outerBoundaryIs>
          <LinearRing>
            <coordinates>
              17.4556661,47.8427512
              17.4549794,47.8433345,0
              17.4549043,47.8433345,0
              17.4532628,47.8442994,0
              17.4508703,47.8429601,0
              17.4529946,47.8409654,0
              17.4556661,47.8427512,0
            </coordinates>
          </LinearRing>
        </outerBoundaryIs>
      </Polygon>
    </Placemark>
    <Placemark>
      <name>Körtefai</name>
      <Style>
        <LineStyle>
          <color>ff74ed55</color>
          <width>2</width>
        </LineStyle>
        <PolyStyle>
          <color>ff74ed55</color>
        </PolyStyle>
      </Style>
      <Polygon>
        <outerBoundaryIs>
          <LinearRing>
            <coordinates>
              17.4340367,47.8246596
              17.4282539,47.8244507,0
              17.4288332,47.8239968,0
              17.429198,47.8235574,0
              17.4292839,47.8231901,0
              17.4307537,47.8223328,0
              17.4317622,47.8225922,0
              17.4327707,47.8225561,0
              17.4334359,47.8223904,0
              17.4340475,47.8221167,0
              17.4348092,47.8217061,0
              17.4340367,47.8246596,0
            </coordinates>
          </LinearRing>
        </outerBoundaryIs>
      </Polygon>
    </Placemark>
    <Placemark>
      <name>Külsőkerekes</name>
      <Style>
        <LineStyle>
          <color>ff6a4b42</color>
          <width>2</width>
        </LineStyle>
        <PolyStyle>
          <color>ff6a4b42</color>
        </PolyStyle>
      </Style>
      <Polygon>
        <outerBoundaryIs>
          <LinearRing>
            <coordinates>
              17.4740124,47.8039169
              17.4745488,47.8032828,0
              17.4748707,47.8032251,0
              17.4747634,47.8028792,0
              17.4752355,47.8023171,0
              17.4760723,47.8016397,0
              17.4770379,47.8012794,0
              17.4771881,47.8030089,0
              17.4819946,47.8029225,0
              17.4824238,47.8073758,0
              17.4810076,47.8074046,0
              17.4805999,47.8073326,0
              17.4802995,47.8071741,0
              17.4800205,47.8068426,0
              17.479248,47.8063382,0
              17.4781108,47.8060499,0
              17.4769092,47.8057473,0
              17.4740124,47.8039169,0
            </coordinates>
          </LinearRing>
        </outerBoundaryIs>
      </Polygon>
    </Placemark>
    <Placemark>
      <name>Legelő</name>
      <Style>
        <LineStyle>
          <color>ff8e99c6</color>
          <width>2</width>
        </LineStyle>
        <PolyStyle>
          <color>ff8e99c6</color>
        </PolyStyle>
      </Style>
      <Polygon>
        <outerBoundaryIs>
          <LinearRing>
            <coordinates>
              17.4644423,47.8188317
              17.4710727,47.8235862,0
              17.470901,47.8239608,0
              17.470386,47.8240617,0
              17.4637127,47.8192928,0
              17.4644423,47.8188317,0
            </coordinates>
          </LinearRing>
        </outerBoundaryIs>
      </Polygon>
    </Placemark>
    <Placemark>
      <name>Lickói híd</name>
      <Style>
        <LineStyle>
          <color>ffb70724</color>
          <width>2</width>
        </LineStyle>
        <PolyStyle>
          <color>ffb70724</color>
        </PolyStyle>
      </Style>
      <Polygon>
        <outerBoundaryIs>
          <LinearRing>
            <coordinates>
              17.4348521,47.8125349
              17.4344444,47.8122323,0
              17.4341011,47.8114829,0
              17.4330711,47.8103877,0
              17.4356461,47.8096816,0
              17.4372983,47.8125637,0
              17.4365258,47.8135436,0
              17.4359679,47.8134859,0
              17.4348521,47.8125349,0
            </coordinates>
          </LinearRing>
        </outerBoundaryIs>
      </Polygon>
    </Placemark>
    <Placemark>
      <name>Lickói leágazó</name>
      <Style>
        <LineStyle>
          <color>ff8769ae</color>
          <width>2</width>
        </LineStyle>
        <PolyStyle>
          <color>ff8769ae</color>
        </PolyStyle>
      </Style>
      <Polygon>
        <outerBoundaryIs>
          <LinearRing>
            <coordinates>
              17.406292,47.7916937
              17.4032664,47.7895313,0
              17.4092746,47.7856964,0
              17.4102616,47.786374,0
              17.408309,47.788378,0
              17.4069786,47.7900503,0
              17.4067211,47.7906702,0
              17.4066782,47.7912324,0
              17.406292,47.7916937,0
            </coordinates>
          </LinearRing>
        </outerBoundaryIs>
      </Polygon>
    </Placemark>
    <Placemark>
      <name>Mecséri út mellett</name>
      <Style>
        <LineStyle>
          <color>ff85a249</color>
          <width>2</width>
        </LineStyle>
        <PolyStyle>
          <color>ff85a249</color>
        </PolyStyle>
      </Style>
      <Polygon>
        <outerBoundaryIs>
          <LinearRing>
            <coordinates>
              17.4825096,47.8058626
              17.4818444,47.7998813,0
              17.4822736,47.7998381,0
              17.4835181,47.8002272,0
              17.4844623,47.8005011,0
              17.4854708,47.8008326,0
              17.4874449,47.8009623,0
              17.4925947,47.801265,0
              17.4928093,47.804652,0
              17.4903202,47.805387,0
              17.4890327,47.8058626,0
              17.4881101,47.8055023,0
              17.4872947,47.8049979,0
              17.4866724,47.8048537,0
              17.4859214,47.8048105,0
              17.4850845,47.8049835,0
              17.4843979,47.8051996,0
              17.4825096,47.8058626,0
            </coordinates>
          </LinearRing>
        </outerBoundaryIs>
      </Polygon>
    </Placemark>
    <Placemark>
      <name>Meggyes</name>
      <Style>
        <LineStyle>
          <color>ff999590</color>
          <width>2</width>
        </LineStyle>
        <PolyStyle>
          <color>ff999590</color>
        </PolyStyle>
      </Style>
      <Polygon>
        <outerBoundaryIs>
          <LinearRing>
            <coordinates>
              17.4690449,47.8407062
              17.4724674,47.8382433,0
              17.4728215,47.8382505,0
              17.4730146,47.8380345,0
              17.4737227,47.837552,0
              17.4740553,47.8379048,0
              17.4695277,47.8410374,0
              17.4690449,47.8407062,0
            </coordinates>
          </LinearRing>
        </outerBoundaryIs>
      </Polygon>
    </Placemark>
    <Placemark>
      <name>Micsótag össz</name>
      <Style>
        <LineStyle>
          <color>ff98cf10</color>
          <width>2</width>
        </LineStyle>
        <PolyStyle>
          <color>ff98cf10</color>
        </PolyStyle>
      </Style>
      <Polygon>
        <outerBoundaryIs>
          <LinearRing>
            <coordinates>
              17.4678326,47.8114685
              17.4676824,47.8106904,0
              17.4677682,47.8092925,0
              17.4677253,47.8076641,0
              17.4680042,47.8054014,0
              17.4680686,47.8047673,0
              17.4681759,47.8040178,0
              17.468605,47.8032251,0
              17.470665,47.8045079,0
              17.4701071,47.8053293,0
              17.4690986,47.8059347,0
              17.4684763,47.8064535,0
              17.4684548,47.8073038,0
              17.4691415,47.808082,0
              17.4699998,47.808889,0
              17.4704075,47.8098113,0
              17.4703646,47.8107048,0
              17.4696565,47.8116126,0
              17.4687552,47.8120305,0
              17.4678326,47.8114685,0
            </coordinates>
          </LinearRing>
        </outerBoundaryIs>
      </Polygon>
    </Placemark>
    <Placemark>
      <name>Novák Rákóczy</name>
      <Style>
        <LineStyle>
          <color>ffe8e3cc</color>
          <width>2</width>
        </LineStyle>
        <PolyStyle>
          <color>ffe8e3cc</color>
        </PolyStyle>
      </Style>
      <Polygon>
        <outerBoundaryIs>
          <LinearRing>
            <coordinates>
              17.4171495,47.8269358
              17.4171066,47.8263883,0
              17.4173641,47.8262155,0
              17.4180508,47.8260282,0
              17.4191022,47.8258193,0
              17.4221063,47.8255528,0
              17.422353,47.825704,0
              17.4228036,47.8258337,0
              17.4235868,47.8257184,0
              17.4244022,47.8257328,0
              17.4243593,47.8272383,0
              17.4171495,47.8269358,0
            </coordinates>
          </LinearRing>
        </outerBoundaryIs>
      </Polygon>
    </Placemark>
    <Placemark>
      <name>Nováki</name>
      <Style>
        <LineStyle>
          <color>fffd2202</color>
          <width>2</width>
        </LineStyle>
        <PolyStyle>
          <color>fffd2202</color>
        </PolyStyle>
      </Style>
      <Polygon>
        <outerBoundaryIs>
          <LinearRing>
            <coordinates>
              17.4106264,47.8300762
              17.4093604,47.8318336,0
              17.4083519,47.8316031,0
              17.4078369,47.8323666,0
              17.407161,47.8320929,0
              17.4093819,47.8281531,0
              17.4106264,47.8300762,0
            </coordinates>
          </LinearRing>
        </outerBoundaryIs>
      </Polygon>
    </Placemark>
    <Placemark>
      <name>Oroserdő</name>
      <Style>
        <LineStyle>
          <color>ff0fb3c3</color>
          <width>2</width>
        </LineStyle>
        <PolyStyle>
          <color>ff0fb3c3</color>
        </PolyStyle>
      </Style>
      <Polygon>
        <outerBoundaryIs>
          <LinearRing>
            <coordinates>
              17.4348307,47.8215116
              17.4309039,47.8211082,0
              17.4316549,47.8187741,0
              17.4350238,47.8204166,0
              17.4348307,47.8215116,0
            </coordinates>
          </LinearRing>
        </outerBoundaryIs>
      </Polygon>
    </Placemark>
    <Placemark>
      <name>Papház</name>
      <Style>
        <LineStyle>
          <color>ffd8ee28</color>
          <width>2</width>
        </LineStyle>
        <PolyStyle>
          <color>ffd8ee28</color>
        </PolyStyle>
      </Style>
      <Polygon>
        <outerBoundaryIs>
          <LinearRing>
            <coordinates>
              17.4756968,47.8431905
              17.4771237,47.8423048,0
              17.4797416,47.8432913,0
              17.478261,47.8442202,0
              17.4756968,47.8431905,0
            </coordinates>
          </LinearRing>
        </outerBoundaryIs>
      </Polygon>
    </Placemark>
    <Placemark>
      <name>Paprét belső hm</name>
      <Style>
        <LineStyle>
          <color>ff629825</color>
          <width>2</width>
        </LineStyle>
        <PolyStyle>
          <color>ff629825</color>
        </PolyStyle>
      </Style>
      <Polygon>
        <outerBoundaryIs>
          <LinearRing>
            <coordinates>
              17.2503376,47.9397063
              17.2518611,47.9375213,0
              17.2521186,47.9376075,0
              17.2522044,47.9378375,0
              17.2524834,47.9382688,0
              17.252934,47.9386282,0
              17.253406,47.9387432,0
              17.2532988,47.9391169,0
              17.2527623,47.939735,0
              17.2526979,47.9410575,0
              17.2526121,47.9411581,0
              17.2517538,47.94077,0
              17.2515178,47.9403819,0
              17.2503376,47.9397063,0
            </coordinates>
          </LinearRing>
        </outerBoundaryIs>
      </Polygon>
    </Placemark>
    <Placemark>
      <name>Paprét fácános - HM</name>
      <Style>
        <LineStyle>
          <color>ffe23cbf</color>
          <width>2</width>
        </LineStyle>
        <PolyStyle>
          <color>ffe23cbf</color>
        </PolyStyle>
      </Style>
      <Polygon>
        <outerBoundaryIs>
          <LinearRing>
            <coordinates>
              17.2180867,47.9364791
              17.2304463,47.9410431,0
              17.2300279,47.9417547,0
              17.2174752,47.9372194,0
              17.2180867,47.9364791,0
            </coordinates>
          </LinearRing>
        </outerBoundaryIs>
      </Polygon>
    </Placemark>
    <Placemark>
      <name>Paprét középső hm</name>
      <Style>
        <LineStyle>
          <color>ffea4212</color>
          <width>2</width>
        </LineStyle>
        <PolyStyle>
          <color>ffea4212</color>
        </PolyStyle>
      </Style>
      <Polygon>
        <outerBoundaryIs>
          <LinearRing>
            <coordinates>
              17.242012,47.9366444
              17.2378707,47.9351205,0
              17.2403598,47.9311095,0
              17.2439861,47.9323747,0
              17.2445226,47.9332085,0
              17.242012,47.9366444,0
            </coordinates>
          </LinearRing>
        </outerBoundaryIs>
      </Polygon>
    </Placemark>
    <Placemark>
      <name>Paptag - HM</name>
      <Style>
        <LineStyle>
          <color>ff00b46a</color>
          <width>2</width>
        </LineStyle>
        <PolyStyle>
          <color>ff00b46a</color>
        </PolyStyle>
      </Style>
      <Polygon>
        <outerBoundaryIs>
          <LinearRing>
            <coordinates>
              17.4567282,47.8418583
              17.4612451,47.8448178,0
              17.4613631,47.8449331,0
              17.4612772,47.8452859,0
              17.4605584,47.8459699,0
              17.4591637,47.8473812,0
              17.4590778,47.8473308,0
              17.4550009,47.8456603,0
              17.4544752,47.8454011,0
              17.4541962,47.8450411,0
              17.4540889,47.8447458,0
              17.4553227,47.8436369,0
              17.4550653,47.8433921,0
              17.4567175,47.8419231,0
              17.4567282,47.8418583,0
            </coordinates>
          </LinearRing>
        </outerBoundaryIs>
      </Polygon>
    </Placemark>
    <Placemark>
      <name>Parázsszegi - HM</name>
      <Style>
        <LineStyle>
          <color>ffa7c50e</color>
          <width>2</width>
        </LineStyle>
        <PolyStyle>
          <color>ffa7c50e</color>
        </PolyStyle>
      </Style>
      <Polygon>
        <outerBoundaryIs>
          <LinearRing>
            <coordinates>
              17.4278355,47.827548
              17.4334359,47.8278001,0
              17.4333608,47.8284556,0
              17.4334681,47.8285564,0
              17.4336076,47.8292047,0
              17.433393,47.8298097,0
              17.4332428,47.83053,0
              17.4378347,47.8305012,0
              17.4376738,47.8308613,0
              17.4313867,47.8307172,0
              17.4273258,47.8300906,0
              17.4278355,47.827548,0
            </coordinates>
          </LinearRing>
        </outerBoundaryIs>
      </Polygon>
    </Placemark>
    <Placemark>
      <name>Pedagógusföld kalászos bemut</name>
      <Style>
        <LineStyle>
          <color>ffd6936c</color>
          <width>2</width>
        </LineStyle>
        <PolyStyle>
          <color>ffd6936c</color>
        </PolyStyle>
      </Style>
      <Polygon>
        <outerBoundaryIs>
          <LinearRing>
            <coordinates>
              17.4508864,47.8372855
              17.4529248,47.8352654,0
              17.4558538,47.8363025,0
              17.4539387,47.8381533,0
              17.4508864,47.8372855,0
            </coordinates>
          </LinearRing>
        </outerBoundaryIs>
      </Polygon>
    </Placemark>
    <Placemark>
      <name>Présházi</name>
      <Style>
        <LineStyle>
          <color>ff3bc8d5</color>
          <width>2</width>
        </LineStyle>
        <PolyStyle>
          <color>ff3bc8d5</color>
        </PolyStyle>
      </Style>
      <Polygon>
        <outerBoundaryIs>
          <LinearRing>
            <coordinates>
              17.469399,47.8062805
              17.4693131,47.8061076,0
              17.4696779,47.8058914,0
              17.4704289,47.8054735,0
              17.4707723,47.8049979,0
              17.471416,47.8044646,0
              17.472403,47.8042196,0
              17.4753213,47.8060067,0
              17.4742913,47.8065544,0
              17.4739909,47.8075199,0
              17.4743772,47.8084423,0
              17.4751067,47.8090475,0
              17.4749351,47.8092493,0
              17.469399,47.8062805,0
            </coordinates>
          </LinearRing>
        </outerBoundaryIs>
      </Polygon>
    </Placemark>
    <Placemark>
      <name>Proletár bal első</name>
      <Style>
        <LineStyle>
          <color>ff3fb0dd</color>
          <width>2</width>
        </LineStyle>
        <PolyStyle>
          <color>ff3fb0dd</color>
        </PolyStyle>
      </Style>
      <Polygon>
        <outerBoundaryIs>
          <LinearRing>
            <coordinates>
              17.4772525,47.8242346
              17.4719739,47.8256176,0
              17.4729395,47.8236727,0
              17.4772525,47.8242346,0
            </coordinates>
          </LinearRing>
        </outerBoundaryIs>
      </Polygon>
    </Placemark>
    <Placemark>
      <name>Proletári darab 1</name>
      <Style>
        <LineStyle>
          <color>ff283fa2</color>
          <width>2</width>
        </LineStyle>
        <PolyStyle>
          <color>ff283fa2</color>
        </PolyStyle>
      </Style>
      <Polygon>
        <outerBoundaryIs>
          <LinearRing>
            <coordinates>
              17.4738729,47.8228659
              17.474184,47.8226426,0
              17.4743128,47.8224913,0
              17.4743021,47.8223688,0
              17.473712,47.822304,0
              17.4738407,47.821987,0
              17.4787116,47.8226642,0
              17.4786472,47.8231252,0
              17.4787331,47.8234998,0
              17.4738729,47.8228659,0
            </coordinates>
          </LinearRing>
        </outerBoundaryIs>
      </Polygon>
    </Placemark>
    <Placemark>
      <name>Proletári darab 2</name>
      <Style>
        <LineStyle>
          <color>ffd35fd1</color>
          <width>2</width>
        </LineStyle>
        <PolyStyle>
          <color>ffd35fd1</color>
        </PolyStyle>
      </Style>
      <Polygon>
        <outerBoundaryIs>
          <LinearRing>
            <coordinates>
              17.474066,47.8215908
              17.4752355,47.8191199,0
              17.4792695,47.8213819,0
              17.4789369,47.8218934,0
              17.4787438,47.8222464,0
              17.474066,47.8215908,0
            </coordinates>
          </LinearRing>
        </outerBoundaryIs>
      </Polygon>
    </Placemark>
    <Placemark>
      <name>Proletári darab 3</name>
      <Style>
        <LineStyle>
          <color>ff1aa3d3</color>
          <width>2</width>
        </LineStyle>
        <PolyStyle>
          <color>ff1aa3d3</color>
        </PolyStyle>
      </Style>
      <Polygon>
        <outerBoundaryIs>
          <LinearRing>
            <coordinates>
              17.4805892,47.820467
              17.4772418,47.8186516,0
              17.4774134,47.8185291,0
              17.4761474,47.8177655,0
              17.4760187,47.8175566,0
              17.4763083,47.8171387,0
              17.4815011,47.820078,0
              17.4805892,47.820467,0
            </coordinates>
          </LinearRing>
        </outerBoundaryIs>
      </Polygon>
    </Placemark>
    <Placemark>
      <name>Proletári darab 4</name>
      <Style>
        <LineStyle>
          <color>ffc134e2</color>
          <width>2</width>
        </LineStyle>
        <PolyStyle>
          <color>ffc134e2</color>
        </PolyStyle>
      </Style>
      <Polygon>
        <outerBoundaryIs>
          <LinearRing>
            <coordinates>
              17.4824023,47.8197754
              17.4768233,47.8165696,0
              17.4775743,47.8156546,0
              17.4830246,47.8195233,0
              17.4824023,47.8197754,0
            </coordinates>
          </LinearRing>
        </outerBoundaryIs>
      </Polygon>
    </Placemark>
    <Placemark>
      <name>Proletári jobb oldalt</name>
      <Style>
        <LineStyle>
          <color>ff0c68ab</color>
          <width>2</width>
        </LineStyle>
        <PolyStyle>
          <color>ff0c68ab</color>
        </PolyStyle>
      </Style>
      <Polygon>
        <outerBoundaryIs>
          <LinearRing>
            <coordinates>
              17.475729,47.8173764
              17.46912,47.812434,0
              17.469871,47.8120017,0
              17.4704933,47.8114541,0
              17.4713087,47.8103877,0
              17.4713731,47.8097969,0
              17.4788833,47.8137021,0
              17.475729,47.8173764,0
            </coordinates>
          </LinearRing>
        </outerBoundaryIs>
      </Polygon>
    </Placemark>
    <Placemark>
      <name>Szőlőgyöp</name>
      <Style>
        <LineStyle>
          <color>ff8039d5</color>
          <width>2</width>
        </LineStyle>
        <PolyStyle>
          <color>ff8039d5</color>
        </PolyStyle>
      </Style>
      <Polygon>
        <outerBoundaryIs>
          <LinearRing>
            <coordinates>
              17.4388647,47.8277641
              17.4335432,47.8275768,0
              17.4351954,47.8205607,0
              17.4411821,47.8233845,0
              17.4407101,47.8245515,0
              17.4383712,47.8242634,0
              17.4382854,47.82471,0
              17.4406242,47.8249837,0
              17.4405384,47.8253151,0
              17.4402595,47.8252862,0
              17.4401736,47.8255312,0
              17.4383497,47.8253151,0
              17.4385643,47.8259489,0
              17.4391007,47.8264532,0
              17.4390149,47.8270438,0
              17.4388647,47.8277641,0
            </coordinates>
          </LinearRing>
        </outerBoundaryIs>
      </Polygon>
    </Placemark>
    <Placemark>
      <name>Temetői tábla</name>
      <Style>
        <LineStyle>
          <color>ff5d5f7d</color>
          <width>2</width>
        </LineStyle>
        <PolyStyle>
          <color>ff5d5f7d</color>
        </PolyStyle>
      </Style>
      <Polygon>
        <outerBoundaryIs>
          <LinearRing>
            <coordinates>
              17.4648017,47.8357515
              17.465094,47.8352996,0
              17.4648875,47.8350386,0
              17.4650484,47.8348585,0
              17.4653596,47.834628,0
              17.4657136,47.8343544,0
              17.4661642,47.834304,0
              17.4663895,47.8342103,0
              17.4664593,47.8346749,0
              17.4648017,47.8357515,0
            </coordinates>
          </LinearRing>
        </outerBoundaryIs>
      </Polygon>
    </Placemark>
    <Placemark>
      <name>Vámkerék/1</name>
      <Style>
        <LineStyle>
          <color>fff00179</color>
          <width>2</width>
        </LineStyle>
        <PolyStyle>
          <color>fff00179</color>
        </PolyStyle>
      </Style>
      <Polygon>
        <outerBoundaryIs>
          <LinearRing>
            <coordinates>
              17.4346477637241,47.81576988909158
              17.43750517315,47.81282150523406,0
              17.43972120046992,47.81589980839395,0
              17.43958000034479,47.81610357688494,0
              17.44431733133328,47.82083033723998,0
              17.44062367964399,47.8189304703946,0
              17.44067029912275,47.81891485702369,0
              17.43464776372416,47.81576988909158,0
            </coordinates>
          </LinearRing>
        </outerBoundaryIs>
      </Polygon>
    </Placemark>
    <Placemark>
      <name>Vámkerék/2</name>
      <Style>
        <LineStyle>
          <color>ff5403ec</color>
          <width>2</width>
        </LineStyle>
        <PolyStyle>
          <color>ff5403ec</color>
        </PolyStyle>
      </Style>
      <Polygon>
        <outerBoundaryIs>
          <LinearRing>
            <coordinates>
              17.4442555616603,47.82458681678417
              17.44677601880712,47.82216214913639,0
              17.44784781786412,47.82275351504219,0
              17.4479842,47.8238023,0
              17.4476838,47.8241625,0
              17.44811992519707,47.82441939408508,0
              17.4480793452536,47.82481156110221,0
              17.44778722060957,47.82472372506984,0
              17.44763704189926,47.82538298478974,0
              17.44696535035726,47.82597129540569,0
              17.44425556166031,47.82458681678417,0
            </coordinates>
          </LinearRing>
        </outerBoundaryIs>
      </Polygon>
    </Placemark>
    <Placemark>
      <name>Vámosszabadi HM.</name>
      <Style>
        <LineStyle>
          <color>ff52ea65</color>
          <width>2</width>
        </LineStyle>
        <PolyStyle>
          <color>ff52ea65</color>
        </PolyStyle>
      </Style>
      <Polygon>
        <outerBoundaryIs>
          <LinearRing>
            <coordinates>
              17.6102579,47.7572356
              17.6191736,47.7561392,0
              17.6182187,47.7587503,0
              17.6093459,47.7599115,0
              17.6102579,47.7572356,0
            </coordinates>
          </LinearRing>
        </outerBoundaryIs>
      </Polygon>
    </Placemark>
    <Placemark>
      <name>Vízmű Feketeerdő</name>
      <Style>
        <LineStyle>
          <color>ff86e879</color>
          <width>2</width>
        </LineStyle>
        <PolyStyle>
          <color>ff86e879</color>
        </PolyStyle>
      </Style>
      <Polygon>
        <outerBoundaryIs>
          <LinearRing>
            <coordinates>
              17.2827333,47.9195022
              17.2772563,47.9175249,0
              17.2779912,47.9169604,0
              17.2828192,47.918794,0
              17.2827333,47.9195022,0
            </coordinates>
          </LinearRing>
        </outerBoundaryIs>
      </Polygon>
    </Placemark>
    <Placemark>
      <name>Zsejke bal első hm</name>
      <Style>
        <LineStyle>
          <color>ff8380eb</color>
          <width>2</width>
        </LineStyle>
        <PolyStyle>
          <color>ff8380eb</color>
        </PolyStyle>
      </Style>
      <Polygon>
        <outerBoundaryIs>
          <LinearRing>
            <coordinates>
              17.5189018,47.8001407
              17.5106835,47.8004146,0
              17.5106406,47.7983534,0
              17.5100183,47.7983678,0
              17.5101042,47.7964219,0
              17.5104475,47.7961913,0
              17.5187516,47.7960471,0
              17.5189018,47.8001407,0
            </coordinates>
          </LinearRing>
        </outerBoundaryIs>
      </Polygon>
    </Placemark>
    <Placemark>
      <name>Zsejke jobb oldalsó</name>
      <Style>
        <LineStyle>
          <color>ffd52548</color>
          <width>2</width>
        </LineStyle>
        <PolyStyle>
          <color>ffd52548</color>
        </PolyStyle>
      </Style>
      <Polygon>
        <outerBoundaryIs>
          <LinearRing>
            <coordinates>
              17.5105977,47.7961336
              17.5130224,47.7941804,0
              17.5130975,47.7961048,0
              17.5105977,47.7961336,0
            </coordinates>
          </LinearRing>
        </outerBoundaryIs>
      </Polygon>
    </Placemark>
    <Placemark>
      <name>Benzikút mögött Bögyöleg</name>
      <Style>
        <LineStyle>
          <color>ff507533</color>
          <width>2</width>
        </LineStyle>
        <PolyStyle>
          <color>ff507533</color>
        </PolyStyle>
      </Style>
      <Polygon>
        <outerBoundaryIs>
          <LinearRing>
            <coordinates>
              17.4695433845767,47.83776119830806
              17.47021311110296,47.83809471129169,0
              17.47021831806243,47.83850459816503,0
              17.46950393488172,47.83885551599028,0
              17.4688476435805,47.83910692796453,0
              17.4682195085347,47.83891369030415,0
              17.46757203727973,47.83888339909252,0
              17.46771287130459,47.83849374810963,0
              17.46758501419907,47.83793155410208,0
              17.46791267175649,47.83752049127357,0
              17.46785913268965,47.83685779628438,0
              17.46827955867851,47.83665258235246,0
              17.46868289304302,47.83653332532209,0
              17.46871802121995,47.83630321887006,0
              17.46899563315395,47.83661573717612,0
              17.46903555618909,47.83674213241021,0
              17.4688409042495,47.83708767158794,0
              17.46889300847713,47.83732237638955,0
              17.4691464685811,47.83753091550412,0
              17.46954338457675,47.83776119830806,0
            </coordinates>
          </LinearRing>
        </outerBoundaryIs>
      </Polygon>
    </Placemark>
    <Placemark>
      <name>Nováki Pulykásnál</name>
      <Style>
        <LineStyle>
          <color>ff14cd00</color>
          <width>2</width>
        </LineStyle>
        <PolyStyle>
          <color>ff14cd00</color>
        </PolyStyle>
      </Style>
      <Polygon>
        <outerBoundaryIs>
          <LinearRing>
            <coordinates>
              17.414591214848,47.81472968597626
              17.41979344500444,47.81546801961631,0
              17.41901704084592,47.81655864494948,0
              17.41419090067536,47.81588011092673,0
              17.41459121484807,47.81472968597626,0
            </coordinates>
          </LinearRing>
        </outerBoundaryIs>
      </Polygon>
    </Placemark>
    <Placemark>
      <name>Proletár jobb első</name>
      <Style>
        <LineStyle>
          <color>ffcb2e35</color>
          <width>2</width>
        </LineStyle>
        <PolyStyle>
          <color>ffcb2e35</color>
        </PolyStyle>
      </Style>
      <Polygon>
        <outerBoundaryIs>
          <LinearRing>
            <coordinates>
              17.472175034003,47.82456041956644
              17.46397916931591,47.81859009019981,0
              17.46501365897068,47.81641975894762,0
              17.46653273360712,47.81427222681129,0
              17.4673161824058,47.81314534059541,0
              17.46778126958976,47.81168429028835,0
              17.47557347002364,47.81745129545718,0
              17.47217503400307,47.82456041956644,0
            </coordinates>
          </LinearRing>
        </outerBoundaryIs>
      </Polygon>
    </Placemark>
    <Placemark>
      <name>Kishosszúosztály/2</name>
      <Style>
        <LineStyle>
          <color>ff92b320</color>
          <width>2</width>
        </LineStyle>
        <PolyStyle>
          <color>ff92b320</color>
        </PolyStyle>
      </Style>
      <Polygon>
        <outerBoundaryIs>
          <LinearRing>
            <coordinates>
              17.3675519356907,47.90380586812777
              17.36867200544257,47.90348288206635,0
              17.36873842479308,47.90356553461189,0
              17.36815964614232,47.90463328323239,0
              17.36755193569072,47.90380586812777,0
            </coordinates>
          </LinearRing>
        </outerBoundaryIs>
      </Polygon>
    </Placemark>
    <Placemark>
      <name>Porta mögött</name>
      <Style>
        <LineStyle>
          <color>ff568ece</color>
          <width>2</width>
        </LineStyle>
        <PolyStyle>
          <color>ff568ece</color>
        </PolyStyle>
      </Style>
      <Polygon>
        <outerBoundaryIs>
          <LinearRing>
            <coordinates>
              17.4469016046289,47.87633633432799
              17.44594053424268,47.87644238668221,0
              17.44600848008316,47.8764359341709,0
              17.44605706633246,47.87642940625637,0
              17.44609578315963,47.87642955724589,0
              17.44595396430065,47.87663163348864,0
              17.44705654392261,47.87657161159613,0
              17.44720312347403,47.87667283375735,0
              17.44655528957033,47.87685892101159,0
              17.44612876009181,47.87701094390931,0
              17.44586730001248,47.87714421305481,0
              17.4453428392093,47.87714976713571,0
              17.44482799582543,47.87703516106992,0
              17.44487615249946,47.87689664178084,0
              17.44546371345405,47.87688575785146,0
              17.44583941937809,47.87683037540643,0
              17.44567488433261,47.87604394355041,0
              17.44586012384758,47.87593342129314,0
              17.44674185783675,47.87584740519865,0
              17.44690160462898,47.87633633432799,0
            </coordinates>
          </LinearRing>
        </outerBoundaryIs>
      </Polygon>
    </Placemark>
    <Placemark>
      <name>Gyári tábla 1</name>
      <Style>
        <LineStyle>
          <color>ff45af52</color>
          <width>2</width>
        </LineStyle>
        <PolyStyle>
          <color>ff45af52</color>
        </PolyStyle>
      </Style>
      <Polygon>
        <outerBoundaryIs>
          <LinearRing>
            <coordinates>
              17.4517579067569,47.8224839973552
              17.45185256189082,47.82215165175616,0
              17.45276107147726,47.82226319257944,0
              17.45267136157264,47.82259683441291,0
              17.45175790675699,47.8224839973552,0
            </coordinates>
          </LinearRing>
        </outerBoundaryIs>
      </Polygon>
    </Placemark>
    <Placemark>
      <name>Vámkerék</name>
      <Style>
        <LineStyle>
          <color>ffb34078</color>
          <width>2</width>
        </LineStyle>
        <PolyStyle>
          <color>ffb34078</color>
        </PolyStyle>
      </Style>
      <Polygon>
        <outerBoundaryIs>
          <LinearRing>
            <coordinates>
              17.4346231841602,47.81576278279243
              17.44668435132381,47.82212315070546,0
              17.44417475391869,47.82451574341491,0
              17.43182421279402,47.81866999555271,0
              17.43462318416028,47.81576278279243,0
            </coordinates>
          </LinearRing>
        </outerBoundaryIs>
      </Polygon>
    </Placemark>
    <Placemark>
      <name>Agg-Duna kicsi</name>
      <Style>
        <LineStyle>
          <color>ffc082d9</color>
          <width>2</width>
        </LineStyle>
        <PolyStyle>
          <color>ffc082d9</color>
        </PolyStyle>
      </Style>
      <Polygon>
        <outerBoundaryIs>
          <LinearRing>
            <coordinates>
              17.4186087,47.8920752
              17.4189734,47.8912694,0
              17.4225354,47.892032,0
              17.4228787,47.8926219,0
              17.4221063,47.8924349,0
              17.4218702,47.8927946,0
              17.4186087,47.8920752,0
            </coordinates>
          </LinearRing>
        </outerBoundaryIs>
      </Polygon>
    </Placemark>
    <Placemark>
      <name>Agg-Duna nagy</name>
      <Style>
        <LineStyle>
          <color>ffd0379f</color>
          <width>2</width>
        </LineStyle>
        <PolyStyle>
          <color>ffd0379f</color>
        </PolyStyle>
      </Style>
      <Polygon>
        <outerBoundaryIs>
          <LinearRing>
            <coordinates>
              17.4191666,47.8908953
              17.4192953,47.8903918,0
              17.420733,47.8899025,0
              17.4215484,47.890032,0
              17.4169779,47.8859167,0
              17.4182224,47.8854707,0
              17.4196815,47.8868377,0
              17.4204326,47.8858592,0
              17.4211192,47.8855858,0
              17.4227715,47.8856002,0
              17.4222565,47.8862045,0
              17.4220204,47.8870247,0
              17.419982,47.8868809,0
              17.4198532,47.8874852,0
              17.420218,47.8879313,0
              17.4222136,47.8881903,0
              17.4219346,47.8903198,0
              17.421999,47.8910248,0
              17.4223638,47.8917299,0
              17.4191666,47.8908953,0
            </coordinates>
          </LinearRing>
        </outerBoundaryIs>
      </Polygon>
    </Placemark>
    <Placemark>
      <name>Allesdorfi</name>
      <Style>
        <LineStyle>
          <color>ff4edca2</color>
          <width>2</width>
        </LineStyle>
        <PolyStyle>
          <color>ff4edca2</color>
        </PolyStyle>
      </Style>
      <Polygon>
        <outerBoundaryIs>
          <LinearRing>
            <coordinates>
              17.2777176,47.8283187
              17.2779644,47.828434,0
              17.2722459,47.8335621,0
              17.2711623,47.8329788,0
              17.2756255,47.8288878,0
              17.2777176,47.8283187,0
            </coordinates>
          </LinearRing>
        </outerBoundaryIs>
      </Polygon>
    </Placemark>
    <Placemark>
      <name>Angol mellett</name>
      <Style>
        <LineStyle>
          <color>ff32b977</color>
          <width>2</width>
        </LineStyle>
        <PolyStyle>
          <color>ff32b977</color>
        </PolyStyle>
      </Style>
      <Polygon>
        <outerBoundaryIs>
          <LinearRing>
            <coordinates>
              17.4012709,47.8908018
              17.400434,47.890032,0
              17.4013567,47.8895788,0
              17.4023652,47.8904709,0
              17.4012709,47.8908018,0
            </coordinates>
          </LinearRing>
        </outerBoundaryIs>
      </Polygon>
    </Placemark>
    <Placemark>
      <name>Ároki</name>
      <Style>
        <LineStyle>
          <color>ff1b2b73</color>
          <width>2</width>
        </LineStyle>
        <PolyStyle>
          <color>ff1b2b73</color>
        </PolyStyle>
      </Style>
      <Polygon>
        <outerBoundaryIs>
          <LinearRing>
            <coordinates>
              17.4520183,47.8410446
              17.4465466,47.8395036,0
              17.4491429,47.836911,0
              17.4539709,47.8381929,0
              17.4531984,47.8389995,0
              17.4536705,47.83959,0
              17.4520183,47.8410446,0
            </coordinates>
          </LinearRing>
        </outerBoundaryIs>
      </Polygon>
    </Placemark>
    <Placemark>
      <name>Ásvány előtt balra</name>
      <Style>
        <LineStyle>
          <color>ff816b90</color>
          <width>2</width>
        </LineStyle>
        <PolyStyle>
          <color>ff816b90</color>
        </PolyStyle>
      </Style>
      <Polygon>
        <outerBoundaryIs>
          <LinearRing>
            <coordinates>
              17.4791515,47.8290966
              17.4802673,47.8286933,0
              17.4827564,47.8273968,0
              17.4842799,47.8297881,0
              17.4826813,47.8314591,0
              17.4825525,47.83192,0
              17.4809325,47.8317904,0
              17.4791515,47.8290966,0
            </coordinates>
          </LinearRing>
        </outerBoundaryIs>
      </Polygon>
    </Placemark>
    <Placemark>
      <name>Ásvány előtt jobbra 1</name>
      <Style>
        <LineStyle>
          <color>ffaead25</color>
          <width>2</width>
        </LineStyle>
        <PolyStyle>
          <color>ffaead25</color>
        </PolyStyle>
      </Style>
      <Polygon>
        <outerBoundaryIs>
          <LinearRing>
            <coordinates>
              17.482928,47.8269502
              17.4792588,47.8287941,0
              17.47627334893689,47.82946865228914,0
              17.47343029733706,47.82527528611624,0
              17.47666860311631,47.82443639009848,0
              17.47812518674574,47.82650013293549,0
              17.4778318,47.8266548,0
              17.4776495,47.8270006,0
              17.4777567,47.82725989999999,0
              17.4783468,47.8272815,0
              17.4789047,47.8271158,0
              17.479409,47.8268998,0
              17.4796665,47.8269358,0
              17.4801707,47.8270006,0
              17.4804819,47.8267053,0
              17.4805892,47.8263091,0
              17.4821556,47.82579770000001,0
              17.482928,47.8269502,0
            </coordinates>
          </LinearRing>
        </outerBoundaryIs>
      </Polygon>
    </Placemark>
    <Placemark>
      <name>Autópályai</name>
      <Style>
        <LineStyle>
          <color>ffd465f4</color>
          <width>2</width>
        </LineStyle>
        <PolyStyle>
          <color>ffd465f4</color>
        </PolyStyle>
      </Style>
      <Polygon>
        <outerBoundaryIs>
          <LinearRing>
            <coordinates>
              17.2746941429088,47.8266956660284
              17.28588184921626,47.81677337781014,0
              17.28805670889628,47.81777723027906,0
              17.278549466976,47.82758555095916,0
              17.27495204028074,47.82846738076337,0
              17.27469414290883,47.8266956660284,0
            </coordinates>
          </LinearRing>
        </outerBoundaryIs>
      </Polygon>
    </Placemark>
    <Placemark>
      <name>Bagics</name>
      <Style>
        <LineStyle>
          <color>ff54b2df</color>
          <width>2</width>
        </LineStyle>
        <PolyStyle>
          <color>ff54b2df</color>
        </PolyStyle>
      </Style>
      <Polygon>
        <outerBoundaryIs>
          <LinearRing>
            <coordinates>
              17.4620605,47.8447026
              17.4600649,47.8432913,0
              17.4643779,47.8388554,0
              17.4642706,47.8386682,0
              17.4648285,47.8380489,0
              17.4659228,47.8384234,0
              17.4665666,47.8389419,0
              17.4671674,47.8396332,0
              17.4681974,47.8402525,0
              17.4643135,47.8440834,0
              17.4620605,47.8447026,0
            </coordinates>
          </LinearRing>
        </outerBoundaryIs>
      </Polygon>
    </Placemark>
    <Placemark>
      <name>Belső Károlymajor</name>
      <Style>
        <LineStyle>
          <color>ffa1c9c9</color>
          <width>2</width>
        </LineStyle>
        <PolyStyle>
          <color>ffa1c9c9</color>
        </PolyStyle>
      </Style>
      <Polygon>
        <outerBoundaryIs>
          <LinearRing>
            <coordinates>
              17.4909103,47.8125061
              17.4874341,47.8162598,0
              17.4859536,47.8154096,0
              17.4843335,47.8141992,0
              17.4849021,47.8134139,0
              17.4854279,47.8135868,0
              17.4858463,47.8137309,0
              17.4864578,47.813875,0
              17.4868655,47.8139038,0
              17.4870265,47.8137381,0
              17.4860072,47.813277,0
              17.4852133,47.8128807,0
              17.4853528,47.8124556,0
              17.4854064,47.8122035,0
              17.4850845,47.8117856,0
              17.4859965,47.8111587,0
              17.4866509,47.8105174,0
              17.4877131,47.8108345,0
              17.4881315,47.8104094,0
              17.4888182,47.810676,0
              17.4892795,47.8110146,0
              17.4897087,47.8116054,0
              17.4897838,47.8118864,0
              17.4901271,47.8122179,0
              17.4909103,47.8125061,0
            </coordinates>
          </LinearRing>
        </outerBoundaryIs>
      </Polygon>
    </Placemark>
    <Placemark>
      <name>Belső kerekes</name>
      <Style>
        <LineStyle>
          <color>ffb57364</color>
          <width>2</width>
        </LineStyle>
        <PolyStyle>
          <color>ffb57364</color>
        </PolyStyle>
      </Style>
      <Polygon>
        <outerBoundaryIs>
          <LinearRing>
            <coordinates>
              17.482338,47.808644
              17.4811471,47.8088458,0
              17.479291,47.8089683,0
              17.4782825,47.8090115,0
              17.4767697,47.8088386,0
              17.4757183,47.8085215,0
              17.4752676,47.8082405,0
              17.4750531,47.8077793,0
              17.4750638,47.8072821,0
              17.4752998,47.8068354,0
              17.4758792,47.8065039,0
              17.4766409,47.8064463,0
              17.4774992,47.806576,0
              17.4784648,47.8070155,0
              17.4791515,47.8073614,0
              17.4796879,47.8078586,0
              17.480042,47.8080748,0
              17.4808466,47.8082045,0
              17.4824452,47.8084567,0
              17.4823701,47.8085864,0
              17.482338,47.808644,0
            </coordinates>
          </LinearRing>
        </outerBoundaryIs>
      </Polygon>
    </Placemark>
    <Placemark>
      <name>Bögyöleg</name>
      <Style>
        <LineStyle>
          <color>ff73b269</color>
          <width>2</width>
        </LineStyle>
        <PolyStyle>
          <color>ff73b269</color>
        </PolyStyle>
      </Style>
      <Polygon>
        <outerBoundaryIs>
          <LinearRing>
            <coordinates>
              17.4676867201364,47.83827354868261
              17.46751721740758,47.83789184014469,0
              17.46770202421764,47.83760546079043,0
              17.46786914968522,47.83733375353638,0
              17.46777115507919,47.83699530593033,0
              17.46793715150406,47.83665771907785,0
              17.46835606967675,47.83644179726684,0
              17.46867325528689,47.83630270375613,0
              17.46904227092416,47.83646228638427,0
              17.46890394201798,47.83666115066095,0
              17.46879176559356,47.8368438483044,0
              17.46876142753855,47.83710805345424,0
              17.46880177362274,47.83731796195426,0
              17.46911337415814,47.83753045051668,0
              17.46935743637248,47.83771458932957,0
              17.46973250930033,47.83781830548007,0
              17.46998283548325,47.83800615560888,0
              17.47006563004322,47.83833276688108,0
              17.46980918635646,47.83861329714856,0
              17.46941311357288,47.83881917503777,0
              17.4690122144874,47.83900354319508,0
              17.46865308169781,47.83910218753768,0
              17.46829635358278,47.83899284778101,0
              17.46789747308425,47.83890159465661,0
              17.46762607609919,47.83898093823123,0
            </coordinates>
          </LinearRing>
        </outerBoundaryIs>
      </Polygon>
    </Placemark>
    <Placemark>
      <name>Benzinkút mögött</name>
      <Style>
        <LineStyle>
          <color>ffa4903a</color>
          <width>2</width>
        </LineStyle>
        <PolyStyle>
          <color>ffa4903a</color>
        </PolyStyle>
      </Style>
      <Polygon>
        <outerBoundaryIs>
          <LinearRing>
            <coordinates>
              17.4710727,47.8352186
              17.4704504,47.8353987,0
              17.4700534,47.8355715,0
              17.4692166,47.8364717,0
              17.4690878,47.8365293,0
              17.4689698,47.8364213,0
              17.4684656,47.835838,0
              17.4677682,47.8353915,0
              17.4676824,47.8344696,0
              17.4672747,47.8339511,0
              17.4673069,47.833843,0
              17.4682724,47.8334685,0
              17.4684012,47.8333677,0
              17.4684119,47.8331948,0
              17.4682832,47.833022,0
              17.4688625,47.8327843,0
              17.4689698,47.8326907,0
              17.4689806,47.8325898,0
              17.4693775,47.832489,0
              17.4710727,47.8352186,0
            </coordinates>
          </LinearRing>
        </outerBoundaryIs>
      </Polygon>
    </Placemark>
    <Placemark>
      <name>Biotechnikai - LM</name>
      <Style>
        <LineStyle>
          <color>ff3d3cff</color>
          <width>2</width>
        </LineStyle>
        <PolyStyle>
          <color>ff3d3cff</color>
        </PolyStyle>
      </Style>
      <Polygon>
        <outerBoundaryIs>
          <LinearRing>
            <coordinates>
              17.2356391,47.850398
              17.2393727,47.8473884,0
              17.2417867,47.848418,0
              17.2375918,47.8515643,0
              17.2356391,47.850398,0
            </coordinates>
          </LinearRing>
        </outerBoundaryIs>
      </Polygon>
    </Placemark>
    <Placemark>
      <name>Biotechnikai - SM</name>
      <Style>
        <LineStyle>
          <color>ffe39d6d</color>
          <width>2</width>
        </LineStyle>
        <PolyStyle>
          <color>ffe39d6d</color>
        </PolyStyle>
      </Style>
      <Polygon>
        <outerBoundaryIs>
          <LinearRing>
            <coordinates>
              17.2418189,47.8484684
              17.2431707,47.8490012,0
              17.2390187,47.8524283,0
              17.2375703,47.8516579,0
              17.2418189,47.8484684,0
            </coordinates>
          </LinearRing>
        </outerBoundaryIs>
      </Polygon>
    </Placemark>
    <Placemark>
      <name>Birkahíd</name>
      <Style>
        <LineStyle>
          <color>ff330bd2</color>
          <width>2</width>
        </LineStyle>
        <PolyStyle>
          <color>ff330bd2</color>
        </PolyStyle>
      </Style>
      <Polygon>
        <outerBoundaryIs>
          <LinearRing>
            <coordinates>
              17.4410641,47.8326187
              17.441268,47.8327915,0
              17.4478555,47.8346064,0
              17.4463534,47.8368534,0
              17.4450231,47.8382073,0
              17.4435639,47.8395324,0
              17.4426627,47.8402957,0
              17.4421048,47.8402669,0
              17.4416113,47.839662,0
              17.4407744,47.8389707,0
              17.439723,47.8384378,0
              17.4383068,47.8383513,0
              17.4374485,47.8384378,0
              17.4369979,47.8381929,0
              17.4368906,47.8378472,0
              17.4376416,47.8360324,0
              17.4381137,47.8354563,0
              17.4387789,47.8350098,0
              17.4396586,47.8342607,0
              17.4403453,47.8336126,0
              17.4410641,47.8326187,0
            </coordinates>
          </LinearRing>
        </outerBoundaryIs>
      </Polygon>
    </Placemark>
    <Placemark>
      <name>Bírótanya - LM</name>
      <Style>
        <LineStyle>
          <color>ff594758</color>
          <width>2</width>
        </LineStyle>
        <PolyStyle>
          <color>ff594758</color>
        </PolyStyle>
      </Style>
      <Polygon>
        <outerBoundaryIs>
          <LinearRing>
            <coordinates>
              17.1662879,47.8304723
              17.1651936,47.8298673,0
              17.1708584,47.8242346,0
              17.1720386,47.8247244,0
              17.1662879,47.8304723,0
            </coordinates>
          </LinearRing>
        </outerBoundaryIs>
      </Polygon>
    </Placemark>
    <Placemark>
      <name>Bírótanya - SM</name>
      <Style>
        <LineStyle>
          <color>ff2c8435</color>
          <width>2</width>
        </LineStyle>
        <PolyStyle>
          <color>ff2c8435</color>
        </PolyStyle>
      </Style>
      <Polygon>
        <outerBoundaryIs>
          <LinearRing>
            <coordinates>
              17.1643353,47.829464
              17.169764,47.8237447,0
              17.1709228,47.824249,0
              17.1652365,47.8299249,0
              17.1643353,47.829464,0
            </coordinates>
          </LinearRing>
        </outerBoundaryIs>
      </Polygon>
    </Placemark>
    <Placemark>
      <name>Bordacsipart</name>
      <Style>
        <LineStyle>
          <color>ffd419ad</color>
          <width>2</width>
        </LineStyle>
        <PolyStyle>
          <color>ffd419ad</color>
        </PolyStyle>
      </Style>
      <Polygon>
        <outerBoundaryIs>
          <LinearRing>
            <coordinates>
              17.3132515,47.8157194
              17.3107624,47.8170162,0
              17.3071039,47.8139687,0
              17.3103118,47.8130536,0
              17.3132515,47.8157194,0
            </coordinates>
          </LinearRing>
        </outerBoundaryIs>
      </Polygon>
    </Placemark>
    <Placemark>
      <name>Bumi</name>
      <Style>
        <LineStyle>
          <color>ff316108</color>
          <width>2</width>
        </LineStyle>
        <PolyStyle>
          <color>ff316108</color>
        </PolyStyle>
      </Style>
      <Polygon>
        <outerBoundaryIs>
          <LinearRing>
            <coordinates>
              17.4525118,47.8413183
              17.450881,47.8429169,0
              17.4492073,47.8426288,0
              17.4477053,47.8424416,0
              17.4473619,47.8429601,0
              17.4434352,47.8419375,0
              17.4446797,47.8406125,0
              17.4460316,47.8408862,0
              17.4470401,47.8398924,0
              17.4525118,47.8413183,0
            </coordinates>
          </LinearRing>
        </outerBoundaryIs>
      </Polygon>
    </Placemark>
    <Placemark>
      <name>Cinek</name>
      <Style>
        <LineStyle>
          <color>fff7d5d1</color>
          <width>2</width>
        </LineStyle>
        <PolyStyle>
          <color>fff7d5d1</color>
        </PolyStyle>
      </Style>
      <Polygon>
        <outerBoundaryIs>
          <LinearRing>
            <coordinates>
              17.3976016,47.8838662
              17.3976445,47.883787,0
              17.3979396,47.8836719,0
              17.398138,47.8835244,0
              17.3983365,47.8831359,0
              17.3986101,47.8830171,0
              17.3989588,47.882884,0
              17.3991197,47.8826574,0
              17.3989588,47.8824811,0
              17.3991197,47.8823156,0
              17.3998117,47.8818947,0
              17.4002409,47.881758,0
              17.4006164,47.8818047,0
              17.4008042,47.882366,0
              17.400713,47.8828409,0
              17.4003053,47.8830135,0
              17.3999619,47.8831431,0
              17.3999244,47.8832834,0
              17.3992217,47.8832474,0
              17.3988032,47.8834704,0
              17.398476,47.8835244,0
              17.3985618,47.8836467,0
              17.3976606,47.8838662,0
              17.3976016,47.8838662,0
            </coordinates>
          </LinearRing>
        </outerBoundaryIs>
      </Polygon>
    </Placemark>
    <Placemark>
      <name>Csemetekert mellett</name>
      <Style>
        <LineStyle>
          <color>ff340700</color>
          <width>2</width>
        </LineStyle>
        <PolyStyle>
          <color>ff340700</color>
        </PolyStyle>
      </Style>
      <Polygon>
        <outerBoundaryIs>
          <LinearRing>
            <coordinates>
              17.4814720010253,47.82601650487215
              17.48082880675195,47.82505423415214,0
              17.48168966182324,47.82517700565339,0
              17.48214035083489,47.82580398002681,0
              17.4814720010253,47.82601650487215,0
            </coordinates>
          </LinearRing>
        </outerBoundaryIs>
      </Polygon>
    </Placemark>
    <Placemark>
      <name>Csöndérlósziget 1</name>
      <Style>
        <LineStyle>
          <color>ff36f17a</color>
          <width>2</width>
        </LineStyle>
        <PolyStyle>
          <color>ff36f17a</color>
        </PolyStyle>
      </Style>
      <Polygon>
        <outerBoundaryIs>
          <LinearRing>
            <coordinates>
              17.4039745,47.9030305
              17.4033844,47.9032319,0
              17.4021828,47.9033973,0
              17.4016356,47.9033398,0
              17.4009275,47.9031671,0
              17.4000263,47.9027644,0
              17.3990607,47.9015344,0
              17.3992646,47.9006857,0
              17.3994577,47.8998945,0
              17.3999405,47.8991824,0
              17.4006701,47.8985925,0
              17.4009168,47.8988371,0
              17.4039745,47.9030305,0
            </coordinates>
          </LinearRing>
        </outerBoundaryIs>
      </Polygon>
    </Placemark>
    <Placemark>
      <name>Csöndérlósziget 2</name>
      <Style>
        <LineStyle>
          <color>ff569a57</color>
          <width>2</width>
        </LineStyle>
        <PolyStyle>
          <color>ff569a57</color>
        </PolyStyle>
      </Style>
      <Polygon>
        <outerBoundaryIs>
          <LinearRing>
            <coordinates>
              17.4051654,47.9045912
              17.4044895,47.9050084,0
              17.4038565,47.9052385,0
              17.4031913,47.9054039,0
              17.4023223,47.9054687,0
              17.4013889,47.9053176,0
              17.4007344,47.9050515,0
              17.4003911,47.90462,0
              17.4006057,47.9042244,0
              17.4013782,47.9034261,0
              17.4021077,47.9034692,0
              17.402848,47.9034045,0
              17.4040282,47.9031024,0
              17.4051654,47.9045912,0
            </coordinates>
          </LinearRing>
        </outerBoundaryIs>
      </Polygon>
    </Placemark>
    <Placemark>
      <name>Darnói kicsi 2</name>
      <Style>
        <LineStyle>
          <color>ffc57610</color>
          <width>2</width>
        </LineStyle>
        <PolyStyle>
          <color>ffc57610</color>
        </PolyStyle>
      </Style>
      <Polygon>
        <outerBoundaryIs>
          <LinearRing>
            <coordinates>
              17.4476141,47.8357804
              17.4476945,47.8356039,0
              17.451396,47.8365977,0
              17.451219,47.8367742,0
              17.4476141,47.8357804,0
            </coordinates>
          </LinearRing>
        </outerBoundaryIs>
      </Polygon>
    </Placemark>
    <Placemark>
      <name>Darnói kicsi 3</name>
      <Style>
        <LineStyle>
          <color>ff3ffdfd</color>
          <width>2</width>
        </LineStyle>
        <PolyStyle>
          <color>ff3ffdfd</color>
        </PolyStyle>
      </Style>
      <Polygon>
        <outerBoundaryIs>
          <LinearRing>
            <coordinates>
              17.4484617,47.8345488
              17.4523079,47.8357191,0
              17.4521363,47.8358524,0
              17.4483222,47.8346749,0
              17.4484617,47.8345488,0
            </coordinates>
          </LinearRing>
        </outerBoundaryIs>
      </Polygon>
    </Placemark>
    <Placemark>
      <name>Darnói kicsi 4</name>
      <Style>
        <LineStyle>
          <color>ff1562fa</color>
          <width>2</width>
        </LineStyle>
        <PolyStyle>
          <color>ff1562fa</color>
        </PolyStyle>
      </Style>
      <Polygon>
        <outerBoundaryIs>
          <LinearRing>
            <coordinates>
              17.4484617,47.8345488
              17.4486601,47.8343976,0
              17.4524689,47.8355535,0
              17.4523079,47.8357191,0
              17.4484617,47.8345488,0
            </coordinates>
          </LinearRing>
        </outerBoundaryIs>
      </Polygon>
    </Placemark>
    <Placemark>
      <name>Darnói kicsi 5</name>
      <Style>
        <LineStyle>
          <color>ffc271e8</color>
          <width>2</width>
        </LineStyle>
        <PolyStyle>
          <color>ffc271e8</color>
        </PolyStyle>
      </Style>
      <Polygon>
        <outerBoundaryIs>
          <LinearRing>
            <coordinates>
              17.449041,47.8340447
              17.4492449,47.8339114,0
              17.4529999,47.8350818,0
              17.452839,47.835233,0
              17.449041,47.8340447,0
            </coordinates>
          </LinearRing>
        </outerBoundaryIs>
      </Polygon>
    </Placemark>
    <Placemark>
      <name>Faluerdő</name>
      <Style>
        <LineStyle>
          <color>ff739358</color>
          <width>2</width>
        </LineStyle>
        <PolyStyle>
          <color>ff739358</color>
        </PolyStyle>
      </Style>
      <Polygon>
        <outerBoundaryIs>
          <LinearRing>
            <coordinates>
              17.4369965747132,47.88313324971067
              17.43647377833616,47.88230069401024,0
              17.43799376655037,47.88171595630237,0
              17.4386358153275,47.88237221119049,0
              17.43699657471325,47.88313324971067,0
            </coordinates>
          </LinearRing>
        </outerBoundaryIs>
      </Polygon>
    </Placemark>
    <Placemark>
      <name>Félholdak</name>
      <Style>
        <LineStyle>
          <color>ff47c3fc</color>
          <width>2</width>
        </LineStyle>
        <PolyStyle>
          <color>ff47c3fc</color>
        </PolyStyle>
      </Style>
      <Polygon>
        <outerBoundaryIs>
          <LinearRing>
            <coordinates>
              17.392956,47.9099204
              17.3928058,47.9097047,0
              17.3928595,47.9093523,0
              17.3939645,47.907691,0
              17.3947906,47.9072235,0
              17.3949301,47.9067129,0
              17.3945868,47.9055334,0
              17.3958313,47.9051882,0
              17.3966789,47.9061375,0
              17.3966038,47.9066482,0
              17.3975158,47.9063821,0
              17.3982882,47.9072523,0
              17.3969686,47.9077126,0
              17.396518,47.9081513,0
              17.3954022,47.9089639,0
              17.3949838,47.9092588,0
              17.3935246,47.9098269,0
              17.392956,47.9099204,0
            </coordinates>
          </LinearRing>
        </outerBoundaryIs>
      </Polygon>
    </Placemark>
    <Placemark>
      <name>Gyári tábla 1</name>
      <Style>
        <LineStyle>
          <color>ffa67f26</color>
          <width>2</width>
        </LineStyle>
        <PolyStyle>
          <color>ffa67f26</color>
        </PolyStyle>
      </Style>
      <Polygon>
        <outerBoundaryIs>
          <LinearRing>
            <coordinates>
              17.4518113887752,47.82211536271269
              17.45267525440322,47.82223014183607,0
              17.45270855938347,47.82236959278595,0
              17.45262244069353,47.82255977496853,0
              17.45175222012067,47.8224282034265,0
              17.45181138877524,47.82211536271269,0
            </coordinates>
          </LinearRing>
        </outerBoundaryIs>
      </Polygon>
    </Placemark>
    <Placemark>
      <name>Gyári tábla 2</name>
      <Style>
        <LineStyle>
          <color>ff577e89</color>
          <width>2</width>
        </LineStyle>
        <PolyStyle>
          <color>ff577e89</color>
        </PolyStyle>
      </Style>
      <Polygon>
        <outerBoundaryIs>
          <LinearRing>
            <coordinates>
              17.4513240902531,47.82267654252311
              17.45150751564165,47.82255398315583,0
              17.45168819595954,47.82254145209743,0
              17.45130090932176,47.82353634342691,0
              17.45102226527168,47.82348370414815,0
              17.45132409025311,47.82267654252311,0
            </coordinates>
          </LinearRing>
        </outerBoundaryIs>
      </Polygon>
    </Placemark>
    <Placemark>
      <name>Gyári tábla 3</name>
      <Style>
        <LineStyle>
          <color>ff1a1658</color>
          <width>2</width>
        </LineStyle>
        <PolyStyle>
          <color>ff1a1658</color>
        </PolyStyle>
      </Style>
      <Polygon>
        <outerBoundaryIs>
          <LinearRing>
            <coordinates>
              17.4510060073708,47.82347395628857
              17.45134946198093,47.82354094075529,0
              17.45171131944622,47.8225047521007,0
              17.45366292500204,47.82273992417788,0
              17.4528720584667,47.82369797888153,0
              17.45327155101137,47.82516934351032,0
              17.45050508928191,47.82507577048005,0
              17.45047849163193,47.82506911281219,0
              17.45100600737088,47.82347395628857,0
            </coordinates>
          </LinearRing>
        </outerBoundaryIs>
      </Polygon>
    </Placemark>
    <Placemark>
      <name>Gyári tábla 4</name>
      <Style>
        <LineStyle>
          <color>ff4f1543</color>
          <width>2</width>
        </LineStyle>
        <PolyStyle>
          <color>ff4f1543</color>
        </PolyStyle>
      </Style>
      <Polygon>
        <outerBoundaryIs>
          <LinearRing>
            <coordinates>
              17.4491751,47.8238096
              17.4494433,47.8220375,0
              17.4498349,47.8219114,0
              17.4502105,47.8218358,0
              17.4505162,47.8219582,0
              17.4508274,47.8219762,0
              17.4506825,47.8228011,0
              17.4503553,47.823914,0
              17.4491751,47.8238096,0
            </coordinates>
          </LinearRing>
        </outerBoundaryIs>
      </Polygon>
    </Placemark>
    <Placemark>
      <name>Gyöpföld</name>
      <Style>
        <LineStyle>
          <color>ff2d6c2d</color>
          <width>2</width>
        </LineStyle>
        <PolyStyle>
          <color>ff2d6c2d</color>
        </PolyStyle>
      </Style>
      <Polygon>
        <outerBoundaryIs>
          <LinearRing>
            <coordinates>
              17.3800063,47.8994773
              17.3831284,47.8976215,0
              17.3862183,47.8983839,0
              17.3875058,47.8987436,0
              17.3884606,47.8990673,0
              17.388922,47.899506,0
              17.3890507,47.9000455,0
              17.3890078,47.9005634,0
              17.388804,47.9011604,0
              17.388407,47.9015992,0
              17.3877096,47.9018149,0
              17.387141,47.902117,0
              17.386744,47.903311,0
              17.3800063,47.8994773,0
            </coordinates>
          </LinearRing>
        </outerBoundaryIs>
      </Polygon>
    </Placemark>
    <Placemark>
      <name>Gyümölcsösi lósziget kicsi</name>
      <Style>
        <LineStyle>
          <color>ff5e47bd</color>
          <width>2</width>
        </LineStyle>
        <PolyStyle>
          <color>ff5e47bd</color>
        </PolyStyle>
      </Style>
      <Polygon>
        <outerBoundaryIs>
          <LinearRing>
            <coordinates>
              17.4041891,47.9029945
              17.4058843,47.9024767,0
              17.4076653,47.9049652,0
              17.4074507,47.9054399,0
              17.4079227,47.9056125,0
              17.4066567,47.9061447,0
              17.4060988,47.905368,0
              17.4058199,47.9054255,0
              17.4041891,47.9029945,0
            </coordinates>
          </LinearRing>
        </outerBoundaryIs>
      </Polygon>
    </Placemark>
    <Placemark>
      <name>Gyümölcsösi lósziget nagy</name>
      <Style>
        <LineStyle>
          <color>ff34dcb4</color>
          <width>2</width>
        </LineStyle>
        <PolyStyle>
          <color>ff34dcb4</color>
        </PolyStyle>
      </Style>
      <Polygon>
        <outerBoundaryIs>
          <LinearRing>
            <coordinates>
              17.4078798,47.9047638
              17.4068069,47.9032247,0
              17.4076653,47.9029226,0
              17.4092102,47.9030377,0
              17.4108624,47.9034117,0
              17.4116135,47.9031384,0
              17.4124932,47.903498,0
              17.413094,47.9040734,0
              17.4134374,47.9050228,0
              17.413373,47.9057132,0
              17.4132228,47.9063317,0
              17.4135661,47.9064468,0
              17.4138665,47.9060009,0
              17.4138236,47.904807,0
              17.4137592,47.9041885,0
              17.4131799,47.9038145,0
              17.412858,47.903498,0
              17.4142098,47.9029514,0
              17.4172568,47.9070941,0
              17.4157119,47.9075831,0
              17.4137592,47.9075687,0
              17.4109912,47.9041597,0
              17.409339,47.9049077,0
              17.4084163,47.9047207,0
              17.4078798,47.9047638,0
            </coordinates>
          </LinearRing>
        </outerBoundaryIs>
      </Polygon>
    </Placemark>
    <Placemark>
      <name>Hatrendes</name>
      <Style>
        <LineStyle>
          <color>ffcdf195</color>
          <width>2</width>
        </LineStyle>
        <PolyStyle>
          <color>ffcdf195</color>
        </PolyStyle>
      </Style>
      <Polygon>
        <outerBoundaryIs>
          <LinearRing>
            <coordinates>
              17.4056214,47.896769
              17.4043286,47.897082,0
              17.4037814,47.8965892,0
              17.4048382,47.8959562,0
              17.4056214,47.896769,0
            </coordinates>
          </LinearRing>
        </outerBoundaryIs>
      </Polygon>
    </Placemark>
    <Placemark>
      <name>Hétrendes</name>
      <Style>
        <LineStyle>
          <color>ff4f3dde</color>
          <width>2</width>
        </LineStyle>
        <PolyStyle>
          <color>ff4f3dde</color>
        </PolyStyle>
      </Style>
      <Polygon>
        <outerBoundaryIs>
          <LinearRing>
            <coordinates>
              17.4175894,47.9072451
              17.414757,47.9035052,0
              17.4170423,47.9027212,0
              17.4175036,47.9033398,0
              17.4182761,47.9040446,0
              17.4190593,47.9038432,0
              17.4196815,47.9038216,0
              17.4198747,47.9040734,0
              17.419821,47.9043323,0
              17.4199283,47.9049652,0
              17.419821,47.9054399,0
              17.4200356,47.9058786,0
              17.4202931,47.9062023,0
              17.4204969,47.9064396,0
              17.4204648,47.9065187,0
              17.4175894,47.9072451,0
            </coordinates>
          </LinearRing>
        </outerBoundaryIs>
      </Polygon>
    </Placemark>
    <Placemark>
      <name>Hétrendes gyep</name>
      <Style>
        <LineStyle>
          <color>ff4f46a7</color>
          <width>2</width>
        </LineStyle>
        <PolyStyle>
          <color>ff4f46a7</color>
        </PolyStyle>
      </Style>
      <Polygon>
        <outerBoundaryIs>
          <LinearRing>
            <coordinates>
              17.4170959,47.9025558
              17.4169135,47.9027068,0
              17.4166024,47.9026637,0
              17.4163556,47.9024191,0
              17.4158406,47.9021458,0
              17.4153042,47.9023975,0
              17.4142313,47.9027859,0
              17.4132013,47.9013114,0
              17.4168062,47.9001246,0
              17.4169993,47.900923,0
              17.4173105,47.9014337,0
              17.4179864,47.9022393,0
              17.4170959,47.9025558,0
            </coordinates>
          </LinearRing>
        </outerBoundaryIs>
      </Polygon>
    </Placemark>
    <Placemark>
      <name>Hosszúnyilas</name>
      <Style>
        <LineStyle>
          <color>ff799174</color>
          <width>2</width>
        </LineStyle>
        <PolyStyle>
          <color>ff799174</color>
        </PolyStyle>
      </Style>
      <Polygon>
        <outerBoundaryIs>
          <LinearRing>
            <coordinates>
              17.3867011,47.7924145
              17.3956275,47.7854369,0
              17.3957777,47.7852206,0
              17.3984385,47.7867921,0
              17.389555,47.7935389,0
              17.3884177,47.7929046,0
              17.3867011,47.7924145,0
            </coordinates>
          </LinearRing>
        </outerBoundaryIs>
      </Polygon>
    </Placemark>
    <Placemark>
      <name>Hosszúosztály 1</name>
      <Style>
        <LineStyle>
          <color>ff46e658</color>
          <width>2</width>
        </LineStyle>
        <PolyStyle>
          <color>ff46e658</color>
        </PolyStyle>
      </Style>
      <Polygon>
        <outerBoundaryIs>
          <LinearRing>
            <coordinates>
              17.364471,47.8977869
              17.3651147,47.8974992,0
              17.3725605,47.9017574,0
              17.37432,47.9011388,0
              17.3756075,47.9002757,0
              17.3766375,47.9009087,0
              17.3722386,47.9022321,0
              17.364471,47.8977869,0
            </coordinates>
          </LinearRing>
        </outerBoundaryIs>
      </Polygon>
    </Placemark>
    <Placemark>
      <name>Hosszúosztály 2</name>
      <Style>
        <LineStyle>
          <color>ffae92fe</color>
          <width>2</width>
        </LineStyle>
        <PolyStyle>
          <color>ffae92fe</color>
        </PolyStyle>
      </Style>
      <Polygon>
        <outerBoundaryIs>
          <LinearRing>
            <coordinates>
              17.3699427,47.9030089
              17.3620677,47.8986645,0
              17.3639131,47.8978732,0
              17.3718953,47.9023616,0
              17.3699427,47.9030089,0
            </coordinates>
          </LinearRing>
        </outerBoundaryIs>
      </Polygon>
    </Placemark>
    <Placemark>
      <name>Hosszúosztály 3</name>
      <Style>
        <LineStyle>
          <color>ff98e9ab</color>
          <width>2</width>
        </LineStyle>
        <PolyStyle>
          <color>ff98e9ab</color>
        </PolyStyle>
      </Style>
      <Polygon>
        <outerBoundaryIs>
          <LinearRing>
            <coordinates>
              17.3620248,47.9054111
              17.3582053,47.9029514,0
              17.3591065,47.9025342,0
              17.3597074,47.902189,0
              17.3600936,47.9015272,0
              17.360909,47.9006785,0
              17.3613596,47.8993262,0
              17.368505,47.9034261,0
              17.3622608,47.9053392,0
              17.3620248,47.9054111,0
            </coordinates>
          </LinearRing>
        </outerBoundaryIs>
      </Polygon>
    </Placemark>
    <Placemark>
      <name>Irtás</name>
      <Style>
        <LineStyle>
          <color>ff65d860</color>
          <width>2</width>
        </LineStyle>
        <PolyStyle>
          <color>ff65d860</color>
        </PolyStyle>
      </Style>
      <Polygon>
        <outerBoundaryIs>
          <LinearRing>
            <coordinates>
              17.4251103,47.8742454
              17.4244452,47.872547,0
              17.4257755,47.8721152,0
              17.426033,47.8720144,0
              17.4260116,47.8715826,0
              17.4262691,47.8713955,0
              17.4261189,47.8710788,0
              17.4296808,47.8705751,0
              17.4299598,47.8707766,0
              17.4300885,47.871194,0
              17.4291444,47.8721584,0
              17.4289727,47.8736984,0
              17.4253464,47.8742454,0
              17.4251103,47.8742454,0
            </coordinates>
          </LinearRing>
        </outerBoundaryIs>
      </Polygon>
    </Placemark>
    <Placemark>
      <name>Irtás kicsi</name>
      <Style>
        <LineStyle>
          <color>ffa87d44</color>
          <width>2</width>
        </LineStyle>
        <PolyStyle>
          <color>ffa87d44</color>
        </PolyStyle>
      </Style>
      <Polygon>
        <outerBoundaryIs>
          <LinearRing>
            <coordinates>
              17.4308717,47.8711508
              17.4307215,47.8709421,0
              17.4299061,47.8704383,0
              17.4333286,47.869841,0
              17.4334681,47.8702368,0
              17.4308717,47.8711508,0
            </coordinates>
          </LinearRing>
        </outerBoundaryIs>
      </Polygon>
    </Placemark>
    <Placemark>
      <name>Jegyzőföld 1</name>
      <Style>
        <LineStyle>
          <color>ff4254fd</color>
          <width>2</width>
        </LineStyle>
        <PolyStyle>
          <color>ff4254fd</color>
        </PolyStyle>
      </Style>
      <Polygon>
        <outerBoundaryIs>
          <LinearRing>
            <coordinates>
              17.4070215,47.8810528
              17.4057126,47.879772,0
              17.407515,47.8755119,0
              17.4081373,47.8744037,0
              17.4094033,47.8748499,0
              17.4129224,47.8788797,0
              17.4070215,47.8810528,0
            </coordinates>
          </LinearRing>
        </outerBoundaryIs>
      </Polygon>
    </Placemark>
    <Placemark>
      <name>Jegyzőföld 2</name>
      <Style>
        <LineStyle>
          <color>ff5f4ebc</color>
          <width>2</width>
        </LineStyle>
        <PolyStyle>
          <color>ff5f4ebc</color>
        </PolyStyle>
      </Style>
      <Polygon>
        <outerBoundaryIs>
          <LinearRing>
            <coordinates>
              17.4214196,47.8785199
              17.4199176,47.8764475,0
              17.4214411,47.874706,0
              17.4214625,47.8737272,0
              17.4225998,47.8720288,0
              17.4236512,47.8707046,0
              17.4238014,47.870719,0
              17.4250245,47.8743749,0
              17.4258184,47.8766346,0
              17.4260545,47.8790812,0
              17.4219131,47.8785487,0
              17.4214196,47.8785199,0
            </coordinates>
          </LinearRing>
        </outerBoundaryIs>
      </Polygon>
    </Placemark>
    <Placemark>
      <name>Jegyzőföld 3</name>
      <Style>
        <LineStyle>
          <color>ffd9a56c</color>
          <width>2</width>
        </LineStyle>
        <PolyStyle>
          <color>ffd9a56c</color>
        </PolyStyle>
      </Style>
      <Polygon>
        <outerBoundaryIs>
          <LinearRing>
            <coordinates>
              17.4095428,47.8749146
              17.4166453,47.87757,0
              17.4151218,47.8781601,0
              17.4169028,47.8801677,0
              17.4148321,47.8809736,0
              17.4095428,47.8749146,0
            </coordinates>
          </LinearRing>
        </outerBoundaryIs>
      </Polygon>
    </Placemark>
    <Placemark>
      <name>Kápolna-Déllő</name>
      <Style>
        <LineStyle>
          <color>ffaf4562</color>
          <width>2</width>
        </LineStyle>
        <PolyStyle>
          <color>ffaf4562</color>
        </PolyStyle>
      </Style>
      <Polygon>
        <outerBoundaryIs>
          <LinearRing>
            <coordinates>
              17.3784614,47.9003476
              17.3837614,47.903872,0
              17.3827744,47.9047063,0
              17.3828387,47.9052241,0
              17.3837399,47.906116,0
              17.3826456,47.9074249,0
              17.3808217,47.9086043,0
              17.3796415,47.909266,0
              17.3784828,47.9090358,0
              17.3770452,47.9079139,0
              17.3765302,47.9072523,0
              17.3764229,47.9063173,0
              17.3757792,47.9055981,0
              17.3751998,47.9052241,0
              17.374835,47.9043179,0
              17.3735905,47.904246,0
              17.3723888,47.9041741,0
              17.3719168,47.9037281,0
              17.3704576,47.9033541,0
              17.3698354,47.903124,0
              17.3779893,47.9006497,0
              17.3784614,47.9003476,0
            </coordinates>
          </LinearRing>
        </outerBoundaryIs>
      </Polygon>
    </Placemark>
    <Placemark>
      <name>Károlyháza Rákóczy</name>
      <Style>
        <LineStyle>
          <color>ff516127</color>
          <width>2</width>
        </LineStyle>
        <PolyStyle>
          <color>ff516127</color>
        </PolyStyle>
      </Style>
      <Polygon>
        <outerBoundaryIs>
          <LinearRing>
            <coordinates>
              17.3513603,47.8049114
              17.3503518,47.804162,0
              17.3592997,47.7993768,0
              17.3602867,47.8001407,0
              17.3513603,47.8049114,0
            </coordinates>
          </LinearRing>
        </outerBoundaryIs>
      </Polygon>
    </Placemark>
    <Placemark>
      <name>Károlyháza Szage hidró</name>
      <Style>
        <LineStyle>
          <color>ff7e1651</color>
          <width>2</width>
        </LineStyle>
        <PolyStyle>
          <color>ff7e1651</color>
        </PolyStyle>
      </Style>
      <Polygon>
        <outerBoundaryIs>
          <LinearRing>
            <coordinates>
              17.3499227,47.8037008
              17.3492789,47.8031531,0
              17.3580337,47.7981516,0
              17.3586774,47.798757,0
              17.3499227,47.8037008,0
            </coordinates>
          </LinearRing>
        </outerBoundaryIs>
      </Polygon>
    </Placemark>
    <Placemark>
      <name>Károlyi úton kicsi</name>
      <Style>
        <LineStyle>
          <color>ff25f117</color>
          <width>2</width>
        </LineStyle>
        <PolyStyle>
          <color>ff25f117</color>
        </PolyStyle>
      </Style>
      <Polygon>
        <outerBoundaryIs>
          <LinearRing>
            <coordinates>
              17.4659282,47.8298781
              17.4658585,47.8297233,0
              17.469635,47.8291363,0
              17.4694741,47.8293487,0
              17.4659282,47.8298781,0
            </coordinates>
          </LinearRing>
        </outerBoundaryIs>
      </Polygon>
    </Placemark>
    <Placemark>
      <name>Kavicsbányai - SM</name>
      <Style>
        <LineStyle>
          <color>ffdaafb9</color>
          <width>2</width>
        </LineStyle>
        <PolyStyle>
          <color>ffdaafb9</color>
        </PolyStyle>
      </Style>
      <Polygon>
        <outerBoundaryIs>
          <LinearRing>
            <coordinates>
              17.2016823,47.8572229
              17.2027659,47.8558551,0
              17.2031629,47.8552072,0
              17.2058344,47.852817,0
              17.2068536,47.8532994,0
              17.202208,47.8574749,0
              17.2016823,47.8572229,0
            </coordinates>
          </LinearRing>
        </outerBoundaryIs>
      </Polygon>
    </Placemark>
    <Placemark>
      <name>Kavicsbányai - LM</name>
      <Style>
        <LineStyle>
          <color>ff963cdf</color>
          <width>2</width>
        </LineStyle>
        <PolyStyle>
          <color>ff963cdf</color>
        </PolyStyle>
      </Style>
      <Polygon>
        <outerBoundaryIs>
          <LinearRing>
            <coordinates>
              17.203002,47.8577916
              17.202208,47.8574245,0
              17.2069287,47.8534074,0
              17.2079051,47.8538754,0
              17.203002,47.8577916,0
            </coordinates>
          </LinearRing>
        </outerBoundaryIs>
      </Polygon>
    </Placemark>
    <Placemark>
      <name>Kilva 31</name>
      <Style>
        <LineStyle>
          <color>ff6a1c36</color>
          <width>2</width>
        </LineStyle>
        <PolyStyle>
          <color>ff6a1c36</color>
        </PolyStyle>
      </Style>
      <Polygon>
        <outerBoundaryIs>
          <LinearRing>
            <coordinates>
              17.3943186,47.8931471
              17.3910141,47.8959886,0
              17.3896837,47.8955282,0
              17.3893619,47.8953843,0
              17.389276,47.8952332,0
              17.3895764,47.8948304,0
              17.390027,47.8945427,0
              17.3909819,47.8942621,0
              17.3920548,47.8940031,0
              17.3939002,47.8930679,0
              17.3943186,47.8931471,0
            </coordinates>
          </LinearRing>
        </outerBoundaryIs>
      </Polygon>
    </Placemark>
    <Placemark>
      <name>Kilva 61</name>
      <Style>
        <LineStyle>
          <color>ffea34f2</color>
          <width>2</width>
        </LineStyle>
        <PolyStyle>
          <color>ffea34f2</color>
        </PolyStyle>
      </Style>
      <Polygon>
        <outerBoundaryIs>
          <LinearRing>
            <coordinates>
              17.3941818,47.8933161
              17.3943293,47.8933989,0
              17.3936588,47.8939995,0
              17.3932725,47.8946182,0
              17.3930418,47.8951397,0
              17.3926234,47.895762,0
              17.3922586,47.8961792,0
              17.3919904,47.8963123,0
              17.391057,47.896003,0
              17.3941818,47.8933161,0
            </coordinates>
          </LinearRing>
        </outerBoundaryIs>
      </Polygon>
    </Placemark>
    <Placemark>
      <name>Kis Paptag</name>
      <Style>
        <LineStyle>
          <color>ffea4457</color>
          <width>2</width>
        </LineStyle>
        <PolyStyle>
          <color>ffea4457</color>
        </PolyStyle>
      </Style>
      <Polygon>
        <outerBoundaryIs>
          <LinearRing>
            <coordinates>
              17.4556661,47.8427512
              17.4549794,47.8433345,0
              17.4549043,47.8433345,0
              17.4532628,47.8442994,0
              17.4508703,47.8429601,0
              17.4529946,47.8409654,0
              17.4556661,47.8427512,0
            </coordinates>
          </LinearRing>
        </outerBoundaryIs>
      </Polygon>
    </Placemark>
    <Placemark>
      <name>Kishosszúosztály</name>
      <Style>
        <LineStyle>
          <color>ff8918ab</color>
          <width>2</width>
        </LineStyle>
        <PolyStyle>
          <color>ff8918ab</color>
        </PolyStyle>
      </Style>
      <Polygon>
        <outerBoundaryIs>
          <LinearRing>
            <coordinates>
              17.3688483,47.9034404
              17.3683548,47.9045768,0
              17.3677325,47.9053248,0
              17.3667884,47.906044,0
              17.3658013,47.9071085,0
              17.3653078,47.9078133,0
              17.3648572,47.9079715,0
              17.3642993,47.9076694,0
              17.3635054,47.9074968,0
              17.3620248,47.9074393,0
              17.3608875,47.90754,0
              17.3597932,47.9065906,0
              17.361145,47.9057276,0
              17.3688483,47.9034404,0
            </coordinates>
          </LinearRing>
        </outerBoundaryIs>
      </Polygon>
    </Placemark>
    <Placemark>
      <name>Kishosszúosztály 2</name>
      <Style>
        <LineStyle>
          <color>ffd08e09</color>
          <width>2</width>
        </LineStyle>
        <PolyStyle>
          <color>ffd08e09</color>
        </PolyStyle>
      </Style>
      <Polygon>
        <outerBoundaryIs>
          <LinearRing>
            <coordinates>
              17.3675519356907,47.90380586812777
              17.36867200544257,47.90348288206635,0
              17.36873842479308,47.90356553461189,0
              17.36815964614232,47.90463328323239,0
              17.36755193569072,47.90380586812777,0
            </coordinates>
          </LinearRing>
        </outerBoundaryIs>
      </Polygon>
    </Placemark>
    <Placemark>
      <name>Kis Makkszeg</name>
      <Style>
        <LineStyle>
          <color>ff89b47c</color>
          <width>2</width>
        </LineStyle>
        <PolyStyle>
          <color>ff89b47c</color>
        </PolyStyle>
      </Style>
      <Polygon>
        <outerBoundaryIs>
          <LinearRing>
            <coordinates>
              17.4349755393501,47.87883912617404
              17.43542347851972,47.87871792026119,0
              17.43570520187916,47.87896301876339,0
              17.43592914552861,47.87885397762616,0
              17.43567679694863,47.87859810989426,0
              17.43607328463956,47.87845692836881,0
              17.43857724761718,47.88082782897318,0
              17.43742037244904,47.88115938038933,0
              17.43497553935019,47.87883912617404,0
            </coordinates>
          </LinearRing>
        </outerBoundaryIs>
      </Polygon>
    </Placemark>
    <Placemark>
      <name>Kohány 49</name>
      <Style>
        <LineStyle>
          <color>ffbe75ff</color>
          <width>2</width>
        </LineStyle>
        <PolyStyle>
          <color>ffbe75ff</color>
        </PolyStyle>
      </Style>
      <Polygon>
        <outerBoundaryIs>
          <LinearRing>
            <coordinates>
              17.3848987,47.8830243
              17.3821521,47.8812687,0
              17.3843622,47.8800166,0
              17.3860359,47.8789948,0
              17.387023,47.8781169,0
              17.3878598,47.8774837,0
              17.3897481,47.8773542,0
              17.3919582,47.8779298,0
              17.3933315,47.8784911,0
              17.394104,47.8790236,0
              17.3939967,47.8799015,0
              17.393868,47.8802325,0
              17.3931813,47.8803476,0
              17.3924947,47.8809521,0
              17.3912501,47.8815997,0
              17.3891258,47.882938,0
              17.3879242,47.8825782,0
              17.3865938,47.8825926,0
              17.3855639,47.8828229,0
              17.3848987,47.8830243,0
            </coordinates>
          </LinearRing>
        </outerBoundaryIs>
      </Polygon>
    </Placemark>
    <Placemark>
      <name>Kohány fű</name>
      <Style>
        <LineStyle>
          <color>ff597966</color>
          <width>2</width>
        </LineStyle>
        <PolyStyle>
          <color>ff597966</color>
        </PolyStyle>
      </Style>
      <Polygon>
        <outerBoundaryIs>
          <LinearRing>
            <coordinates>
              17.3906386,47.8836503
              17.3904026,47.8834776,0
              17.3899841,47.883305,0
              17.3891258,47.882938,0
              17.3911643,47.881722,0
              17.391057,47.882938,0
              17.3910892,47.8835424,0
              17.3906386,47.8836503,0
            </coordinates>
          </LinearRing>
        </outerBoundaryIs>
      </Polygon>
    </Placemark>
    <Placemark>
      <name>Kozlik csatornapart</name>
      <Style>
        <LineStyle>
          <color>ff9957b0</color>
          <width>2</width>
        </LineStyle>
        <PolyStyle>
          <color>ff9957b0</color>
        </PolyStyle>
      </Style>
      <Polygon>
        <outerBoundaryIs>
          <LinearRing>
            <coordinates>
              17.2513247,47.8218934
              17.2549403,47.8191271,0
              17.2605193,47.8221599,0
              17.2568607,47.8250197,0
              17.2513247,47.8218934,0
            </coordinates>
          </LinearRing>
        </outerBoundaryIs>
      </Polygon>
    </Placemark>
    <Placemark>
      <name>Kölesföld nagy</name>
      <Style>
        <LineStyle>
          <color>ff65e8ce</color>
          <width>2</width>
        </LineStyle>
        <PolyStyle>
          <color>ff65e8ce</color>
        </PolyStyle>
      </Style>
      <Polygon>
        <outerBoundaryIs>
          <LinearRing>
            <coordinates>
              17.3938251,47.8924637
              17.3929882,47.89255,0
              17.3886752,47.89396,0
              17.3871732,47.8931111,0
              17.3866153,47.8927802,0
              17.3860574,47.8924061,0
              17.385993,47.8916148,0
              17.384727,47.8891687,0
              17.3852205,47.8880464,0
              17.385478,47.8874996,0
              17.385993,47.8872694,0
              17.3863578,47.8874852,0
              17.3876882,47.8881615,0
              17.38904,47.8885068,0
              17.3902202,47.8901615,0
              17.3919153,47.8895428,0
              17.3928809,47.8907946,0
              17.3935032,47.8908953,0
              17.3936319,47.8911112,0
              17.393117,47.8914565,0
              17.3931384,47.8916291,0
              17.3937392,47.8916148,0
              17.3938251,47.8924637,0
            </coordinates>
          </LinearRing>
        </outerBoundaryIs>
      </Polygon>
    </Placemark>
    <Placemark>
      <name>Kölesföld kicsi</name>
      <Style>
        <LineStyle>
          <color>ffe50581</color>
          <width>2</width>
        </LineStyle>
        <PolyStyle>
          <color>ffe50581</color>
        </PolyStyle>
      </Style>
      <Polygon>
        <outerBoundaryIs>
          <LinearRing>
            <coordinates>
              17.3924518,47.889363
              17.3915935,47.888327,0
              17.3922265,47.8878737,0
              17.3929453,47.8877442,0
              17.3934603,47.8874636,0
              17.3939967,47.8871327,0
              17.394222,47.8866003,0
              17.3971832,47.8865499,0
              17.3971832,47.8866938,0
              17.3957884,47.8873773,0
              17.3937178,47.8886579,0
              17.3930955,47.8890752,0
              17.3924518,47.889363,0
            </coordinates>
          </LinearRing>
        </outerBoundaryIs>
      </Polygon>
    </Placemark>
    <Placemark>
      <name>Kölesföld fű</name>
      <Style>
        <LineStyle>
          <color>ff188965</color>
          <width>2</width>
        </LineStyle>
        <PolyStyle>
          <color>ff188965</color>
        </PolyStyle>
      </Style>
      <Polygon>
        <outerBoundaryIs>
          <LinearRing>
            <coordinates>
              17.3918295,47.8939024
              17.3912716,47.8932766,0
              17.3916042,47.8931579,0
              17.392087,47.8929313,0
              17.392661,47.8927586,0
              17.3932993,47.8926687,0
              17.3931921,47.8932945,0
              17.3918295,47.8939024,0
            </coordinates>
          </LinearRing>
        </outerBoundaryIs>
      </Polygon>
    </Placemark>
    <Placemark>
      <name>Kölesföld tó</name>
      <Style>
        <LineStyle>
          <color>ffbd4157</color>
          <width>2</width>
        </LineStyle>
        <PolyStyle>
          <color>ffbd4157</color>
        </PolyStyle>
      </Style>
      <Polygon>
        <outerBoundaryIs>
          <LinearRing>
            <coordinates>
              17.3966038,47.8870895
              17.398932,47.8892335,0
              17.3989105,47.8893917,0
              17.3978269,47.8897587,0
              17.3953164,47.8907371,0
              17.3951018,47.8905356,0
              17.3943937,47.8908522,0
              17.3931277,47.8895141,0
              17.3930955,47.8892766,0
              17.3935997,47.8888738,0
              17.3949194,47.8880032,0
              17.3966038,47.8870895,0
            </coordinates>
          </LinearRing>
        </outerBoundaryIs>
      </Polygon>
    </Placemark>
    <Placemark>
      <name>Körtefai</name>
      <Style>
        <LineStyle>
          <color>ff82c650</color>
          <width>2</width>
        </LineStyle>
        <PolyStyle>
          <color>ff82c650</color>
        </PolyStyle>
      </Style>
      <Polygon>
        <outerBoundaryIs>
          <LinearRing>
            <coordinates>
              17.4340367,47.8246596
              17.4282539,47.8244507,0
              17.4288332,47.8239968,0
              17.429198,47.8235574,0
              17.4292839,47.8231901,0
              17.4307537,47.8223328,0
              17.4317622,47.8225922,0
              17.4327707,47.8225561,0
              17.4334359,47.8223904,0
              17.4340475,47.8221167,0
              17.4348092,47.8217061,0
              17.4340367,47.8246596,0
            </coordinates>
          </LinearRing>
        </outerBoundaryIs>
      </Polygon>
    </Placemark>
    <Placemark>
      <name>Külső lósziget</name>
      <Style>
        <LineStyle>
          <color>ffcfce87</color>
          <width>2</width>
        </LineStyle>
        <PolyStyle>
          <color>ffcfce87</color>
        </PolyStyle>
      </Style>
      <Polygon>
        <outerBoundaryIs>
          <LinearRing>
            <coordinates>
              17.3998225,47.9056629
              17.4002194,47.9053033,0
              17.4002945,47.9051666,0
              17.4008739,47.9054183,0
              17.4016035,47.9056413,0
              17.4025905,47.9056844,0
              17.4032986,47.9055766,0
              17.4040496,47.9054111,0
              17.404629,47.905181,0
              17.4053371,47.9047926,0
              17.4061954,47.9060512,0
              17.407161,47.9072882,0
              17.4042642,47.9072307,0
              17.4030519,47.9070725,0
              17.4021614,47.9068208,0
              17.3998225,47.9056629,0
            </coordinates>
          </LinearRing>
        </outerBoundaryIs>
      </Polygon>
    </Placemark>
    <Placemark>
      <name>Külsőkerekes</name>
      <Style>
        <LineStyle>
          <color>ff4385ea</color>
          <width>2</width>
        </LineStyle>
        <PolyStyle>
          <color>ff4385ea</color>
        </PolyStyle>
      </Style>
      <Polygon>
        <outerBoundaryIs>
          <LinearRing>
            <coordinates>
              17.4740124,47.8039169
              17.4745488,47.8032828,0
              17.4748707,47.8032251,0
              17.4747634,47.8028792,0
              17.4752355,47.8023171,0
              17.4760723,47.8016397,0
              17.4770379,47.8012794,0
              17.4771881,47.8030089,0
              17.4819946,47.8029225,0
              17.4824238,47.8073758,0
              17.4810076,47.8074046,0
              17.4805999,47.8073326,0
              17.4802995,47.8071741,0
              17.4800205,47.8068426,0
              17.479248,47.8063382,0
              17.4781108,47.8060499,0
              17.4769092,47.8057473,0
              17.4740124,47.8039169,0
            </coordinates>
          </LinearRing>
        </outerBoundaryIs>
      </Polygon>
    </Placemark>
    <Placemark>
      <name>Legelő</name>
      <Style>
        <LineStyle>
          <color>ffc317f7</color>
          <width>2</width>
        </LineStyle>
        <PolyStyle>
          <color>ffc317f7</color>
        </PolyStyle>
      </Style>
      <Polygon>
        <outerBoundaryIs>
          <LinearRing>
            <coordinates>
              17.4644423,47.8188317
              17.4710727,47.8235862,0
              17.470901,47.8239608,0
              17.470386,47.8240617,0
              17.4637127,47.8192928,0
              17.4644423,47.8188317,0
            </coordinates>
          </LinearRing>
        </outerBoundaryIs>
      </Polygon>
    </Placemark>
    <Placemark>
      <name>Lickói híd</name>
      <Style>
        <LineStyle>
          <color>ff4ad3ad</color>
          <width>2</width>
        </LineStyle>
        <PolyStyle>
          <color>ff4ad3ad</color>
        </PolyStyle>
      </Style>
      <Polygon>
        <outerBoundaryIs>
          <LinearRing>
            <coordinates>
              17.4348521,47.8125349
              17.4344444,47.8122323,0
              17.4341011,47.8114829,0
              17.4330711,47.8103877,0
              17.4356461,47.8096816,0
              17.4372983,47.8125637,0
              17.4365258,47.8135436,0
              17.4359679,47.8134859,0
              17.4348521,47.8125349,0
            </coordinates>
          </LinearRing>
        </outerBoundaryIs>
      </Polygon>
    </Placemark>
    <Placemark>
      <name>Lickói leágazó</name>
      <Style>
        <LineStyle>
          <color>ffd751f7</color>
          <width>2</width>
        </LineStyle>
        <PolyStyle>
          <color>ffd751f7</color>
        </PolyStyle>
      </Style>
      <Polygon>
        <outerBoundaryIs>
          <LinearRing>
            <coordinates>
              17.406292,47.7916937
              17.4032664,47.7895313,0
              17.4092746,47.7856964,0
              17.4102616,47.786374,0
              17.408309,47.788378,0
              17.4069786,47.7900503,0
              17.4067211,47.7906702,0
              17.4066782,47.7912324,0
              17.406292,47.7916937,0
            </coordinates>
          </LinearRing>
        </outerBoundaryIs>
      </Polygon>
    </Placemark>
    <Placemark>
      <name>Lucska 16</name>
      <Style>
        <LineStyle>
          <color>ffee4e5e</color>
          <width>2</width>
        </LineStyle>
        <PolyStyle>
          <color>ffee4e5e</color>
        </PolyStyle>
      </Style>
      <Polygon>
        <outerBoundaryIs>
          <LinearRing>
            <coordinates>
              17.369771,47.9001462
              17.3651147,47.8974992,0
              17.3665738,47.8969525,0
              17.3670459,47.8962188,0
              17.367003,47.8947225,0
              17.3676038,47.8937585,0
              17.3692346,47.8933125,0
              17.3705864,47.8934708,0
              17.3719811,47.8935283,0
              17.3733974,47.8937442,0
              17.3741698,47.8933845,0
              17.3757792,47.8944204,0
              17.3712516,47.8971971,0
              17.3735476,47.8987939,0
              17.3736334,47.899168,0
              17.374084,47.8996571,0
              17.3741484,47.9000167,0
              17.3741269,47.9004052,0
              17.3737192,47.9007216,0
              17.3731613,47.9009087,0
              17.3723888,47.9008799,0
              17.3717237,47.900736,0
              17.3709512,47.9002613,0
              17.3711872,47.9001174,0
              17.3705649,47.8996571,0
            </coordinates>
          </LinearRing>
        </outerBoundaryIs>
      </Polygon>
    </Placemark>
    <Placemark>
      <name>Makkszeg</name>
      <Style>
        <LineStyle>
          <color>ff7fd151</color>
          <width>2</width>
        </LineStyle>
        <PolyStyle>
          <color>ff7fd151</color>
        </PolyStyle>
      </Style>
      <Polygon>
        <outerBoundaryIs>
          <LinearRing>
            <coordinates>
              17.436270568835,47.88331238008482
              17.43518677526545,47.88324557951028,0
              17.43287691860688,47.88286774801907,0
              17.43520040880746,47.88203549348254,0
              17.43627056883507,47.88331238008482,0
            </coordinates>
          </LinearRing>
        </outerBoundaryIs>
      </Polygon>
    </Placemark>
    <Placemark>
      <name>Marsaltag bal</name>
      <Style>
        <LineStyle>
          <color>ff170f16</color>
          <width>2</width>
        </LineStyle>
        <PolyStyle>
          <color>ff170f16</color>
        </PolyStyle>
      </Style>
      <Polygon>
        <outerBoundaryIs>
          <LinearRing>
            <coordinates>
              17.394104,47.8760445
              17.3952842,47.8749075,0
              17.3962927,47.8756559,0
              17.3975158,47.8763611,0
              17.3979878,47.8760157,0
              17.3983955,47.8761452,0
              17.4002624,47.8768936,0
              17.4006271,47.8765194,0
              17.3999405,47.876174,0
              17.4005842,47.8755983,0
              17.4011636,47.8754832,0
              17.4017,47.8755695,0
              17.4030948,47.8757854,0
              17.4035668,47.8757278,0
              17.4040604,47.8757854,0
              17.4042964,47.8760589,0
              17.4044466,47.8767209,0
              17.4047899,47.8772534,0
              17.4032235,47.8792683,0
              17.394104,47.8760445,0
            </coordinates>
          </LinearRing>
        </outerBoundaryIs>
      </Polygon>
    </Placemark>
    <Placemark>
      <name>Marsaltag jobb</name>
      <Style>
        <LineStyle>
          <color>ff02dbe5</color>
          <width>2</width>
        </LineStyle>
        <PolyStyle>
          <color>ff02dbe5</color>
        </PolyStyle>
      </Style>
      <Polygon>
        <outerBoundaryIs>
          <LinearRing>
            <coordinates>
              17.3940825,47.8761884
              17.4045753,47.8799591,0
              17.4035454,47.880765,0
              17.4003482,47.8812974,0
              17.3986745,47.8818011,0
              17.3973441,47.8824775,0
              17.3963141,47.8825638,0
              17.3956919,47.8827365,0
              17.3951769,47.8830387,0
              17.3949194,47.882938,0
              17.3942757,47.8832546,0
              17.3933959,47.8829092,0
              17.3926663,47.883269,0
              17.391572,47.8828373,0
              17.3916578,47.881945,0
              17.3924732,47.8814126,0
              17.3937607,47.8808082,0
              17.3945332,47.8797144,0
              17.3941684,47.8785919,0
              17.393074,47.8779874,0
              17.3916364,47.8775557,0
              17.3929882,47.87698,0
              17.3940825,47.8761884,0
            </coordinates>
          </LinearRing>
        </outerBoundaryIs>
      </Polygon>
    </Placemark>
    <Placemark>
      <name>Mázsaház mögött</name>
      <Style>
        <LineStyle>
          <color>fffc67a5</color>
          <width>2</width>
        </LineStyle>
        <PolyStyle>
          <color>fffc67a5</color>
        </PolyStyle>
      </Style>
      <Polygon>
        <outerBoundaryIs>
          <LinearRing>
            <coordinates>
              17.397446,47.8864312
              17.3973173,47.8862441,0
              17.3973066,47.886147,0
              17.3973548,47.8860858,0
              17.3973548,47.8859024,0
              17.3971993,47.8857441,0
              17.3970491,47.885629,0
              17.3969579,47.8853843,0
              17.3969954,47.8853376,0
              17.3972744,47.88528,0
              17.3976713,47.8852081,0
              17.3980522,47.8851181,0
              17.3986369,47.8850677,0
              17.398755,47.8851865,0
              17.3989213,47.8854779,0
              17.398991,47.8857333,0
              17.3988193,47.8859239,0
              17.3985189,47.8860499,0
              17.3983204,47.8862621,0
              17.397961,47.8864276,0
              17.397446,47.8864312,0
            </coordinates>
          </LinearRing>
        </outerBoundaryIs>
      </Polygon>
    </Placemark>
    <Placemark>
      <name>Mecséri út mellett</name>
      <Style>
        <LineStyle>
          <color>fff71770</color>
          <width>2</width>
        </LineStyle>
        <PolyStyle>
          <color>fff71770</color>
        </PolyStyle>
      </Style>
      <Polygon>
        <outerBoundaryIs>
          <LinearRing>
            <coordinates>
              17.4825096,47.8058626
              17.4818444,47.7998813,0
              17.4822736,47.7998381,0
              17.4835181,47.8002272,0
              17.4844623,47.8005011,0
              17.4854708,47.8008326,0
              17.4874449,47.8009623,0
              17.4925947,47.801265,0
              17.4928093,47.804652,0
              17.4903202,47.805387,0
              17.4890327,47.8058626,0
              17.4881101,47.8055023,0
              17.4872947,47.8049979,0
              17.4866724,47.8048537,0
              17.4859214,47.8048105,0
              17.4850845,47.8049835,0
              17.4843979,47.8051996,0
              17.4825096,47.8058626,0
            </coordinates>
          </LinearRing>
        </outerBoundaryIs>
      </Polygon>
    </Placemark>
    <Placemark>
      <name>Meggyes</name>
      <Style>
        <LineStyle>
          <color>ff203766</color>
          <width>2</width>
        </LineStyle>
        <PolyStyle>
          <color>ff203766</color>
        </PolyStyle>
      </Style>
      <Polygon>
        <outerBoundaryIs>
          <LinearRing>
            <coordinates>
              17.4690449,47.8407062
              17.4724674,47.8382433,0
              17.4728215,47.8382505,0
              17.4730146,47.8380345,0
              17.4737227,47.837552,0
              17.4740553,47.8379048,0
              17.4695277,47.8410374,0
              17.4690449,47.8407062,0
            </coordinates>
          </LinearRing>
        </outerBoundaryIs>
      </Polygon>
    </Placemark>
    <Placemark>
      <name>Micsótag</name>
      <Style>
        <LineStyle>
          <color>ff9a2558</color>
          <width>2</width>
        </LineStyle>
        <PolyStyle>
          <color>ff9a2558</color>
        </PolyStyle>
      </Style>
      <Polygon>
        <outerBoundaryIs>
          <LinearRing>
            <coordinates>
              17.4678326,47.8114685
              17.4676824,47.8106904,0
              17.4677682,47.8092925,0
              17.4677253,47.8076641,0
              17.4680042,47.8054014,0
              17.4680686,47.8047673,0
              17.4681759,47.8040178,0
              17.468605,47.8032251,0
              17.470665,47.8045079,0
              17.4701071,47.8053293,0
              17.4690986,47.8059347,0
              17.4684763,47.8064535,0
              17.4684548,47.8073038,0
              17.4691415,47.808082,0
              17.4699998,47.808889,0
              17.4704075,47.8098113,0
              17.4703646,47.8107048,0
              17.4696565,47.8116126,0
              17.4687552,47.8120305,0
              17.4678326,47.8114685,0
            </coordinates>
          </LinearRing>
        </outerBoundaryIs>
      </Polygon>
    </Placemark>
    <Placemark>
      <name>Mosonszolnok belső</name>
      <Style>
        <LineStyle>
          <color>ff422025</color>
          <width>2</width>
        </LineStyle>
        <PolyStyle>
          <color>ff422025</color>
        </PolyStyle>
      </Style>
      <Polygon>
        <outerBoundaryIs>
          <LinearRing>
            <coordinates>
              17.1227932,47.8697402
              17.1221495,47.8668613,0
              17.1285868,47.8660551,0
              17.1294022,47.8689485,0
              17.1227932,47.8697402,0
            </coordinates>
          </LinearRing>
        </outerBoundaryIs>
      </Polygon>
    </Placemark>
    <Placemark>
      <name>Mosonszolnok külső</name>
      <Style>
        <LineStyle>
          <color>ff7e51e5</color>
          <width>2</width>
        </LineStyle>
        <PolyStyle>
          <color>ff7e51e5</color>
        </PolyStyle>
      </Style>
      <Polygon>
        <outerBoundaryIs>
          <LinearRing>
            <coordinates>
              17.1212053,47.8628737
              17.120347,47.8595481,0
              17.1266341,47.8587994,0
              17.1275568,47.8620963,0
              17.1212053,47.8628737,0
            </coordinates>
          </LinearRing>
        </outerBoundaryIs>
      </Polygon>
    </Placemark>
    <Placemark>
      <name>Motus földjénél</name>
      <Style>
        <LineStyle>
          <color>ffd9c37a</color>
          <width>2</width>
        </LineStyle>
        <PolyStyle>
          <color>ffd9c37a</color>
        </PolyStyle>
      </Style>
      <Polygon>
        <outerBoundaryIs>
          <LinearRing>
            <coordinates>
              17.2886074,47.8118972
              17.288028,47.8114145,0
              17.2890258,47.81073,0
              17.2893798,47.8108381,0
              17.2912306,47.8099158,0
              17.2920138,47.8103013,0
              17.2886074,47.8118972,0
            </coordinates>
          </LinearRing>
        </outerBoundaryIs>
      </Polygon>
    </Placemark>
    <Placemark>
      <name>Novák Rákóczy</name>
      <Style>
        <LineStyle>
          <color>ffe2eac7</color>
          <width>2</width>
        </LineStyle>
        <PolyStyle>
          <color>ffe2eac7</color>
        </PolyStyle>
      </Style>
      <Polygon>
        <outerBoundaryIs>
          <LinearRing>
            <coordinates>
              17.4171495,47.8269358
              17.4171066,47.8263883,0
              17.4173641,47.8262155,0
              17.4180508,47.8260282,0
              17.4191022,47.8258193,0
              17.4221063,47.8255528,0
              17.422353,47.825704,0
              17.4228036,47.8258337,0
              17.4235868,47.8257184,0
              17.4244022,47.8257328,0
              17.4243593,47.8272383,0
              17.4171495,47.8269358,0
            </coordinates>
          </LinearRing>
        </outerBoundaryIs>
      </Polygon>
    </Placemark>
    <Placemark>
      <name>Nováki</name>
      <Style>
        <LineStyle>
          <color>ff8ccc83</color>
          <width>2</width>
        </LineStyle>
        <PolyStyle>
          <color>ff8ccc83</color>
        </PolyStyle>
      </Style>
      <Polygon>
        <outerBoundaryIs>
          <LinearRing>
            <coordinates>
              17.4106264,47.8300762
              17.4093604,47.8318336,0
              17.4083519,47.8316031,0
              17.4078369,47.8323666,0
              17.407161,47.8320929,0
              17.4093819,47.8281531,0
              17.4106264,47.8300762,0
            </coordinates>
          </LinearRing>
        </outerBoundaryIs>
      </Polygon>
    </Placemark>
    <Placemark>
      <name>Nováki pulykásnál</name>
      <Style>
        <LineStyle>
          <color>ff8760f7</color>
          <width>2</width>
        </LineStyle>
        <PolyStyle>
          <color>ff8760f7</color>
        </PolyStyle>
      </Style>
      <Polygon>
        <outerBoundaryIs>
          <LinearRing>
            <coordinates>
              17.414190512549,47.81582999260596
              17.41457066635199,47.8147128279074,0
              17.41968895794632,47.81552834218094,0
              17.41907097599185,47.81656390589679,0
              17.41419051254907,47.81582999260596,0
            </coordinates>
          </LinearRing>
        </outerBoundaryIs>
      </Polygon>
    </Placemark>
    <Placemark>
      <name>Orbánlucska PM</name>
      <Style>
        <LineStyle>
          <color>ff7a9606</color>
          <width>2</width>
        </LineStyle>
        <PolyStyle>
          <color>ff7a9606</color>
        </PolyStyle>
      </Style>
      <Polygon>
        <outerBoundaryIs>
          <LinearRing>
            <coordinates>
              17.3781824,47.8958879
              17.3741269,47.8933197,0
              17.3751891,47.8924924,0
              17.3777103,47.8908306,0
              17.379384,47.8916795,0
              17.3799419,47.8921903,0
              17.3802423,47.8931543,0
              17.3803174,47.8938377,0
              17.3798561,47.8943484,0
              17.3795021,47.8946937,0
              17.3794484,47.8950606,0
              17.3790836,47.8953412,0
              17.3781824,47.8958879,0
            </coordinates>
          </LinearRing>
        </outerBoundaryIs>
      </Polygon>
    </Placemark>
    <Placemark>
      <name>Oroserdő</name>
      <Style>
        <LineStyle>
          <color>ff3fa36d</color>
          <width>2</width>
        </LineStyle>
        <PolyStyle>
          <color>ff3fa36d</color>
        </PolyStyle>
      </Style>
      <Polygon>
        <outerBoundaryIs>
          <LinearRing>
            <coordinates>
              17.4348307,47.8215116
              17.4309039,47.8211082,0
              17.4316549,47.8187741,0
              17.4350238,47.8204166,0
              17.4348307,47.8215116,0
            </coordinates>
          </LinearRing>
        </outerBoundaryIs>
      </Polygon>
    </Placemark>
    <Placemark>
      <name>P.Z.Heveder Miklós</name>
      <Style>
        <LineStyle>
          <color>ff2a4068</color>
          <width>2</width>
        </LineStyle>
        <PolyStyle>
          <color>ff2a4068</color>
        </PolyStyle>
      </Style>
      <Polygon>
        <outerBoundaryIs>
          <LinearRing>
            <coordinates>
              17.3354303262244,47.87358778947357
              17.33701032377115,47.87228319843138,0
              17.34180218507954,47.87735347910964,0
              17.33984098409734,47.87822113111578,0
              17.33543032622443,47.87358778947357,0
            </coordinates>
          </LinearRing>
        </outerBoundaryIs>
      </Polygon>
    </Placemark>
    <Placemark>
      <name>Pajtaföld telek</name>
      <Style>
        <LineStyle>
          <color>ffb86398</color>
          <width>2</width>
        </LineStyle>
        <PolyStyle>
          <color>ffb86398</color>
        </PolyStyle>
      </Style>
      <Polygon>
        <outerBoundaryIs>
          <LinearRing>
            <coordinates>
              17.3868406,47.9038145
              17.3870015,47.9034045,0
              17.3893833,47.9033469,0
              17.3887503,47.9039727,0
              17.3879778,47.9039727,0
              17.3875165,47.9038145,0
              17.3868406,47.9038145,0
            </coordinates>
          </LinearRing>
        </outerBoundaryIs>
      </Polygon>
    </Placemark>
    <Placemark>
      <name>Papház</name>
      <Style>
        <LineStyle>
          <color>ff80fe10</color>
          <width>2</width>
        </LineStyle>
        <PolyStyle>
          <color>ff80fe10</color>
        </PolyStyle>
      </Style>
      <Polygon>
        <outerBoundaryIs>
          <LinearRing>
            <coordinates>
              17.4756968,47.8431905
              17.4771237,47.8423048,0
              17.4797416,47.8432913,0
              17.478261,47.8442202,0
              17.4756968,47.8431905,0
            </coordinates>
          </LinearRing>
        </outerBoundaryIs>
      </Polygon>
    </Placemark>
    <Placemark>
      <name>Paprét kicsi</name>
      <Style>
        <LineStyle>
          <color>ff52885c</color>
          <width>2</width>
        </LineStyle>
        <PolyStyle>
          <color>ff52885c</color>
        </PolyStyle>
      </Style>
      <Polygon>
        <outerBoundaryIs>
          <LinearRing>
            <coordinates>
              17.2503376,47.9397063
              17.2518611,47.9375213,0
              17.2521186,47.9376075,0
              17.2522044,47.9378375,0
              17.2524834,47.9382688,0
              17.252934,47.9386282,0
              17.253406,47.9387432,0
              17.2532988,47.9391169,0
              17.2527623,47.939735,0
              17.2526979,47.9410575,0
              17.2526121,47.9411581,0
              17.2517538,47.94077,0
              17.2515178,47.9403819,0
              17.2503376,47.9397063,0
            </coordinates>
          </LinearRing>
        </outerBoundaryIs>
      </Polygon>
    </Placemark>
    <Placemark>
      <name>Paprét fácános</name>
      <Style>
        <LineStyle>
          <color>ff16139e</color>
          <width>2</width>
        </LineStyle>
        <PolyStyle>
          <color>ff16139e</color>
        </PolyStyle>
      </Style>
      <Polygon>
        <outerBoundaryIs>
          <LinearRing>
            <coordinates>
              17.2180867,47.9364791
              17.2304463,47.9410431,0
              17.2300279,47.9417547,0
              17.2174752,47.9372194,0
              17.2180867,47.9364791,0
            </coordinates>
          </LinearRing>
        </outerBoundaryIs>
      </Polygon>
    </Placemark>
    <Placemark>
      <name>Paprét középső</name>
      <Style>
        <LineStyle>
          <color>ff39bb3e</color>
          <width>2</width>
        </LineStyle>
        <PolyStyle>
          <color>ff39bb3e</color>
        </PolyStyle>
      </Style>
      <Polygon>
        <outerBoundaryIs>
          <LinearRing>
            <coordinates>
              17.242012,47.9366444
              17.2378707,47.9351205,0
              17.2403598,47.9311095,0
              17.2439861,47.9323747,0
              17.2445226,47.9332085,0
              17.242012,47.9366444,0
            </coordinates>
          </LinearRing>
        </outerBoundaryIs>
      </Polygon>
    </Placemark>
    <Placemark>
      <name>Paprét út melletti SM</name>
      <Style>
        <LineStyle>
          <color>ff9280d8</color>
          <width>2</width>
        </LineStyle>
        <PolyStyle>
          <color>ff9280d8</color>
        </PolyStyle>
      </Style>
      <Polygon>
        <outerBoundaryIs>
          <LinearRing>
            <coordinates>
              17.2375274,47.9295136
              17.2398663,47.9258184,0
              17.2406602,47.9245243,0
              17.2411752,47.923259,0
              17.2411537,47.922425,0
              17.2424197,47.9234315,0
              17.2432995,47.9237766,0
              17.2443295,47.9245675,0
              17.244029,47.9254877,0
              17.2440076,47.9267818,0
              17.2435784,47.9299018,0
              17.2417545,47.9311814,0
              17.2375274,47.9295136,0
            </coordinates>
          </LinearRing>
        </outerBoundaryIs>
      </Polygon>
    </Placemark>
    <Placemark>
      <name>Paptag - HM</name>
      <Style>
        <LineStyle>
          <color>ff6e17a3</color>
          <width>2</width>
        </LineStyle>
        <PolyStyle>
          <color>ff6e17a3</color>
        </PolyStyle>
      </Style>
      <Polygon>
        <outerBoundaryIs>
          <LinearRing>
            <coordinates>
              17.4567282,47.8418583
              17.4612451,47.8448178,0
              17.4613631,47.8449331,0
              17.4612772,47.8452859,0
              17.4605584,47.8459699,0
              17.4591637,47.8473812,0
              17.4590778,47.8473308,0
              17.4550009,47.8456603,0
              17.4544752,47.8454011,0
              17.4541962,47.8450411,0
              17.4540889,47.8447458,0
              17.4553227,47.8436369,0
              17.4550653,47.8433921,0
              17.4567175,47.8419231,0
              17.4567282,47.8418583,0
            </coordinates>
          </LinearRing>
        </outerBoundaryIs>
      </Polygon>
    </Placemark>
    <Placemark>
      <name>Paptag - PB</name>
      <Style>
        <LineStyle>
          <color>ff310e26</color>
          <width>2</width>
        </LineStyle>
        <PolyStyle>
          <color>ff310e26</color>
        </PolyStyle>
      </Style>
      <Polygon>
        <outerBoundaryIs>
          <LinearRing>
            <coordinates>
              17.4072361,47.875037
              17.4062276,47.8747995,0
              17.4061954,47.8745548,0
              17.4055409,47.8744757,0
              17.4054122,47.8746412,0
              17.4051225,47.8745764,0
              17.4047577,47.8750082,0
              17.4042428,47.8753896,0
              17.4036956,47.8753752,0
              17.4028265,47.87544,0
              17.4019039,47.8752745,0
              17.4020541,47.8747779,0
              17.4027944,47.8748859,0
              17.4047363,47.8722951,0
              17.4084377,47.8731083,0
              17.4072361,47.875037,0
            </coordinates>
          </LinearRing>
        </outerBoundaryIs>
      </Polygon>
    </Placemark>
    <Placemark>
      <name>Parázsszegi</name>
      <Style>
        <LineStyle>
          <color>ff97cd7c</color>
          <width>2</width>
        </LineStyle>
        <PolyStyle>
          <color>ff97cd7c</color>
        </PolyStyle>
      </Style>
      <Polygon>
        <outerBoundaryIs>
          <LinearRing>
            <coordinates>
              17.4278355,47.827548
              17.4334359,47.8278001,0
              17.4333608,47.8284556,0
              17.4334681,47.8285564,0
              17.4336076,47.8292047,0
              17.433393,47.8298097,0
              17.4332428,47.83053,0
              17.4378347,47.8305012,0
              17.4376738,47.8308613,0
              17.4313867,47.8307172,0
              17.4273258,47.8300906,0
              17.4278355,47.827548,0
            </coordinates>
          </LinearRing>
        </outerBoundaryIs>
      </Polygon>
    </Placemark>
    <Placemark>
      <name>Pedagógusföld</name>
      <Style>
        <LineStyle>
          <color>ff034048</color>
          <width>2</width>
        </LineStyle>
        <PolyStyle>
          <color>ff034048</color>
        </PolyStyle>
      </Style>
      <Polygon>
        <outerBoundaryIs>
          <LinearRing>
            <coordinates>
              17.4508864,47.8372855
              17.4529248,47.8352654,0
              17.4558538,47.8363025,0
              17.4539387,47.8381533,0
              17.4508864,47.8372855,0
            </coordinates>
          </LinearRing>
        </outerBoundaryIs>
      </Polygon>
    </Placemark>
    <Placemark>
      <name>Présházi</name>
      <Style>
        <LineStyle>
          <color>ff71583e</color>
          <width>2</width>
        </LineStyle>
        <PolyStyle>
          <color>ff71583e</color>
        </PolyStyle>
      </Style>
      <Polygon>
        <outerBoundaryIs>
          <LinearRing>
            <coordinates>
              17.469399,47.8062805
              17.4693131,47.8061076,0
              17.4696779,47.8058914,0
              17.4704289,47.8054735,0
              17.4707723,47.8049979,0
              17.471416,47.8044646,0
              17.472403,47.8042196,0
              17.4753213,47.8060067,0
              17.4742913,47.8065544,0
              17.4739909,47.8075199,0
              17.4743772,47.8084423,0
              17.4751067,47.8090475,0
              17.4749351,47.8092493,0
              17.469399,47.8062805,0
            </coordinates>
          </LinearRing>
        </outerBoundaryIs>
      </Polygon>
    </Placemark>
    <Placemark>
      <name>Proletár bal első</name>
      <Style>
        <LineStyle>
          <color>ff136c93</color>
          <width>2</width>
        </LineStyle>
        <PolyStyle>
          <color>ff136c93</color>
        </PolyStyle>
      </Style>
      <Polygon>
        <outerBoundaryIs>
          <LinearRing>
            <coordinates>
              17.4772525,47.8242346
              17.4719739,47.8256176,0
              17.4729395,47.8236727,0
              17.4772525,47.8242346,0
            </coordinates>
          </LinearRing>
        </outerBoundaryIs>
      </Polygon>
    </Placemark>
    <Placemark>
      <name>Proletár jobb első</name>
      <Style>
        <LineStyle>
          <color>ff9ad816</color>
          <width>2</width>
        </LineStyle>
        <PolyStyle>
          <color>ff9ad816</color>
        </PolyStyle>
      </Style>
      <Polygon>
        <outerBoundaryIs>
          <LinearRing>
            <coordinates>
              17.472175034003,47.82456041956644
              17.46397916931591,47.81859009019981,0
              17.46501365897068,47.81641975894762,0
              17.46653273360712,47.81427222681129,0
              17.4673161824058,47.81314534059541,0
              17.46778126958976,47.81168429028835,0
              17.47557347002364,47.81745129545718,0
              17.47217503400307,47.82456041956644,0
            </coordinates>
          </LinearRing>
        </outerBoundaryIs>
      </Polygon>
    </Placemark>
    <Placemark>
      <name>Proletári darab 1</name>
      <Style>
        <LineStyle>
          <color>ffe7bfe2</color>
          <width>2</width>
        </LineStyle>
        <PolyStyle>
          <color>ffe7bfe2</color>
        </PolyStyle>
      </Style>
      <Polygon>
        <outerBoundaryIs>
          <LinearRing>
            <coordinates>
              17.4738729,47.8228659
              17.474184,47.8226426,0
              17.4743128,47.8224913,0
              17.4743021,47.8223688,0
              17.473712,47.822304,0
              17.4738407,47.821987,0
              17.4787116,47.8226642,0
              17.4786472,47.8231252,0
              17.4787331,47.8234998,0
              17.4738729,47.8228659,0
            </coordinates>
          </LinearRing>
        </outerBoundaryIs>
      </Polygon>
    </Placemark>
    <Placemark>
      <name>Proletári darab 2</name>
      <Style>
        <LineStyle>
          <color>ff460fa7</color>
          <width>2</width>
        </LineStyle>
        <PolyStyle>
          <color>ff460fa7</color>
        </PolyStyle>
      </Style>
      <Polygon>
        <outerBoundaryIs>
          <LinearRing>
            <coordinates>
              17.474066,47.8215908
              17.4752355,47.8191199,0
              17.4792695,47.8213819,0
              17.4789369,47.8218934,0
              17.4787438,47.8222464,0
              17.474066,47.8215908,0
            </coordinates>
          </LinearRing>
        </outerBoundaryIs>
      </Polygon>
    </Placemark>
    <Placemark>
      <name>Proletári darab 3</name>
      <Style>
        <LineStyle>
          <color>ff6c4c0f</color>
          <width>2</width>
        </LineStyle>
        <PolyStyle>
          <color>ff6c4c0f</color>
        </PolyStyle>
      </Style>
      <Polygon>
        <outerBoundaryIs>
          <LinearRing>
            <coordinates>
              17.4805892,47.820467
              17.4772418,47.8186516,0
              17.4774134,47.8185291,0
              17.4761474,47.8177655,0
              17.4760187,47.8175566,0
              17.4763083,47.8171387,0
              17.4815011,47.820078,0
              17.4805892,47.820467,0
            </coordinates>
          </LinearRing>
        </outerBoundaryIs>
      </Polygon>
    </Placemark>
    <Placemark>
      <name>Proletári darab 4</name>
      <Style>
        <LineStyle>
          <color>ffcbaf6d</color>
          <width>2</width>
        </LineStyle>
        <PolyStyle>
          <color>ffcbaf6d</color>
        </PolyStyle>
      </Style>
      <Polygon>
        <outerBoundaryIs>
          <LinearRing>
            <coordinates>
              17.4824023,47.8197754
              17.4768233,47.8165696,0
              17.4775743,47.8156546,0
              17.4830246,47.8195233,0
              17.4824023,47.8197754,0
            </coordinates>
          </LinearRing>
        </outerBoundaryIs>
      </Polygon>
    </Placemark>
    <Placemark>
      <name>Proletári jobb oldalt</name>
      <Style>
        <LineStyle>
          <color>ffcfc550</color>
          <width>2</width>
        </LineStyle>
        <PolyStyle>
          <color>ffcfc550</color>
        </PolyStyle>
      </Style>
      <Polygon>
        <outerBoundaryIs>
          <LinearRing>
            <coordinates>
              17.475729,47.8173764
              17.46912,47.812434,0
              17.469871,47.8120017,0
              17.4704933,47.8114541,0
              17.4713087,47.8103877,0
              17.4713731,47.8097969,0
              17.4788833,47.8137021,0
              17.475729,47.8173764,0
            </coordinates>
          </LinearRing>
        </outerBoundaryIs>
      </Polygon>
    </Placemark>
    <Placemark>
      <name>Püski föld</name>
      <Style>
        <LineStyle>
          <color>ffc8bd94</color>
          <width>2</width>
        </LineStyle>
        <PolyStyle>
          <color>ffc8bd94</color>
        </PolyStyle>
      </Style>
      <Polygon>
        <outerBoundaryIs>
          <LinearRing>
            <coordinates>
              17.4186087,47.8796856
              17.4186146,47.8796928,0
              17.4183171,47.8798101,0
              17.4186087,47.8796856,0
              17.4213338,47.8786207,0
              17.4233937,47.8824631,0
              17.424767,47.8829524,0
              17.4221277,47.8839309,0
              17.4186146,47.8796928,0
              17.4213338,47.8786207,0
              17.4183171,47.8798101,0
              17.4176645,47.8800886,0
              17.4211621,47.8843195,0
              17.413094,47.8871111,0
              17.4102831,47.8841324,0
              17.4133301,47.8828804,0
              17.4125361,47.8820889,0
              17.4183171,47.8798101,0
            </coordinates>
          </LinearRing>
        </outerBoundaryIs>
      </Polygon>
    </Placemark>
    <Placemark>
      <name>Rákóczi Lóvárierdő</name>
      <Style>
        <LineStyle>
          <color>ffade765</color>
          <width>2</width>
        </LineStyle>
        <PolyStyle>
          <color>ffade765</color>
        </PolyStyle>
      </Style>
      <Polygon>
        <outerBoundaryIs>
          <LinearRing>
            <coordinates>
              17.2387934,47.9089064
              17.2394156,47.9083311,0
              17.2493505,47.9118405,0
              17.2481704,47.912387,0
              17.2386217,47.9089495,0
              17.2387934,47.9089064,0
            </coordinates>
          </LinearRing>
        </outerBoundaryIs>
      </Polygon>
    </Placemark>
    <Placemark>
      <name>Remetei gyep 1</name>
      <Style>
        <LineStyle>
          <color>ff55e40f</color>
          <width>2</width>
        </LineStyle>
        <PolyStyle>
          <color>ff55e40f</color>
        </PolyStyle>
      </Style>
      <Polygon>
        <outerBoundaryIs>
          <LinearRing>
            <coordinates>
              17.4534345,47.8781529
              17.4535954,47.8774261,0
              17.4537456,47.876469,0
              17.4546146,47.8765626,0
              17.4556339,47.8768648,0
              17.4560738,47.8770951,0
              17.4562025,47.8770447,0
              17.4559772,47.8766633,0
              17.4569428,47.8760229,0
              17.4585092,47.8767281,0
              17.4588847,47.876577,0
              17.4597859,47.876944,0
              17.4605048,47.8774621,0
              17.460655,47.8782393,0
              17.4601722,47.878448,0
              17.4596894,47.8787502,0
              17.4575758,47.8790812,0
              17.4563527,47.8790668,0
              17.4535096,47.8781889,0
              17.4534345,47.8781529,0
            </coordinates>
          </LinearRing>
        </outerBoundaryIs>
      </Polygon>
    </Placemark>
    <Placemark>
      <name>Remetei gyep 2</name>
      <Style>
        <LineStyle>
          <color>fffdc8e9</color>
          <width>2</width>
        </LineStyle>
        <PolyStyle>
          <color>fffdc8e9</color>
        </PolyStyle>
      </Style>
      <Polygon>
        <outerBoundaryIs>
          <LinearRing>
            <coordinates>
              17.4532521,47.8781241
              17.4465466,47.8773254,0
              17.4465358,47.8772246,0
              17.4470615,47.8769584,0
              17.4477053,47.8766633,0
              17.448746,47.8764043,0
              17.4506021,47.876246,0
              17.4520934,47.876138,0
              17.4530482,47.876138,0
              17.4536061,47.8763611,0
              17.4534774,47.8773686,0
              17.4532521,47.8781241,0
            </coordinates>
          </LinearRing>
        </outerBoundaryIs>
      </Polygon>
    </Placemark>
    <Placemark>
      <name>Salamon</name>
      <Style>
        <LineStyle>
          <color>ff2693d8</color>
          <width>2</width>
        </LineStyle>
        <PolyStyle>
          <color>ff2693d8</color>
        </PolyStyle>
      </Style>
      <Polygon>
        <outerBoundaryIs>
          <LinearRing>
            <coordinates>
              17.3857945,47.8854383
              17.3851722,47.8844634,0
              17.3876774,47.883823,0
              17.3882836,47.8847656,0
              17.3857945,47.8854383,0
            </coordinates>
          </LinearRing>
        </outerBoundaryIs>
      </Polygon>
    </Placemark>
    <Placemark>
      <name>Sorjás</name>
      <Style>
        <LineStyle>
          <color>ffd10ae1</color>
          <width>2</width>
        </LineStyle>
        <PolyStyle>
          <color>ffd10ae1</color>
        </PolyStyle>
      </Style>
      <Polygon>
        <outerBoundaryIs>
          <LinearRing>
            <coordinates>
              17.4623716,47.8781745
              17.4621141,47.8782393,0
              17.4617708,47.8781025,0
              17.4611592,47.8776204,0
              17.4605048,47.8772174,0
              17.4598289,47.8765914,0
              17.4584234,47.8755911,0
              17.461642,47.8763827,0
              17.4658906,47.8771527,0
              17.4658585,47.8773182,0
              17.4623716,47.8781745,0
            </coordinates>
          </LinearRing>
        </outerBoundaryIs>
      </Polygon>
    </Placemark>
    <Placemark>
      <name>Vámkerék 1</name>
      <Style>
        <LineStyle>
          <color>ff03504a</color>
          <width>2</width>
        </LineStyle>
        <PolyStyle>
          <color>ff03504a</color>
        </PolyStyle>
      </Style>
      <Polygon>
        <outerBoundaryIs>
          <LinearRing>
            <coordinates>
              17.4346231841602,47.81576278279243
              17.44668435132381,47.82212315070546,0
              17.44417475391869,47.82451574341491,0
              17.43182421279402,47.81866999555271,0
              17.43462318416028,47.81576278279243,0
            </coordinates>
          </LinearRing>
        </outerBoundaryIs>
      </Polygon>
    </Placemark>
    <Placemark>
      <name>Szélesföld 1</name>
      <Style>
        <LineStyle>
          <color>ff6d5c0c</color>
          <width>2</width>
        </LineStyle>
        <PolyStyle>
          <color>ff6d5c0c</color>
        </PolyStyle>
      </Style>
      <Polygon>
        <outerBoundaryIs>
          <LinearRing>
            <coordinates>
              17.4302387,47.8779298
              17.4281144,47.8752961,0
              17.4302387,47.8740727,0
              17.4317408,47.8735833,0
              17.4338865,47.8764475,0
              17.4302387,47.8779298,0
            </coordinates>
          </LinearRing>
        </outerBoundaryIs>
      </Polygon>
    </Placemark>
    <Placemark>
      <name>Szélesföld 2</name>
      <Style>
        <LineStyle>
          <color>ff78834f</color>
          <width>2</width>
        </LineStyle>
        <PolyStyle>
          <color>ff78834f</color>
        </PolyStyle>
      </Style>
      <Polygon>
        <outerBoundaryIs>
          <LinearRing>
            <coordinates>
              17.4262476,47.8789661
              17.4259686,47.8766202,0
              17.4281359,47.8753392,0
              17.4302173,47.8780306,0
              17.4262476,47.8789661,0
            </coordinates>
          </LinearRing>
        </outerBoundaryIs>
      </Polygon>
    </Placemark>
    <Placemark>
      <name>Szélesföld gyep</name>
      <Style>
        <LineStyle>
          <color>ff790243</color>
          <width>2</width>
        </LineStyle>
        <PolyStyle>
          <color>ff790243</color>
        </PolyStyle>
      </Style>
      <Polygon>
        <outerBoundaryIs>
          <LinearRing>
            <coordinates>
              17.4257326,47.8760373
              17.4256039,47.8756631,0
              17.4258077,47.8755695,0
              17.4261832,47.8753824,0
              17.4266875,47.8751665,0
              17.4273205,47.8747851,0
              17.4281251,47.8744253,0
              17.4291444,47.8740223,0
              17.4293911,47.8744541,0
              17.4280715,47.8752241,0
              17.4275887,47.8754832,0
              17.4270308,47.875771,0
              17.4264407,47.8759437,0
              17.4257326,47.8760373,0
            </coordinates>
          </LinearRing>
        </outerBoundaryIs>
      </Polygon>
    </Placemark>
    <Placemark>
      <name>Széleslapos</name>
      <Style>
        <LineStyle>
          <color>ffc5de66</color>
          <width>2</width>
        </LineStyle>
        <PolyStyle>
          <color>ffc5de66</color>
        </PolyStyle>
      </Style>
      <Polygon>
        <outerBoundaryIs>
          <LinearRing>
            <coordinates>
              17.3962712,47.898535
              17.3990393,47.9008223,0
              17.3990393,47.9015416,0
              17.4001551,47.9028507,0
              17.4012494,47.9032534,0
              17.4012494,47.9034548,0
              17.4003482,47.9042891,0
              17.4001765,47.9045193,0
              17.4002194,47.9051666,0
              17.3997688,47.9054831,0
              17.3994684,47.9055406,0
              17.3927951,47.9023616,0
              17.3962712,47.898535,0
            </coordinates>
          </LinearRing>
        </outerBoundaryIs>
      </Polygon>
    </Placemark>
    <Placemark>
      <name>Szérűskert</name>
      <Style>
        <LineStyle>
          <color>ff125c8f</color>
          <width>2</width>
        </LineStyle>
        <PolyStyle>
          <color>ff125c8f</color>
        </PolyStyle>
      </Style>
      <Polygon>
        <outerBoundaryIs>
          <LinearRing>
            <coordinates>
              17.3935086,47.8854419
              17.3938143,47.8847044,0
              17.3942435,47.8847692,0
              17.3943615,47.8849994,0
              17.3941469,47.8851325,0
              17.3940825,47.8853052,0
              17.3941737,47.8854239,0
              17.3943293,47.8854347,0
              17.3944098,47.8853807,0
              17.3951823,47.8853735,0
              17.3949462,47.8859203,0
              17.3949516,47.8860642,0
              17.3951769,47.8864456,0
              17.394222,47.8864312,0
              17.393927,47.8863305,0
              17.3937446,47.8859707,0
              17.3934603,47.8857693,0
              17.3932189,47.8856937,0
              17.3933423,47.885334,0
              17.3935086,47.8854419,0
            </coordinates>
          </LinearRing>
        </outerBoundaryIs>
      </Polygon>
    </Placemark>
    <Placemark>
      <name>Szőlőgyöp</name>
      <Style>
        <LineStyle>
          <color>ff076724</color>
          <width>2</width>
        </LineStyle>
        <PolyStyle>
          <color>ff076724</color>
        </PolyStyle>
      </Style>
      <Polygon>
        <outerBoundaryIs>
          <LinearRing>
            <coordinates>
              17.4388647,47.8277641
              17.4335432,47.8275768,0
              17.4351954,47.8205607,0
              17.4411821,47.8233845,0
              17.4407101,47.8245515,0
              17.4383712,47.8242634,0
              17.4382854,47.82471,0
              17.4406242,47.8249837,0
              17.4405384,47.8253151,0
              17.4402595,47.8252862,0
              17.4401736,47.8255312,0
              17.4383497,47.8253151,0
              17.4385643,47.8259489,0
              17.4391007,47.8264532,0
              17.4390149,47.8270438,0
              17.4388647,47.8277641,0
            </coordinates>
          </LinearRing>
        </outerBoundaryIs>
      </Polygon>
    </Placemark>
    <Placemark>
      <name>Tagok /Dunaremete/</name>
      <Style>
        <LineStyle>
          <color>ffadffff</color>
          <width>2</width>
        </LineStyle>
        <PolyStyle>
          <color>ffadffff</color>
        </PolyStyle>
      </Style>
      <Polygon>
        <outerBoundaryIs>
          <LinearRing>
            <coordinates>
              17.4489764072548,47.87600435467665
              17.44946861351044,47.87561213856575,0
              17.44978872899184,47.87552944762728,0
              17.4500719530838,47.8753891489384,0
              17.45038491522005,47.8752077661431,0
              17.45074086691135,47.87509819494025,0
              17.45113405697845,47.87489277971589,0
              17.45145364432127,47.87484898311652,0
              17.45160792758293,47.87498834416657,0
              17.45170879776352,47.87515192711502,0
              17.45156137246155,47.87530277084507,0
              17.45154797252064,47.87544579926694,0
              17.45168994079531,47.87552932674167,0
              17.45180428678063,47.87569124255874,0
              17.45198860262868,47.87583990167544,0
              17.45204616242932,47.87597340607185,0
              17.45143833743858,47.87606181303374,0
              17.4506507547461,47.87614208891345,0
              17.45032586726192,47.87621965588064,0
              17.44936723567236,47.876208986233,0
              17.44897270174395,47.8761289996853,0
              17.4489764072548,47.87600435467665,0
            </coordinates>
          </LinearRing>
        </outerBoundaryIs>
      </Polygon>
    </Placemark>
    <Placemark>
      <name>Telek bal</name>
      <Style>
        <LineStyle>
          <color>ffe20d95</color>
          <width>2</width>
        </LineStyle>
        <PolyStyle>
          <color>ffe20d95</color>
        </PolyStyle>
      </Style>
      <Polygon>
        <outerBoundaryIs>
          <LinearRing>
            <coordinates>
              17.4006486,47.8933413
              17.392602,47.9023472,0
              17.3921943,47.9022896,0
              17.391293,47.9022609,0
              17.3902845,47.9025917,0
              17.3893189,47.9032822,0
              17.3868942,47.9033541,0
              17.3871088,47.9025486,0
              17.3873448,47.902117,0
              17.3879671,47.9018869,0
              17.3887825,47.9015704,0
              17.3892975,47.9011388,0
              17.3894906,47.9005922,0
              17.3893189,47.8999592,0
              17.3891473,47.8991824,0
              17.3913145,47.8974992,0
              17.3919582,47.8973697,0
              17.3931384,47.8967511,0
              17.3939967,47.8959598,0
              17.3944902,47.8949383,0
              17.4006486,47.8933413,0
            </coordinates>
          </LinearRing>
        </outerBoundaryIs>
      </Polygon>
    </Placemark>
    <Placemark>
      <name>Telek jobb</name>
      <Style>
        <LineStyle>
          <color>ff9a528e</color>
          <width>2</width>
        </LineStyle>
        <PolyStyle>
          <color>ff9a528e</color>
        </PolyStyle>
      </Style>
      <Polygon>
        <outerBoundaryIs>
          <LinearRing>
            <coordinates>
              17.3982239,47.8962619
              17.4020004,47.8920464,0
              17.4059057,47.8952692,0
              17.4032235,47.896636,0
              17.4006057,47.8984918,0
              17.3982239,47.8962619,0
            </coordinates>
          </LinearRing>
        </outerBoundaryIs>
      </Polygon>
    </Placemark>
    <Placemark>
      <name>Telek jobb kis darab</name>
      <Style>
        <LineStyle>
          <color>fff6ff45</color>
          <width>2</width>
        </LineStyle>
        <PolyStyle>
          <color>fff6ff45</color>
        </PolyStyle>
      </Style>
      <Polygon>
        <outerBoundaryIs>
          <LinearRing>
            <coordinates>
              17.3969612978714,47.89745704875188
              17.39795711737194,47.89635175064599,0
              17.40039882734629,47.89854433802549,0
              17.39936282108589,47.89953723003298,0
              17.3969612978714,47.89745704875188,0
            </coordinates>
          </LinearRing>
        </outerBoundaryIs>
      </Polygon>
    </Placemark>
    <Placemark>
      <name>Temetői tábla</name>
      <Style>
        <LineStyle>
          <color>ffa5a6ed</color>
          <width>2</width>
        </LineStyle>
        <PolyStyle>
          <color>ffa5a6ed</color>
        </PolyStyle>
      </Style>
      <Polygon>
        <outerBoundaryIs>
          <LinearRing>
            <coordinates>
              17.4648017,47.8357515
              17.465094,47.8352996,0
              17.4648875,47.8350386,0
              17.4650484,47.8348585,0
              17.4653596,47.834628,0
              17.4657136,47.8343544,0
              17.4661642,47.834304,0
              17.4663895,47.8342103,0
              17.4664593,47.8346749,0
              17.4648017,47.8357515,0
            </coordinates>
          </LinearRing>
        </outerBoundaryIs>
      </Polygon>
    </Placemark>
    <Placemark>
      <name>Krisztina</name>
      <Style>
        <LineStyle>
          <color>ff569940</color>
          <width>2</width>
        </LineStyle>
        <PolyStyle>
          <color>ff569940</color>
        </PolyStyle>
      </Style>
      <Polygon>
        <outerBoundaryIs>
          <LinearRing>
            <coordinates>
              17.2297000592118,47.85853283801035
              17.233777824849,47.85529696760386,0
              17.23421896628344,47.85557302137923,0
              17.23016493274075,47.85877848046316,0
              17.2297000592118,47.85853283801035,0
            </coordinates>
          </LinearRing>
        </outerBoundaryIs>
      </Polygon>
    </Placemark>
    <Placemark>
      <name>Vajaslapos</name>
      <Style>
        <LineStyle>
          <color>ffc614e4</color>
          <width>2</width>
        </LineStyle>
        <PolyStyle>
          <color>ffc614e4</color>
        </PolyStyle>
      </Style>
      <Polygon>
        <outerBoundaryIs>
          <LinearRing>
            <coordinates>
              17.4169242,47.9000887
              17.4178576,47.899765,0
              17.4196279,47.9008295,0
              17.4216771,47.9032103,0
              17.4198961,47.9037857,0
              17.4196064,47.9035771,0
              17.4193382,47.9035555,0
              17.4184048,47.9039295,0
              17.4178469,47.903311,0
              17.4177074,47.9029226,0
              17.4173748,47.9026133,0
              17.4182224,47.9022609,0
              17.4173534,47.9012251,0
              17.4170208,47.9006066,0
              17.4169242,47.9000887,0
            </coordinates>
          </LinearRing>
        </outerBoundaryIs>
      </Polygon>
    </Placemark>
    <Placemark>
      <name>Sertéstelepi</name>
      <Style>
        <LineStyle>
          <color>ff73b772</color>
          <width>2</width>
        </LineStyle>
        <PolyStyle>
          <color>ff73b772</color>
        </PolyStyle>
      </Style>
      <Polygon>
        <outerBoundaryIs>
          <LinearRing>
            <coordinates>
              17.2452021377729,47.84275350512994
              17.24895927821375,47.8447234856464,0
              17.24786001031002,47.84574399760338,0
              17.24662356945401,47.84512791249281,0
              17.24628964492652,47.84534605326557,0
              17.24604607122029,47.84520491191752,0
              17.24364268926446,47.8439663226196,0
              17.24520213777291,47.84275350512994,0
            </coordinates>
          </LinearRing>
        </outerBoundaryIs>
      </Polygon>
    </Placemark>
    <Placemark>
      <name>Vámkerék 2</name>
      <Style>
        <LineStyle>
          <color>fffc6b03</color>
          <width>2</width>
        </LineStyle>
        <PolyStyle>
          <color>fffc6b03</color>
        </PolyStyle>
      </Style>
      <Polygon>
        <outerBoundaryIs>
          <LinearRing>
            <coordinates>
              17.4346477637241,47.81576988909158
              17.43750517315,47.81282150523406,0
              17.43972120046992,47.81589980839395,0
              17.43958000034479,47.81610357688494,0
              17.44431733133328,47.82083033723998,0
              17.44062367964399,47.8189304703946,0
              17.44067029912275,47.81891485702369,0
              17.43464776372416,47.81576988909158,0
            </coordinates>
          </LinearRing>
        </outerBoundaryIs>
      </Polygon>
    </Placemark>
    <Placemark>
      <name>Vámkerék gyep</name>
      <Style>
        <LineStyle>
          <color>ff325000</color>
          <width>2</width>
        </LineStyle>
        <PolyStyle>
          <color>ff325000</color>
        </PolyStyle>
      </Style>
      <Polygon>
        <outerBoundaryIs>
          <LinearRing>
            <coordinates>
              17.4442555616603,47.82458681678417
              17.44677601880712,47.82216214913639,0
              17.44784781786412,47.82275351504219,0
              17.4479842,47.8238023,0
              17.4476838,47.8241625,0
              17.44811992519707,47.82441939408508,0
              17.4480793452536,47.82481156110221,0
              17.44778722060957,47.82472372506984,0
              17.44763704189926,47.82538298478974,0
              17.44696535035726,47.82597129540569,0
              17.44425556166031,47.82458681678417,0
            </coordinates>
          </LinearRing>
        </outerBoundaryIs>
      </Polygon>
    </Placemark>
    <Placemark>
      <name>Vámosszabadi</name>
      <Style>
        <LineStyle>
          <color>ff445a11</color>
          <width>2</width>
        </LineStyle>
        <PolyStyle>
          <color>ff445a11</color>
        </PolyStyle>
      </Style>
      <Polygon>
        <outerBoundaryIs>
          <LinearRing>
            <coordinates>
              17.6102579,47.7572356
              17.6191736,47.7561392,0
              17.6182187,47.7587503,0
              17.6093459,47.7599115,0
              17.6102579,47.7572356,0
            </coordinates>
          </LinearRing>
        </outerBoundaryIs>
      </Polygon>
    </Placemark>
    <Placemark>
      <name>Vasút mellett kicsi - AH</name>
      <Style>
        <LineStyle>
          <color>ff4c8d0d</color>
          <width>2</width>
        </LineStyle>
        <PolyStyle>
          <color>ff4c8d0d</color>
        </PolyStyle>
      </Style>
      <Polygon>
        <outerBoundaryIs>
          <LinearRing>
            <coordinates>
              17.2760546,47.8432121
              17.273308,47.8418295,0
              17.2754323,47.8405621,0
              17.2780395,47.8417863,0
              17.2760546,47.8432121,0
            </coordinates>
          </LinearRing>
        </outerBoundaryIs>
      </Polygon>
    </Placemark>
    <Placemark>
      <name>Vasút mellett - LM</name>
      <Style>
        <LineStyle>
          <color>ffcb6caa</color>
          <width>2</width>
        </LineStyle>
        <PolyStyle>
          <color>ffcb6caa</color>
        </PolyStyle>
      </Style>
      <Polygon>
        <outerBoundaryIs>
          <LinearRing>
            <coordinates>
              17.2863845530198,47.82610193378883
              17.28854008255067,47.82551440306326,0
              17.2956115910028,47.8307985134503,0
              17.29406188297421,47.831807927949,0
              17.2863845530198,47.82610193378883,0
            </coordinates>
          </LinearRing>
        </outerBoundaryIs>
      </Polygon>
    </Placemark>
    <Placemark>
      <name>Vasút mellett nagy - AH</name>
      <Style>
        <LineStyle>
          <color>ff26faa7</color>
          <width>2</width>
        </LineStyle>
        <PolyStyle>
          <color>ff26faa7</color>
        </PolyStyle>
      </Style>
      <Polygon>
        <outerBoundaryIs>
          <LinearRing>
            <coordinates>
              17.2781897,47.8416639
              17.2735977,47.8394027,0
              17.2766447,47.8367382,0
              17.2816658,47.8392155,0
              17.2781897,47.8416639,0
            </coordinates>
          </LinearRing>
        </outerBoundaryIs>
      </Polygon>
    </Placemark>
    <Placemark>
      <name>Autópályai 2</name>
      <Style>
        <LineStyle>
          <color>ff221e10</color>
          <width>2</width>
        </LineStyle>
        <PolyStyle>
          <color>ff221e10</color>
        </PolyStyle>
      </Style>
      <Polygon>
        <outerBoundaryIs>
          <LinearRing>
            <coordinates>
              17.2746803628658,47.82571911202712
              17.28535500054109,47.81652107782512,0
              17.28588327371971,47.81675531461232,0
              17.27465584371109,47.82668804853203,0
              17.27468036286586,47.82571911202712,0
            </coordinates>
          </LinearRing>
        </outerBoundaryIs>
      </Polygon>
    </Placemark>
    <Placemark>
      <name>Vasvázas mögött</name>
      <Style>
        <LineStyle>
          <color>ff7c35b1</color>
          <width>2</width>
        </LineStyle>
        <PolyStyle>
          <color>ff7c35b1</color>
        </PolyStyle>
      </Style>
      <Polygon>
        <outerBoundaryIs>
          <LinearRing>
            <coordinates>
              17.3927468,47.8843123
              17.3924786,47.8849346,0
              17.3922426,47.8848699,0
              17.3925698,47.8843087,0
              17.3924249,47.8842727,0
              17.3922426,47.8844274,0
              17.3919421,47.8847152,0
              17.3915666,47.8850318,0
              17.3914325,47.8853591,0
              17.3911536,47.885226,0
              17.3910463,47.8850713,0
              17.3910302,47.8847692,0
              17.3909551,47.8845821,0
              17.3907834,47.8842871,0
              17.3906493,47.8840245,0
              17.3907351,47.883823,0
              17.3911053,47.8837223,0
              17.3915076,47.8837403,0
              17.3919475,47.883877,0
              17.3928595,47.8841144,0
              17.3939431,47.8842655,0
              17.3940504,47.8843878,0
              17.3945385,47.8843662,0
              17.3946297,47.8845137,0
              17.3949194,47.8844706,0
            </coordinates>
          </LinearRing>
        </outerBoundaryIs>
      </Polygon>
    </Placemark>
    <Placemark>
      <name>Világirét</name>
      <Style>
        <LineStyle>
          <color>ff844418</color>
          <width>2</width>
        </LineStyle>
        <PolyStyle>
          <color>ff844418</color>
        </PolyStyle>
      </Style>
      <Polygon>
        <outerBoundaryIs>
          <LinearRing>
            <coordinates>
              17.4242306,47.9032966
              17.4221921,47.9008223,0
              17.42275,47.9004915,0
              17.4226427,47.8999736,0
              17.4223208,47.8995708,0
              17.4220419,47.8994269,0
              17.4222779,47.8990817,0
              17.4230504,47.8989234,0
              17.4244881,47.900808,0
              17.424016,47.9010957,0
              17.4245524,47.9030952,0
              17.4242306,47.9032966,0
            </coordinates>
          </LinearRing>
        </outerBoundaryIs>
      </Polygon>
    </Placemark>
    <Placemark>
      <name>Vízeső</name>
      <Style>
        <LineStyle>
          <color>ff431d5d</color>
          <width>2</width>
        </LineStyle>
        <PolyStyle>
          <color>ff431d5d</color>
        </PolyStyle>
      </Style>
      <Polygon>
        <outerBoundaryIs>
          <LinearRing>
            <coordinates>
              17.4259686,47.8833121
              17.425561,47.8822472,0
              17.425518,47.8809233,0
              17.4304318,47.8797576,0
              17.4305606,47.8803332,0
              17.4307537,47.8812399,0
              17.4312043,47.8823048,0
              17.4310327,47.882607,0
              17.4294877,47.8825494,0
              17.4285865,47.8824919,0
              17.4259686,47.8833121,0
            </coordinates>
          </LinearRing>
        </outerBoundaryIs>
      </Polygon>
    </Placemark>
    <Placemark>
      <name>Vízmű Feketeerdő</name>
      <Style>
        <LineStyle>
          <color>ff4a16aa</color>
          <width>2</width>
        </LineStyle>
        <PolyStyle>
          <color>ff4a16aa</color>
        </PolyStyle>
      </Style>
      <Polygon>
        <outerBoundaryIs>
          <LinearRing>
            <coordinates>
              17.2827333,47.9195022
              17.2772563,47.9175249,0
              17.2779912,47.9169604,0
              17.2828192,47.918794,0
              17.2827333,47.9195022,0
            </coordinates>
          </LinearRing>
        </outerBoundaryIs>
      </Polygon>
    </Placemark>
    <Placemark>
      <name>Zsejke bal</name>
      <Style>
        <LineStyle>
          <color>ff17224c</color>
          <width>2</width>
        </LineStyle>
        <PolyStyle>
          <color>ff17224c</color>
        </PolyStyle>
      </Style>
      <Polygon>
        <outerBoundaryIs>
          <LinearRing>
            <coordinates>
              17.5189018,47.8001407
              17.5106835,47.8004146,0
              17.5106406,47.7983534,0
              17.5100183,47.7983678,0
              17.5101042,47.7964219,0
              17.5104475,47.7961913,0
              17.5187516,47.7960471,0
              17.5189018,47.8001407,0
            </coordinates>
          </LinearRing>
        </outerBoundaryIs>
      </Polygon>
    </Placemark>
    <Placemark>
      <name>Zsejke jobb</name>
      <Style>
        <LineStyle>
          <color>ff5567e2</color>
          <width>2</width>
        </LineStyle>
        <PolyStyle>
          <color>ff5567e2</color>
        </PolyStyle>
      </Style>
      <Polygon>
        <outerBoundaryIs>
          <LinearRing>
            <coordinates>
              17.5105977,47.7961336
              17.5130224,47.7941804,0
              17.5130975,47.7961048,0
              17.5105977,47.7961336,0
            </coordinates>
          </LinearRing>
        </outerBoundaryIs>
      </Polygon>
    </Placemark>
    <Placemark>
      <name>Ásvány előtt jobbra 2</name>
      <Style>
        <LineStyle>
          <color>ff8c76bc</color>
          <width>2</width>
        </LineStyle>
        <PolyStyle>
          <color>ff8c76bc</color>
        </PolyStyle>
      </Style>
      <Polygon>
        <outerBoundaryIs>
          <LinearRing>
            <coordinates>
              17.4802036488153,47.82612574211117
              17.47984393684279,47.82609953717409,0
              17.47967343016346,47.82587916706377,0
              17.47958995904158,47.8257309308034,0
              17.47947990652987,47.82566507820167,0
              17.47922519240776,47.82552797040454,0
              17.478923608868,47.82555149475864,0
              17.47892465611049,47.82556581984,0
              17.4785435713008,47.82570583924045,0
              17.47761778500612,47.82418537884168,0
              17.47760929328885,47.8241912440089,0
              17.47872712542368,47.8238771426602,0
              17.48020364881534,47.82612574211117,0
            </coordinates>
          </LinearRing>
        </outerBoundaryIs>
      </Polygon>
    </Placemark>
    <Placemark>
      <name>Paprét út melletti LM</name>
      <Style>
        <LineStyle>
          <color>ff97d2c4</color>
          <width>2</width>
        </LineStyle>
        <PolyStyle>
          <color>ff97d2c4</color>
        </PolyStyle>
      </Style>
      <Polygon>
        <outerBoundaryIs>
          <LinearRing>
            <coordinates>
              17.2381277530025,47.92900642668518
              17.242403865984,47.93065723725376,0
              17.24168001387989,47.93114439765337,0
              17.23771449610635,47.92963806126055,0
              17.23812775300254,47.92900642668518,0
            </coordinates>
          </LinearRing>
        </outerBoundaryIs>
      </Polygon>
    </Placemark>
    <Placemark>
      <name>Agg-Duna kicsi</name>
      <Style>
        <LineStyle>
          <color>ffaf75e7</color>
          <width>2</width>
        </LineStyle>
        <PolyStyle>
          <color>ffaf75e7</color>
        </PolyStyle>
      </Style>
      <Polygon>
        <outerBoundaryIs>
          <LinearRing>
            <coordinates>
              17.4186087,47.8920752
              17.4189734,47.8912694,0
              17.4225354,47.892032,0
              17.4228787,47.8926219,0
              17.4221063,47.8924349,0
              17.4218702,47.8927946,0
              17.4186087,47.8920752,0
            </coordinates>
          </LinearRing>
        </outerBoundaryIs>
      </Polygon>
    </Placemark>
    <Placemark>
      <name>Agg-Duna nagy</name>
      <Style>
        <LineStyle>
          <color>ff07865f</color>
          <width>2</width>
        </LineStyle>
        <PolyStyle>
          <color>ff07865f</color>
        </PolyStyle>
      </Style>
      <Polygon>
        <outerBoundaryIs>
          <LinearRing>
            <coordinates>
              17.4191666,47.8908953
              17.4192953,47.8903918,0
              17.420733,47.8899025,0
              17.4215484,47.890032,0
              17.4169779,47.8859167,0
              17.4182224,47.8854707,0
              17.4196815,47.8868377,0
              17.4204326,47.8858592,0
              17.4211192,47.8855858,0
              17.4227715,47.8856002,0
              17.4222565,47.8862045,0
              17.4220204,47.8870247,0
              17.419982,47.8868809,0
              17.4198532,47.8874852,0
              17.420218,47.8879313,0
              17.4222136,47.8881903,0
              17.4219346,47.8903198,0
              17.421999,47.8910248,0
              17.4223638,47.8917299,0
              17.4191666,47.8908953,0
            </coordinates>
          </LinearRing>
        </outerBoundaryIs>
      </Polygon>
    </Placemark>
    <Placemark>
      <name>Allesdorfi</name>
      <Style>
        <LineStyle>
          <color>ffcde797</color>
          <width>2</width>
        </LineStyle>
        <PolyStyle>
          <color>ffcde797</color>
        </PolyStyle>
      </Style>
      <Polygon>
        <outerBoundaryIs>
          <LinearRing>
            <coordinates>
              17.2777176,47.8283187
              17.2779644,47.828434,0
              17.2722459,47.8335621,0
              17.2711623,47.8329788,0
              17.2756255,47.8288878,0
              17.2777176,47.8283187,0
            </coordinates>
          </LinearRing>
        </outerBoundaryIs>
      </Polygon>
    </Placemark>
    <Placemark>
      <name>Angol mellett</name>
      <Style>
        <LineStyle>
          <color>ffa3e5a7</color>
          <width>2</width>
        </LineStyle>
        <PolyStyle>
          <color>ffa3e5a7</color>
        </PolyStyle>
      </Style>
      <Polygon>
        <outerBoundaryIs>
          <LinearRing>
            <coordinates>
              17.4012709,47.8908018
              17.400434,47.890032,0
              17.4013567,47.8895788,0
              17.4023652,47.8904709,0
              17.4012709,47.8908018,0
            </coordinates>
          </LinearRing>
        </outerBoundaryIs>
      </Polygon>
    </Placemark>
    <Placemark>
      <name>Ároki</name>
      <Style>
        <LineStyle>
          <color>ff8ba0a6</color>
          <width>2</width>
        </LineStyle>
        <PolyStyle>
          <color>ff8ba0a6</color>
        </PolyStyle>
      </Style>
      <Polygon>
        <outerBoundaryIs>
          <LinearRing>
            <coordinates>
              17.4520183,47.8410446
              17.4465466,47.8395036,0
              17.4491429,47.836911,0
              17.4539709,47.8381929,0
              17.4531984,47.8389995,0
              17.4536705,47.83959,0
              17.4520183,47.8410446,0
            </coordinates>
          </LinearRing>
        </outerBoundaryIs>
      </Polygon>
    </Placemark>
    <Placemark>
      <name>Ásvány előtt balra</name>
      <Style>
        <LineStyle>
          <color>ff392262</color>
          <width>2</width>
        </LineStyle>
        <PolyStyle>
          <color>ff392262</color>
        </PolyStyle>
      </Style>
      <Polygon>
        <outerBoundaryIs>
          <LinearRing>
            <coordinates>
              17.4791515,47.8290966
              17.4802673,47.8286933,0
              17.4827564,47.8273968,0
              17.4842799,47.8297881,0
              17.4826813,47.8314591,0
              17.4825525,47.83192,0
              17.4809325,47.8317904,0
              17.4791515,47.8290966,0
            </coordinates>
          </LinearRing>
        </outerBoundaryIs>
      </Polygon>
    </Placemark>
    <Placemark>
      <name>Ásvány előtt jobbra 1</name>
      <Style>
        <LineStyle>
          <color>ff518ea1</color>
          <width>2</width>
        </LineStyle>
        <PolyStyle>
          <color>ff518ea1</color>
        </PolyStyle>
      </Style>
      <Polygon>
        <outerBoundaryIs>
          <LinearRing>
            <coordinates>
              17.482928,47.8269502
              17.4792588,47.8287941,0
              17.47627334893689,47.82946865228914,0
              17.47343029733706,47.82527528611624,0
              17.47666860311631,47.82443639009848,0
              17.47812518674574,47.82650013293549,0
              17.4778318,47.8266548,0
              17.4776495,47.8270006,0
              17.4777567,47.82725989999999,0
              17.4783468,47.8272815,0
              17.4789047,47.8271158,0
              17.479409,47.8268998,0
              17.4796665,47.8269358,0
              17.4801707,47.8270006,0
              17.4804819,47.8267053,0
              17.4805892,47.8263091,0
              17.4821556,47.82579770000001,0
              17.482928,47.8269502,0
            </coordinates>
          </LinearRing>
        </outerBoundaryIs>
      </Polygon>
    </Placemark>
    <Placemark>
      <name>Autópályai</name>
      <Style>
        <LineStyle>
          <color>ff135a4c</color>
          <width>2</width>
        </LineStyle>
        <PolyStyle>
          <color>ff135a4c</color>
        </PolyStyle>
      </Style>
      <Polygon>
        <outerBoundaryIs>
          <LinearRing>
            <coordinates>
              17.2749067,47.8286138
              17.2744775,47.8259343,0
              17.2854639,47.816627,0
              17.288146,47.8178662,0
              17.2790695,47.8273317,0
              17.2749067,47.8286138,0
            </coordinates>
          </LinearRing>
        </outerBoundaryIs>
      </Polygon>
    </Placemark>
    <Placemark>
      <name>Bagics</name>
      <Style>
        <LineStyle>
          <color>ff6f2f10</color>
          <width>2</width>
        </LineStyle>
        <PolyStyle>
          <color>ff6f2f10</color>
        </PolyStyle>
      </Style>
      <Polygon>
        <outerBoundaryIs>
          <LinearRing>
            <coordinates>
              17.4620605,47.8447026
              17.4600649,47.8432913,0
              17.4643779,47.8388554,0
              17.4642706,47.8386682,0
              17.4648285,47.8380489,0
              17.4659228,47.8384234,0
              17.4665666,47.8389419,0
              17.4671674,47.8396332,0
              17.4681974,47.8402525,0
              17.4643135,47.8440834,0
              17.4620605,47.8447026,0
            </coordinates>
          </LinearRing>
        </outerBoundaryIs>
      </Polygon>
    </Placemark>
    <Placemark>
      <name>Belső Károlymajor</name>
      <Style>
        <LineStyle>
          <color>fff5ad32</color>
          <width>2</width>
        </LineStyle>
        <PolyStyle>
          <color>fff5ad32</color>
        </PolyStyle>
      </Style>
      <Polygon>
        <outerBoundaryIs>
          <LinearRing>
            <coordinates>
              17.4909103,47.8125061
              17.4874341,47.8162598,0
              17.4859536,47.8154096,0
              17.4843335,47.8141992,0
              17.4849021,47.8134139,0
              17.4854279,47.8135868,0
              17.4858463,47.8137309,0
              17.4864578,47.813875,0
              17.4868655,47.8139038,0
              17.4870265,47.8137381,0
              17.4860072,47.813277,0
              17.4852133,47.8128807,0
              17.4853528,47.8124556,0
              17.4854064,47.8122035,0
              17.4850845,47.8117856,0
              17.4859965,47.8111587,0
              17.4866509,47.8105174,0
              17.4877131,47.8108345,0
              17.4881315,47.8104094,0
              17.4888182,47.810676,0
              17.4892795,47.8110146,0
              17.4897087,47.8116054,0
              17.4897838,47.8118864,0
              17.4901271,47.8122179,0
              17.4909103,47.8125061,0
            </coordinates>
          </LinearRing>
        </outerBoundaryIs>
      </Polygon>
    </Placemark>
    <Placemark>
      <name>Belső kerekes</name>
      <Style>
        <LineStyle>
          <color>ff485165</color>
          <width>2</width>
        </LineStyle>
        <PolyStyle>
          <color>ff485165</color>
        </PolyStyle>
      </Style>
      <Polygon>
        <outerBoundaryIs>
          <LinearRing>
            <coordinates>
              17.482338,47.808644
              17.4811471,47.8088458,0
              17.479291,47.8089683,0
              17.4782825,47.8090115,0
              17.4767697,47.8088386,0
              17.4757183,47.8085215,0
              17.4752676,47.8082405,0
              17.4750531,47.8077793,0
              17.4750638,47.8072821,0
              17.4752998,47.8068354,0
              17.4758792,47.8065039,0
              17.4766409,47.8064463,0
              17.4774992,47.806576,0
              17.4784648,47.8070155,0
              17.4791515,47.8073614,0
              17.4796879,47.8078586,0
              17.480042,47.8080748,0
              17.4808466,47.8082045,0
              17.4824452,47.8084567,0
              17.4823701,47.8085864,0
              17.482338,47.808644,0
            </coordinates>
          </LinearRing>
        </outerBoundaryIs>
      </Polygon>
    </Placemark>
    <Placemark>
      <name>Bögyöleg</name>
      <Style>
        <LineStyle>
          <color>ff7a01ed</color>
          <width>2</width>
        </LineStyle>
        <PolyStyle>
          <color>ff7a01ed</color>
        </PolyStyle>
      </Style>
      <Polygon>
        <outerBoundaryIs>
          <LinearRing>
            <coordinates>
              17.4676867201364,47.83827354868261
              17.46751721740758,47.83789184014469,0
              17.46770202421764,47.83760546079043,0
              17.46786914968522,47.83733375353638,0
              17.46777115507919,47.83699530593033,0
              17.46793715150406,47.83665771907785,0
              17.46835606967675,47.83644179726684,0
              17.46867325528689,47.83630270375613,0
              17.46904227092416,47.83646228638427,0
              17.46890394201798,47.83666115066095,0
              17.46879176559356,47.8368438483044,0
              17.46876142753855,47.83710805345424,0
              17.46880177362274,47.83731796195426,0
              17.46911337415814,47.83753045051668,0
              17.46935743637248,47.83771458932957,0
              17.46973250930033,47.83781830548007,0
              17.46998283548325,47.83800615560888,0
              17.47006563004322,47.83833276688108,0
              17.46980918635646,47.83861329714856,0
              17.46941311357288,47.83881917503777,0
              17.4690122144874,47.83900354319508,0
              17.46865308169781,47.83910218753768,0
              17.46829635358278,47.83899284778101,0
              17.46789747308425,47.83890159465661,0
              17.46762607609919,47.83898093823123,0
            </coordinates>
          </LinearRing>
        </outerBoundaryIs>
      </Polygon>
    </Placemark>
    <Placemark>
      <name>Benzinkút mögött</name>
      <Style>
        <LineStyle>
          <color>ff31e8ab</color>
          <width>2</width>
        </LineStyle>
        <PolyStyle>
          <color>ff31e8ab</color>
        </PolyStyle>
      </Style>
      <Polygon>
        <outerBoundaryIs>
          <LinearRing>
            <coordinates>
              17.4710727,47.8352186
              17.4704504,47.8353987,0
              17.4700534,47.8355715,0
              17.4692166,47.8364717,0
              17.4690878,47.8365293,0
              17.4689698,47.8364213,0
              17.4684656,47.835838,0
              17.4677682,47.8353915,0
              17.4676824,47.8344696,0
              17.4672747,47.8339511,0
              17.4673069,47.833843,0
              17.4682724,47.8334685,0
              17.4684012,47.8333677,0
              17.4684119,47.8331948,0
              17.4682832,47.833022,0
              17.4688625,47.8327843,0
              17.4689698,47.8326907,0
              17.4689806,47.8325898,0
              17.4693775,47.832489,0
              17.4710727,47.8352186,0
            </coordinates>
          </LinearRing>
        </outerBoundaryIs>
      </Polygon>
    </Placemark>
    <Placemark>
      <name>Biotechnikai - LM</name>
      <Style>
        <LineStyle>
          <color>ff05b92f</color>
          <width>2</width>
        </LineStyle>
        <PolyStyle>
          <color>ff05b92f</color>
        </PolyStyle>
      </Style>
      <Polygon>
        <outerBoundaryIs>
          <LinearRing>
            <coordinates>
              17.2356391,47.850398
              17.2393727,47.8473884,0
              17.2417867,47.848418,0
              17.2375918,47.8515643,0
              17.2356391,47.850398,0
            </coordinates>
          </LinearRing>
        </outerBoundaryIs>
      </Polygon>
    </Placemark>
    <Placemark>
      <name>Biotechnikai - SM</name>
      <Style>
        <LineStyle>
          <color>ff2c4b0d</color>
          <width>2</width>
        </LineStyle>
        <PolyStyle>
          <color>ff2c4b0d</color>
        </PolyStyle>
      </Style>
      <Polygon>
        <outerBoundaryIs>
          <LinearRing>
            <coordinates>
              17.2418189,47.8484684
              17.2431707,47.8490012,0
              17.2390187,47.8524283,0
              17.2375703,47.8516579,0
              17.2418189,47.8484684,0
            </coordinates>
          </LinearRing>
        </outerBoundaryIs>
      </Polygon>
    </Placemark>
    <Placemark>
      <name>Birkahíd</name>
      <Style>
        <LineStyle>
          <color>ff46697b</color>
          <width>2</width>
        </LineStyle>
        <PolyStyle>
          <color>ff46697b</color>
        </PolyStyle>
      </Style>
      <Polygon>
        <outerBoundaryIs>
          <LinearRing>
            <coordinates>
              17.4410641,47.8326187
              17.441268,47.8327915,0
              17.4478555,47.8346064,0
              17.4463534,47.8368534,0
              17.4450231,47.8382073,0
              17.4435639,47.8395324,0
              17.4426627,47.8402957,0
              17.4421048,47.8402669,0
              17.4416113,47.839662,0
              17.4407744,47.8389707,0
              17.439723,47.8384378,0
              17.4383068,47.8383513,0
              17.4374485,47.8384378,0
              17.4369979,47.8381929,0
              17.4368906,47.8378472,0
              17.4376416,47.8360324,0
              17.4381137,47.8354563,0
              17.4387789,47.8350098,0
              17.4396586,47.8342607,0
              17.4403453,47.8336126,0
              17.4410641,47.8326187,0
            </coordinates>
          </LinearRing>
        </outerBoundaryIs>
      </Polygon>
    </Placemark>
    <Placemark>
      <name>Bírótanya - LM</name>
      <Style>
        <LineStyle>
          <color>ff6e9ed7</color>
          <width>2</width>
        </LineStyle>
        <PolyStyle>
          <color>ff6e9ed7</color>
        </PolyStyle>
      </Style>
      <Polygon>
        <outerBoundaryIs>
          <LinearRing>
            <coordinates>
              17.1662879,47.8304723
              17.1651936,47.8298673,0
              17.1708584,47.8242346,0
              17.1720386,47.8247244,0
              17.1662879,47.8304723,0
            </coordinates>
          </LinearRing>
        </outerBoundaryIs>
      </Polygon>
    </Placemark>
    <Placemark>
      <name>Bírótanya - SM</name>
      <Style>
        <LineStyle>
          <color>fffc38dd</color>
          <width>2</width>
        </LineStyle>
        <PolyStyle>
          <color>fffc38dd</color>
        </PolyStyle>
      </Style>
      <Polygon>
        <outerBoundaryIs>
          <LinearRing>
            <coordinates>
              17.1643353,47.829464
              17.169764,47.8237447,0
              17.1709228,47.824249,0
              17.1652365,47.8299249,0
              17.1643353,47.829464,0
            </coordinates>
          </LinearRing>
        </outerBoundaryIs>
      </Polygon>
    </Placemark>
    <Placemark>
      <name>Bordacsipart</name>
      <Style>
        <LineStyle>
          <color>ff8a6bcc</color>
          <width>2</width>
        </LineStyle>
        <PolyStyle>
          <color>ff8a6bcc</color>
        </PolyStyle>
      </Style>
      <Polygon>
        <outerBoundaryIs>
          <LinearRing>
            <coordinates>
              17.3132515,47.8157194
              17.3107624,47.8170162,0
              17.3071039,47.8139687,0
              17.3103118,47.8130536,0
              17.3132515,47.8157194,0
            </coordinates>
          </LinearRing>
        </outerBoundaryIs>
      </Polygon>
    </Placemark>
    <Placemark>
      <name>Bumi</name>
      <Style>
        <LineStyle>
          <color>ffec4638</color>
          <width>2</width>
        </LineStyle>
        <PolyStyle>
          <color>ffec4638</color>
        </PolyStyle>
      </Style>
      <Polygon>
        <outerBoundaryIs>
          <LinearRing>
            <coordinates>
              17.4525118,47.8413183
              17.450881,47.8429169,0
              17.4492073,47.8426288,0
              17.4477053,47.8424416,0
              17.4473619,47.8429601,0
              17.4434352,47.8419375,0
              17.4446797,47.8406125,0
              17.4460316,47.8408862,0
              17.4470401,47.8398924,0
              17.4525118,47.8413183,0
            </coordinates>
          </LinearRing>
        </outerBoundaryIs>
      </Polygon>
    </Placemark>
    <Placemark>
      <name>Cinek</name>
      <Style>
        <LineStyle>
          <color>ff739b43</color>
          <width>2</width>
        </LineStyle>
        <PolyStyle>
          <color>ff739b43</color>
        </PolyStyle>
      </Style>
      <Polygon>
        <outerBoundaryIs>
          <LinearRing>
            <coordinates>
              17.3976016,47.8838662
              17.3976445,47.883787,0
              17.3979396,47.8836719,0
              17.398138,47.8835244,0
              17.3983365,47.8831359,0
              17.3986101,47.8830171,0
              17.3989588,47.882884,0
              17.3991197,47.8826574,0
              17.3989588,47.8824811,0
              17.3991197,47.8823156,0
              17.3998117,47.8818947,0
              17.4002409,47.881758,0
              17.4006164,47.8818047,0
              17.4008042,47.882366,0
              17.400713,47.8828409,0
              17.4003053,47.8830135,0
              17.3999619,47.8831431,0
              17.3999244,47.8832834,0
              17.3992217,47.8832474,0
              17.3988032,47.8834704,0
              17.398476,47.8835244,0
              17.3985618,47.8836467,0
              17.3976606,47.8838662,0
              17.3976016,47.8838662,0
            </coordinates>
          </LinearRing>
        </outerBoundaryIs>
      </Polygon>
    </Placemark>
    <Placemark>
      <name>Csemetekert mellett</name>
      <Style>
        <LineStyle>
          <color>fffa062e</color>
          <width>2</width>
        </LineStyle>
        <PolyStyle>
          <color>fffa062e</color>
        </PolyStyle>
      </Style>
      <Polygon>
        <outerBoundaryIs>
          <LinearRing>
            <coordinates>
              17.4814720010253,47.82601650487215
              17.48082880675195,47.82505423415214,0
              17.48168966182324,47.82517700565339,0
              17.48214035083489,47.82580398002681,0
              17.4814720010253,47.82601650487215,0
            </coordinates>
          </LinearRing>
        </outerBoundaryIs>
      </Polygon>
    </Placemark>
    <Placemark>
      <name>Csöndérlósziget 1</name>
      <Style>
        <LineStyle>
          <color>ff40b165</color>
          <width>2</width>
        </LineStyle>
        <PolyStyle>
          <color>ff40b165</color>
        </PolyStyle>
      </Style>
      <Polygon>
        <outerBoundaryIs>
          <LinearRing>
            <coordinates>
              17.4039745,47.9030305
              17.4033844,47.9032319,0
              17.4021828,47.9033973,0
              17.4016356,47.9033398,0
              17.4009275,47.9031671,0
              17.4000263,47.9027644,0
              17.3990607,47.9015344,0
              17.3992646,47.9006857,0
              17.3994577,47.8998945,0
              17.3999405,47.8991824,0
              17.4006701,47.8985925,0
              17.4009168,47.8988371,0
              17.4039745,47.9030305,0
            </coordinates>
          </LinearRing>
        </outerBoundaryIs>
      </Polygon>
    </Placemark>
    <Placemark>
      <name>Csöndérlósziget 2</name>
      <Style>
        <LineStyle>
          <color>ff34a513</color>
          <width>2</width>
        </LineStyle>
        <PolyStyle>
          <color>ff34a513</color>
        </PolyStyle>
      </Style>
      <Polygon>
        <outerBoundaryIs>
          <LinearRing>
            <coordinates>
              17.4051654,47.9045912
              17.4044895,47.9050084,0
              17.4038565,47.9052385,0
              17.4031913,47.9054039,0
              17.4023223,47.9054687,0
              17.4013889,47.9053176,0
              17.4007344,47.9050515,0
              17.4003911,47.90462,0
              17.4006057,47.9042244,0
              17.4013782,47.9034261,0
              17.4021077,47.9034692,0
              17.402848,47.9034045,0
              17.4040282,47.9031024,0
              17.4051654,47.9045912,0
            </coordinates>
          </LinearRing>
        </outerBoundaryIs>
      </Polygon>
    </Placemark>
    <Placemark>
      <name>Darnói kicsi 2</name>
      <Style>
        <LineStyle>
          <color>ffe529bf</color>
          <width>2</width>
        </LineStyle>
        <PolyStyle>
          <color>ffe529bf</color>
        </PolyStyle>
      </Style>
      <Polygon>
        <outerBoundaryIs>
          <LinearRing>
            <coordinates>
              17.4476141,47.8357804
              17.4476945,47.8356039,0
              17.451396,47.8365977,0
              17.451219,47.8367742,0
              17.4476141,47.8357804,0
            </coordinates>
          </LinearRing>
        </outerBoundaryIs>
      </Polygon>
    </Placemark>
    <Placemark>
      <name>Darnói kicsi 3</name>
      <Style>
        <LineStyle>
          <color>ff2ee725</color>
          <width>2</width>
        </LineStyle>
        <PolyStyle>
          <color>ff2ee725</color>
        </PolyStyle>
      </Style>
      <Polygon>
        <outerBoundaryIs>
          <LinearRing>
            <coordinates>
              17.4484617,47.8345488
              17.4523079,47.8357191,0
              17.4521363,47.8358524,0
              17.4483222,47.8346749,0
              17.4484617,47.8345488,0
            </coordinates>
          </LinearRing>
        </outerBoundaryIs>
      </Polygon>
    </Placemark>
    <Placemark>
      <name>Darnói kicsi 4</name>
      <Style>
        <LineStyle>
          <color>ff489e49</color>
          <width>2</width>
        </LineStyle>
        <PolyStyle>
          <color>ff489e49</color>
        </PolyStyle>
      </Style>
      <Polygon>
        <outerBoundaryIs>
          <LinearRing>
            <coordinates>
              17.4484617,47.8345488
              17.4486601,47.8343976,0
              17.4524689,47.8355535,0
              17.4523079,47.8357191,0
              17.4484617,47.8345488,0
            </coordinates>
          </LinearRing>
        </outerBoundaryIs>
      </Polygon>
    </Placemark>
    <Placemark>
      <name>Darnói kicsi 5</name>
      <Style>
        <LineStyle>
          <color>ff107e43</color>
          <width>2</width>
        </LineStyle>
        <PolyStyle>
          <color>ff107e43</color>
        </PolyStyle>
      </Style>
      <Polygon>
        <outerBoundaryIs>
          <LinearRing>
            <coordinates>
              17.449041,47.8340447
              17.4492449,47.8339114,0
              17.4529999,47.8350818,0
              17.452839,47.835233,0
              17.449041,47.8340447,0
            </coordinates>
          </LinearRing>
        </outerBoundaryIs>
      </Polygon>
    </Placemark>
    <Placemark>
      <name>Faluerdő</name>
      <Style>
        <LineStyle>
          <color>ffd24e0b</color>
          <width>2</width>
        </LineStyle>
        <PolyStyle>
          <color>ffd24e0b</color>
        </PolyStyle>
      </Style>
      <Polygon>
        <outerBoundaryIs>
          <LinearRing>
            <coordinates>
              17.4369965747132,47.88313324971067
              17.43647377833616,47.88230069401024,0
              17.43799376655037,47.88171595630237,0
              17.4386358153275,47.88237221119049,0
              17.43699657471325,47.88313324971067,0
            </coordinates>
          </LinearRing>
        </outerBoundaryIs>
      </Polygon>
    </Placemark>
    <Placemark>
      <name>Félholdak</name>
      <Style>
        <LineStyle>
          <color>ffccb6d5</color>
          <width>2</width>
        </LineStyle>
        <PolyStyle>
          <color>ffccb6d5</color>
        </PolyStyle>
      </Style>
      <Polygon>
        <outerBoundaryIs>
          <LinearRing>
            <coordinates>
              17.392956,47.9099204
              17.3928058,47.9097047,0
              17.3928595,47.9093523,0
              17.3939645,47.907691,0
              17.3947906,47.9072235,0
              17.3949301,47.9067129,0
              17.3945868,47.9055334,0
              17.3958313,47.9051882,0
              17.3966789,47.9061375,0
              17.3966038,47.9066482,0
              17.3975158,47.9063821,0
              17.3982882,47.9072523,0
              17.3969686,47.9077126,0
              17.396518,47.9081513,0
              17.3954022,47.9089639,0
              17.3949838,47.9092588,0
              17.3935246,47.9098269,0
              17.392956,47.9099204,0
            </coordinates>
          </LinearRing>
        </outerBoundaryIs>
      </Polygon>
    </Placemark>
    <Placemark>
      <name>Gyári tábla 3</name>
      <Style>
        <LineStyle>
          <color>ff18bcbc</color>
          <width>2</width>
        </LineStyle>
        <PolyStyle>
          <color>ff18bcbc</color>
        </PolyStyle>
      </Style>
      <Polygon>
        <outerBoundaryIs>
          <LinearRing>
            <coordinates>
              17.4504197,47.8254879
              17.4513423,47.8227578,0
              17.4515891,47.8225849,0
              17.4525332,47.8226714,0
              17.453059,47.8227794,0
              17.4537134,47.8228227,0
              17.4529195,47.8236799,0
              17.4535739,47.8260642,0
              17.4534345,47.8261938,0
              17.4512243,47.8260354,0
              17.4509668,47.8257328,0
              17.4510205,47.8255744,0
              17.4504197,47.8254879,0
            </coordinates>
          </LinearRing>
        </outerBoundaryIs>
      </Polygon>
    </Placemark>
    <Placemark>
      <name>Gyári tábla 4 gyep</name>
      <Style>
        <LineStyle>
          <color>ffa83333</color>
          <width>2</width>
        </LineStyle>
        <PolyStyle>
          <color>ffa83333</color>
        </PolyStyle>
      </Style>
      <Polygon>
        <outerBoundaryIs>
          <LinearRing>
            <coordinates>
              17.4491751,47.8238096
              17.4494433,47.8220375,0
              17.4498349,47.8219114,0
              17.4502105,47.8218358,0
              17.4505162,47.8219582,0
              17.4508274,47.8219762,0
              17.4506825,47.8228011,0
              17.4503553,47.823914,0
              17.4491751,47.8238096,0
            </coordinates>
          </LinearRing>
        </outerBoundaryIs>
      </Polygon>
    </Placemark>
    <Placemark>
      <name>Gyöpföld</name>
      <Style>
        <LineStyle>
          <color>ff09d113</color>
          <width>2</width>
        </LineStyle>
        <PolyStyle>
          <color>ff09d113</color>
        </PolyStyle>
      </Style>
      <Polygon>
        <outerBoundaryIs>
          <LinearRing>
            <coordinates>
              17.3800063,47.8994773
              17.3831284,47.8976215,0
              17.3862183,47.8983839,0
              17.3875058,47.8987436,0
              17.3884606,47.8990673,0
              17.388922,47.899506,0
              17.3890507,47.9000455,0
              17.3890078,47.9005634,0
              17.388804,47.9011604,0
              17.388407,47.9015992,0
              17.3877096,47.9018149,0
              17.387141,47.902117,0
              17.386744,47.903311,0
              17.3800063,47.8994773,0
            </coordinates>
          </LinearRing>
        </outerBoundaryIs>
      </Polygon>
    </Placemark>
    <Placemark>
      <name>Gyümölcsösi lósziget kicsi</name>
      <Style>
        <LineStyle>
          <color>ff3702dd</color>
          <width>2</width>
        </LineStyle>
        <PolyStyle>
          <color>ff3702dd</color>
        </PolyStyle>
      </Style>
      <Polygon>
        <outerBoundaryIs>
          <LinearRing>
            <coordinates>
              17.4041891,47.9029945
              17.4058843,47.9024767,0
              17.4076653,47.9049652,0
              17.4074507,47.9054399,0
              17.4079227,47.9056125,0
              17.4066567,47.9061447,0
              17.4060988,47.905368,0
              17.4058199,47.9054255,0
              17.4041891,47.9029945,0
            </coordinates>
          </LinearRing>
        </outerBoundaryIs>
      </Polygon>
    </Placemark>
    <Placemark>
      <name>Gyümölcsösi lósziget nagy</name>
      <Style>
        <LineStyle>
          <color>ff17dbc4</color>
          <width>2</width>
        </LineStyle>
        <PolyStyle>
          <color>ff17dbc4</color>
        </PolyStyle>
      </Style>
      <Polygon>
        <outerBoundaryIs>
          <LinearRing>
            <coordinates>
              17.4078798,47.9047638
              17.4068069,47.9032247,0
              17.4076653,47.9029226,0
              17.4092102,47.9030377,0
              17.4108624,47.9034117,0
              17.4116135,47.9031384,0
              17.4124932,47.903498,0
              17.413094,47.9040734,0
              17.4134374,47.9050228,0
              17.413373,47.9057132,0
              17.4132228,47.9063317,0
              17.4135661,47.9064468,0
              17.4138665,47.9060009,0
              17.4138236,47.904807,0
              17.4137592,47.9041885,0
              17.4131799,47.9038145,0
              17.412858,47.903498,0
              17.4142098,47.9029514,0
              17.4172568,47.9070941,0
              17.4157119,47.9075831,0
              17.4137592,47.9075687,0
              17.4109912,47.9041597,0
              17.409339,47.9049077,0
              17.4084163,47.9047207,0
              17.4078798,47.9047638,0
            </coordinates>
          </LinearRing>
        </outerBoundaryIs>
      </Polygon>
    </Placemark>
    <Placemark>
      <name>Hatrendes</name>
      <Style>
        <LineStyle>
          <color>ff078ede</color>
          <width>2</width>
        </LineStyle>
        <PolyStyle>
          <color>ff078ede</color>
        </PolyStyle>
      </Style>
      <Polygon>
        <outerBoundaryIs>
          <LinearRing>
            <coordinates>
              17.4056214,47.896769
              17.4043286,47.897082,0
              17.4037814,47.8965892,0
              17.4048382,47.8959562,0
              17.4056214,47.896769,0
            </coordinates>
          </LinearRing>
        </outerBoundaryIs>
      </Polygon>
    </Placemark>
    <Placemark>
      <name>Hétrendes</name>
      <Style>
        <LineStyle>
          <color>ffd5975d</color>
          <width>2</width>
        </LineStyle>
        <PolyStyle>
          <color>ffd5975d</color>
        </PolyStyle>
      </Style>
      <Polygon>
        <outerBoundaryIs>
          <LinearRing>
            <coordinates>
              17.4175894,47.9072451
              17.414757,47.9035052,0
              17.4170423,47.9027212,0
              17.4175036,47.9033398,0
              17.4182761,47.9040446,0
              17.4190593,47.9038432,0
              17.4196815,47.9038216,0
              17.4198747,47.9040734,0
              17.419821,47.9043323,0
              17.4199283,47.9049652,0
              17.419821,47.9054399,0
              17.4200356,47.9058786,0
              17.4202931,47.9062023,0
              17.4204969,47.9064396,0
              17.4204648,47.9065187,0
              17.4175894,47.9072451,0
            </coordinates>
          </LinearRing>
        </outerBoundaryIs>
      </Polygon>
    </Placemark>
    <Placemark>
      <name>Hétrendes gyep</name>
      <Style>
        <LineStyle>
          <color>ff20bed6</color>
          <width>2</width>
        </LineStyle>
        <PolyStyle>
          <color>ff20bed6</color>
        </PolyStyle>
      </Style>
      <Polygon>
        <outerBoundaryIs>
          <LinearRing>
            <coordinates>
              17.4170959,47.9025558
              17.4169135,47.9027068,0
              17.4166024,47.9026637,0
              17.4163556,47.9024191,0
              17.4158406,47.9021458,0
              17.4153042,47.9023975,0
              17.4142313,47.9027859,0
              17.4132013,47.9013114,0
              17.4168062,47.9001246,0
              17.4169993,47.900923,0
              17.4173105,47.9014337,0
              17.4179864,47.9022393,0
              17.4170959,47.9025558,0
            </coordinates>
          </LinearRing>
        </outerBoundaryIs>
      </Polygon>
    </Placemark>
    <Placemark>
      <name>Hosszúnyilas</name>
      <Style>
        <LineStyle>
          <color>ffe5cf96</color>
          <width>2</width>
        </LineStyle>
        <PolyStyle>
          <color>ffe5cf96</color>
        </PolyStyle>
      </Style>
      <Polygon>
        <outerBoundaryIs>
          <LinearRing>
            <coordinates>
              17.3867011,47.7924145
              17.3956275,47.7854369,0
              17.3957777,47.7852206,0
              17.3984385,47.7867921,0
              17.389555,47.7935389,0
              17.3884177,47.7929046,0
              17.3867011,47.7924145,0
            </coordinates>
          </LinearRing>
        </outerBoundaryIs>
      </Polygon>
    </Placemark>
    <Placemark>
      <name>Hosszúosztály 1</name>
      <Style>
        <LineStyle>
          <color>ffc94210</color>
          <width>2</width>
        </LineStyle>
        <PolyStyle>
          <color>ffc94210</color>
        </PolyStyle>
      </Style>
      <Polygon>
        <outerBoundaryIs>
          <LinearRing>
            <coordinates>
              17.364471,47.8977869
              17.3651147,47.8974992,0
              17.3725605,47.9017574,0
              17.37432,47.9011388,0
              17.3756075,47.9002757,0
              17.3766375,47.9009087,0
              17.3722386,47.9022321,0
              17.364471,47.8977869,0
            </coordinates>
          </LinearRing>
        </outerBoundaryIs>
      </Polygon>
    </Placemark>
    <Placemark>
      <name>Hosszúosztály 2</name>
      <Style>
        <LineStyle>
          <color>ff2fbecc</color>
          <width>2</width>
        </LineStyle>
        <PolyStyle>
          <color>ff2fbecc</color>
        </PolyStyle>
      </Style>
      <Polygon>
        <outerBoundaryIs>
          <LinearRing>
            <coordinates>
              17.3699427,47.9030089
              17.3620677,47.8986645,0
              17.3639131,47.8978732,0
              17.3718953,47.9023616,0
              17.3699427,47.9030089,0
            </coordinates>
          </LinearRing>
        </outerBoundaryIs>
      </Polygon>
    </Placemark>
    <Placemark>
      <name>Hosszúosztály 3</name>
      <Style>
        <LineStyle>
          <color>ff59a1bb</color>
          <width>2</width>
        </LineStyle>
        <PolyStyle>
          <color>ff59a1bb</color>
        </PolyStyle>
      </Style>
      <Polygon>
        <outerBoundaryIs>
          <LinearRing>
            <coordinates>
              17.3620248,47.9054111
              17.3582053,47.9029514,0
              17.3591065,47.9025342,0
              17.3597074,47.902189,0
              17.3600936,47.9015272,0
              17.360909,47.9006785,0
              17.3613596,47.8993262,0
              17.368505,47.9034261,0
              17.3622608,47.9053392,0
              17.3620248,47.9054111,0
            </coordinates>
          </LinearRing>
        </outerBoundaryIs>
      </Polygon>
    </Placemark>
    <Placemark>
      <name>Irtás</name>
      <Style>
        <LineStyle>
          <color>ff6ccd0e</color>
          <width>2</width>
        </LineStyle>
        <PolyStyle>
          <color>ff6ccd0e</color>
        </PolyStyle>
      </Style>
      <Polygon>
        <outerBoundaryIs>
          <LinearRing>
            <coordinates>
              17.4251103,47.8742454
              17.4244452,47.872547,0
              17.4257755,47.8721152,0
              17.426033,47.8720144,0
              17.4260116,47.8715826,0
              17.4262691,47.8713955,0
              17.4261189,47.8710788,0
              17.4296808,47.8705751,0
              17.4299598,47.8707766,0
              17.4300885,47.871194,0
              17.4291444,47.8721584,0
              17.4289727,47.8736984,0
              17.4253464,47.8742454,0
              17.4251103,47.8742454,0
            </coordinates>
          </LinearRing>
        </outerBoundaryIs>
      </Polygon>
    </Placemark>
    <Placemark>
      <name>Irtás kicsi</name>
      <Style>
        <LineStyle>
          <color>ffd8b4e9</color>
          <width>2</width>
        </LineStyle>
        <PolyStyle>
          <color>ffd8b4e9</color>
        </PolyStyle>
      </Style>
      <Polygon>
        <outerBoundaryIs>
          <LinearRing>
            <coordinates>
              17.4308717,47.8711508
              17.4307215,47.8709421,0
              17.4299061,47.8704383,0
              17.4333286,47.869841,0
              17.4334681,47.8702368,0
              17.4308717,47.8711508,0
            </coordinates>
          </LinearRing>
        </outerBoundaryIs>
      </Polygon>
    </Placemark>
    <Placemark>
      <name>Jegyzőföld 1</name>
      <Style>
        <LineStyle>
          <color>fff0c39a</color>
          <width>2</width>
        </LineStyle>
        <PolyStyle>
          <color>fff0c39a</color>
        </PolyStyle>
      </Style>
      <Polygon>
        <outerBoundaryIs>
          <LinearRing>
            <coordinates>
              17.4070215,47.8810528
              17.4057126,47.879772,0
              17.407515,47.8755119,0
              17.4081373,47.8744037,0
              17.4094033,47.8748499,0
              17.4129224,47.8788797,0
              17.4070215,47.8810528,0
            </coordinates>
          </LinearRing>
        </outerBoundaryIs>
      </Polygon>
    </Placemark>
    <Placemark>
      <name>Jegyzőföld 2</name>
      <Style>
        <LineStyle>
          <color>ff3f16e3</color>
          <width>2</width>
        </LineStyle>
        <PolyStyle>
          <color>ff3f16e3</color>
        </PolyStyle>
      </Style>
      <Polygon>
        <outerBoundaryIs>
          <LinearRing>
            <coordinates>
              17.4214196,47.8785199
              17.4199176,47.8764475,0
              17.4214411,47.874706,0
              17.4214625,47.8737272,0
              17.4225998,47.8720288,0
              17.4236512,47.8707046,0
              17.4238014,47.870719,0
              17.4250245,47.8743749,0
              17.4258184,47.8766346,0
              17.4260545,47.8790812,0
              17.4219131,47.8785487,0
              17.4214196,47.8785199,0
            </coordinates>
          </LinearRing>
        </outerBoundaryIs>
      </Polygon>
    </Placemark>
    <Placemark>
      <name>Jegyzőföld 3</name>
      <Style>
        <LineStyle>
          <color>ff458fb7</color>
          <width>2</width>
        </LineStyle>
        <PolyStyle>
          <color>ff458fb7</color>
        </PolyStyle>
      </Style>
      <Polygon>
        <outerBoundaryIs>
          <LinearRing>
            <coordinates>
              17.4095428,47.8749146
              17.4166453,47.87757,0
              17.4151218,47.8781601,0
              17.4169028,47.8801677,0
              17.4148321,47.8809736,0
              17.4095428,47.8749146,0
            </coordinates>
          </LinearRing>
        </outerBoundaryIs>
      </Polygon>
    </Placemark>
    <Placemark>
      <name>Kápolna-Déllő</name>
      <Style>
        <LineStyle>
          <color>ffbbab0e</color>
          <width>2</width>
        </LineStyle>
        <PolyStyle>
          <color>ffbbab0e</color>
        </PolyStyle>
      </Style>
      <Polygon>
        <outerBoundaryIs>
          <LinearRing>
            <coordinates>
              17.3784614,47.9003476
              17.3837614,47.903872,0
              17.3827744,47.9047063,0
              17.3828387,47.9052241,0
              17.3837399,47.906116,0
              17.3826456,47.9074249,0
              17.3808217,47.9086043,0
              17.3796415,47.909266,0
              17.3784828,47.9090358,0
              17.3770452,47.9079139,0
              17.3765302,47.9072523,0
              17.3764229,47.9063173,0
              17.3757792,47.9055981,0
              17.3751998,47.9052241,0
              17.374835,47.9043179,0
              17.3735905,47.904246,0
              17.3723888,47.9041741,0
              17.3719168,47.9037281,0
              17.3704576,47.9033541,0
              17.3698354,47.903124,0
              17.3779893,47.9006497,0
              17.3784614,47.9003476,0
            </coordinates>
          </LinearRing>
        </outerBoundaryIs>
      </Polygon>
    </Placemark>
    <Placemark>
      <name>Károlyháza SM</name>
      <Style>
        <LineStyle>
          <color>ffb57dab</color>
          <width>2</width>
        </LineStyle>
        <PolyStyle>
          <color>ffb57dab</color>
        </PolyStyle>
      </Style>
      <Polygon>
        <outerBoundaryIs>
          <LinearRing>
            <coordinates>
              17.3513603,47.8049114
              17.3503518,47.804162,0
              17.3592997,47.7993768,0
              17.3602867,47.8001407,0
              17.3513603,47.8049114,0
            </coordinates>
          </LinearRing>
        </outerBoundaryIs>
      </Polygon>
    </Placemark>
    <Placemark>
      <name>Károlyháza Szage hidró</name>
      <Style>
        <LineStyle>
          <color>ff09d04b</color>
          <width>2</width>
        </LineStyle>
        <PolyStyle>
          <color>ff09d04b</color>
        </PolyStyle>
      </Style>
      <Polygon>
        <outerBoundaryIs>
          <LinearRing>
            <coordinates>
              17.3499227,47.8037008
              17.3492789,47.8031531,0
              17.3580337,47.7981516,0
              17.3586774,47.798757,0
              17.3499227,47.8037008,0
            </coordinates>
          </LinearRing>
        </outerBoundaryIs>
      </Polygon>
    </Placemark>
    <Placemark>
      <name>Károlyi úton kicsi</name>
      <Style>
        <LineStyle>
          <color>ff44d5cd</color>
          <width>2</width>
        </LineStyle>
        <PolyStyle>
          <color>ff44d5cd</color>
        </PolyStyle>
      </Style>
      <Polygon>
        <outerBoundaryIs>
          <LinearRing>
            <coordinates>
              17.4659282,47.8298781
              17.4658585,47.8297233,0
              17.469635,47.8291363,0
              17.4694741,47.8293487,0
              17.4659282,47.8298781,0
            </coordinates>
          </LinearRing>
        </outerBoundaryIs>
      </Polygon>
    </Placemark>
    <Placemark>
      <name>Kavicsbányai - SM</name>
      <Style>
        <LineStyle>
          <color>ffd3eaa7</color>
          <width>2</width>
        </LineStyle>
        <PolyStyle>
          <color>ffd3eaa7</color>
        </PolyStyle>
      </Style>
      <Polygon>
        <outerBoundaryIs>
          <LinearRing>
            <coordinates>
              17.2016823,47.8572229
              17.2027659,47.8558551,0
              17.2031629,47.8552072,0
              17.2058344,47.852817,0
              17.2068536,47.8532994,0
              17.202208,47.8574749,0
              17.2016823,47.8572229,0
            </coordinates>
          </LinearRing>
        </outerBoundaryIs>
      </Polygon>
    </Placemark>
    <Placemark>
      <name>Kavicsbányai - LM</name>
      <Style>
        <LineStyle>
          <color>ffcaf06c</color>
          <width>2</width>
        </LineStyle>
        <PolyStyle>
          <color>ffcaf06c</color>
        </PolyStyle>
      </Style>
      <Polygon>
        <outerBoundaryIs>
          <LinearRing>
            <coordinates>
              17.203002,47.8577916
              17.202208,47.8574245,0
              17.2069287,47.8534074,0
              17.2079051,47.8538754,0
              17.203002,47.8577916,0
            </coordinates>
          </LinearRing>
        </outerBoundaryIs>
      </Polygon>
    </Placemark>
    <Placemark>
      <name>Kilva alsó</name>
      <Style>
        <LineStyle>
          <color>ff9c7d22</color>
          <width>2</width>
        </LineStyle>
        <PolyStyle>
          <color>ff9c7d22</color>
        </PolyStyle>
      </Style>
      <Polygon>
        <outerBoundaryIs>
          <LinearRing>
            <coordinates>
              17.3943186,47.8931471
              17.3910141,47.8959886,0
              17.3896837,47.8955282,0
              17.3893619,47.8953843,0
              17.389276,47.8952332,0
              17.3895764,47.8948304,0
              17.390027,47.8945427,0
              17.3909819,47.8942621,0
              17.3920548,47.8940031,0
              17.3939002,47.8930679,0
              17.3943186,47.8931471,0
            </coordinates>
          </LinearRing>
        </outerBoundaryIs>
      </Polygon>
    </Placemark>
    <Placemark>
      <name>Kilva felső</name>
      <Style>
        <LineStyle>
          <color>ff8d6502</color>
          <width>2</width>
        </LineStyle>
        <PolyStyle>
          <color>ff8d6502</color>
        </PolyStyle>
      </Style>
      <Polygon>
        <outerBoundaryIs>
          <LinearRing>
            <coordinates>
              17.3941818,47.8933161
              17.3943293,47.8933989,0
              17.3936588,47.8939995,0
              17.3932725,47.8946182,0
              17.3930418,47.8951397,0
              17.3926234,47.895762,0
              17.3922586,47.8961792,0
              17.3919904,47.8963123,0
              17.391057,47.896003,0
              17.3941818,47.8933161,0
            </coordinates>
          </LinearRing>
        </outerBoundaryIs>
      </Polygon>
    </Placemark>
    <Placemark>
      <name>Kis Paptag</name>
      <Style>
        <LineStyle>
          <color>ff5b8b60</color>
          <width>2</width>
        </LineStyle>
        <PolyStyle>
          <color>ff5b8b60</color>
        </PolyStyle>
      </Style>
      <Polygon>
        <outerBoundaryIs>
          <LinearRing>
            <coordinates>
              17.4556661,47.8427512
              17.4549794,47.8433345,0
              17.4549043,47.8433345,0
              17.4532628,47.8442994,0
              17.4508703,47.8429601,0
              17.4529946,47.8409654,0
              17.4556661,47.8427512,0
            </coordinates>
          </LinearRing>
        </outerBoundaryIs>
      </Polygon>
    </Placemark>
    <Placemark>
      <name>Kishosszúosztály</name>
      <Style>
        <LineStyle>
          <color>ff6837a9</color>
          <width>2</width>
        </LineStyle>
        <PolyStyle>
          <color>ff6837a9</color>
        </PolyStyle>
      </Style>
      <Polygon>
        <outerBoundaryIs>
          <LinearRing>
            <coordinates>
              17.3688483,47.9034404
              17.3683548,47.9045768,0
              17.3677325,47.9053248,0
              17.3667884,47.906044,0
              17.3658013,47.9071085,0
              17.3653078,47.9078133,0
              17.3648572,47.9079715,0
              17.3642993,47.9076694,0
              17.3635054,47.9074968,0
              17.3620248,47.9074393,0
              17.3608875,47.90754,0
              17.3597932,47.9065906,0
              17.361145,47.9057276,0
              17.3688483,47.9034404,0
            </coordinates>
          </LinearRing>
        </outerBoundaryIs>
      </Polygon>
    </Placemark>
    <Placemark>
      <name>Kishosszúosztály 2</name>
      <Style>
        <LineStyle>
          <color>ff0f6833</color>
          <width>2</width>
        </LineStyle>
        <PolyStyle>
          <color>ff0f6833</color>
        </PolyStyle>
      </Style>
      <Polygon>
        <outerBoundaryIs>
          <LinearRing>
            <coordinates>
              17.3675519356907,47.90380586812777
              17.36867200544257,47.90348288206635,0
              17.36873842479308,47.90356553461189,0
              17.36815964614232,47.90463328323239,0
              17.36755193569072,47.90380586812777,0
            </coordinates>
          </LinearRing>
        </outerBoundaryIs>
      </Polygon>
    </Placemark>
    <Placemark>
      <name>Kis Makkszeg</name>
      <Style>
        <LineStyle>
          <color>ff70d1f9</color>
          <width>2</width>
        </LineStyle>
        <PolyStyle>
          <color>ff70d1f9</color>
        </PolyStyle>
      </Style>
      <Polygon>
        <outerBoundaryIs>
          <LinearRing>
            <coordinates>
              17.4349755393501,47.87883912617404
              17.43542347851972,47.87871792026119,0
              17.43570520187916,47.87896301876339,0
              17.43592914552861,47.87885397762616,0
              17.43567679694863,47.87859810989426,0
              17.43607328463956,47.87845692836881,0
              17.43857724761718,47.88082782897318,0
              17.43742037244904,47.88115938038933,0
              17.43497553935019,47.87883912617404,0
            </coordinates>
          </LinearRing>
        </outerBoundaryIs>
      </Polygon>
    </Placemark>
    <Placemark>
      <name>Kohány 49</name>
      <Style>
        <LineStyle>
          <color>ffc6aa25</color>
          <width>2</width>
        </LineStyle>
        <PolyStyle>
          <color>ffc6aa25</color>
        </PolyStyle>
      </Style>
      <Polygon>
        <outerBoundaryIs>
          <LinearRing>
            <coordinates>
              17.3848987,47.8830243
              17.3821521,47.8812687,0
              17.3843622,47.8800166,0
              17.3860359,47.8789948,0
              17.387023,47.8781169,0
              17.3878598,47.8774837,0
              17.3897481,47.8773542,0
              17.3919582,47.8779298,0
              17.3933315,47.8784911,0
              17.394104,47.8790236,0
              17.3939967,47.8799015,0
              17.393868,47.8802325,0
              17.3931813,47.8803476,0
              17.3924947,47.8809521,0
              17.3912501,47.8815997,0
              17.3891258,47.882938,0
              17.3879242,47.8825782,0
              17.3865938,47.8825926,0
              17.3855639,47.8828229,0
              17.3848987,47.8830243,0
            </coordinates>
          </LinearRing>
        </outerBoundaryIs>
      </Polygon>
    </Placemark>
    <Placemark>
      <name>Kohány fű</name>
      <Style>
        <LineStyle>
          <color>ff545f54</color>
          <width>2</width>
        </LineStyle>
        <PolyStyle>
          <color>ff545f54</color>
        </PolyStyle>
      </Style>
      <Polygon>
        <outerBoundaryIs>
          <LinearRing>
            <coordinates>
              17.3906386,47.8836503
              17.3904026,47.8834776,0
              17.3899841,47.883305,0
              17.3891258,47.882938,0
              17.3911643,47.881722,0
              17.391057,47.882938,0
              17.3910892,47.8835424,0
              17.3906386,47.8836503,0
            </coordinates>
          </LinearRing>
        </outerBoundaryIs>
      </Polygon>
    </Placemark>
    <Placemark>
      <name>Kozlik kozlikcsatornapart</name>
      <Style>
        <LineStyle>
          <color>ff148957</color>
          <width>2</width>
        </LineStyle>
        <PolyStyle>
          <color>ff148957</color>
        </PolyStyle>
      </Style>
      <Polygon>
        <outerBoundaryIs>
          <LinearRing>
            <coordinates>
              17.2513247,47.8218934
              17.2549403,47.8191271,0
              17.2605193,47.8221599,0
              17.2568607,47.8250197,0
              17.2513247,47.8218934,0
            </coordinates>
          </LinearRing>
        </outerBoundaryIs>
      </Polygon>
    </Placemark>
    <Placemark>
      <name>Kölesföld nagy</name>
      <Style>
        <LineStyle>
          <color>ff64185d</color>
          <width>2</width>
        </LineStyle>
        <PolyStyle>
          <color>ff64185d</color>
        </PolyStyle>
      </Style>
      <Polygon>
        <outerBoundaryIs>
          <LinearRing>
            <coordinates>
              17.3938251,47.8924637
              17.3929882,47.89255,0
              17.3886752,47.89396,0
              17.3871732,47.8931111,0
              17.3866153,47.8927802,0
              17.3860574,47.8924061,0
              17.385993,47.8916148,0
              17.384727,47.8891687,0
              17.3852205,47.8880464,0
              17.385478,47.8874996,0
              17.385993,47.8872694,0
              17.3863578,47.8874852,0
              17.3876882,47.8881615,0
              17.38904,47.8885068,0
              17.3902202,47.8901615,0
              17.3919153,47.8895428,0
              17.3928809,47.8907946,0
              17.3935032,47.8908953,0
              17.3936319,47.8911112,0
              17.393117,47.8914565,0
              17.3931384,47.8916291,0
              17.3937392,47.8916148,0
              17.3938251,47.8924637,0
            </coordinates>
          </LinearRing>
        </outerBoundaryIs>
      </Polygon>
    </Placemark>
    <Placemark>
      <name>Kölesföld kicsi</name>
      <Style>
        <LineStyle>
          <color>ffac5835</color>
          <width>2</width>
        </LineStyle>
        <PolyStyle>
          <color>ffac5835</color>
        </PolyStyle>
      </Style>
      <Polygon>
        <outerBoundaryIs>
          <LinearRing>
            <coordinates>
              17.3924518,47.889363
              17.3915935,47.888327,0
              17.3922265,47.8878737,0
              17.3929453,47.8877442,0
              17.3934603,47.8874636,0
              17.3939967,47.8871327,0
              17.394222,47.8866003,0
              17.3971832,47.8865499,0
              17.3971832,47.8866938,0
              17.3957884,47.8873773,0
              17.3937178,47.8886579,0
              17.3930955,47.8890752,0
              17.3924518,47.889363,0
            </coordinates>
          </LinearRing>
        </outerBoundaryIs>
      </Polygon>
    </Placemark>
    <Placemark>
      <name>Kölesföld fű</name>
      <Style>
        <LineStyle>
          <color>ff29437c</color>
          <width>2</width>
        </LineStyle>
        <PolyStyle>
          <color>ff29437c</color>
        </PolyStyle>
      </Style>
      <Polygon>
        <outerBoundaryIs>
          <LinearRing>
            <coordinates>
              17.3918295,47.8939024
              17.3912716,47.8932766,0
              17.3916042,47.8931579,0
              17.392087,47.8929313,0
              17.392661,47.8927586,0
              17.3932993,47.8926687,0
              17.3931921,47.8932945,0
              17.3918295,47.8939024,0
            </coordinates>
          </LinearRing>
        </outerBoundaryIs>
      </Polygon>
    </Placemark>
    <Placemark>
      <name>Kölesföld tó</name>
      <Style>
        <LineStyle>
          <color>ffa60f2c</color>
          <width>2</width>
        </LineStyle>
        <PolyStyle>
          <color>ffa60f2c</color>
        </PolyStyle>
      </Style>
      <Polygon>
        <outerBoundaryIs>
          <LinearRing>
            <coordinates>
              17.3966038,47.8870895
              17.398932,47.8892335,0
              17.3989105,47.8893917,0
              17.3978269,47.8897587,0
              17.3953164,47.8907371,0
              17.3951018,47.8905356,0
              17.3943937,47.8908522,0
              17.3931277,47.8895141,0
              17.3930955,47.8892766,0
              17.3935997,47.8888738,0
              17.3949194,47.8880032,0
              17.3966038,47.8870895,0
            </coordinates>
          </LinearRing>
        </outerBoundaryIs>
      </Polygon>
    </Placemark>
    <Placemark>
      <name>Körtefai</name>
      <Style>
        <LineStyle>
          <color>ff33923e</color>
          <width>2</width>
        </LineStyle>
        <PolyStyle>
          <color>ff33923e</color>
        </PolyStyle>
      </Style>
      <Polygon>
        <outerBoundaryIs>
          <LinearRing>
            <coordinates>
              17.4340367,47.8246596
              17.4282539,47.8244507,0
              17.4288332,47.8239968,0
              17.429198,47.8235574,0
              17.4292839,47.8231901,0
              17.4307537,47.8223328,0
              17.4317622,47.8225922,0
              17.4327707,47.8225561,0
              17.4334359,47.8223904,0
              17.4340475,47.8221167,0
              17.4348092,47.8217061,0
              17.4340367,47.8246596,0
            </coordinates>
          </LinearRing>
        </outerBoundaryIs>
      </Polygon>
    </Placemark>
    <Placemark>
      <name>Külső lósziget</name>
      <Style>
        <LineStyle>
          <color>ffccc330</color>
          <width>2</width>
        </LineStyle>
        <PolyStyle>
          <color>ffccc330</color>
        </PolyStyle>
      </Style>
      <Polygon>
        <outerBoundaryIs>
          <LinearRing>
            <coordinates>
              17.3998225,47.9056629
              17.4002194,47.9053033,0
              17.4002945,47.9051666,0
              17.4008739,47.9054183,0
              17.4016035,47.9056413,0
              17.4025905,47.9056844,0
              17.4032986,47.9055766,0
              17.4040496,47.9054111,0
              17.404629,47.905181,0
              17.4053371,47.9047926,0
              17.4061954,47.9060512,0
              17.407161,47.9072882,0
              17.4042642,47.9072307,0
              17.4030519,47.9070725,0
              17.4021614,47.9068208,0
              17.3998225,47.9056629,0
            </coordinates>
          </LinearRing>
        </outerBoundaryIs>
      </Polygon>
    </Placemark>
    <Placemark>
      <name>Külsőkerekes</name>
      <Style>
        <LineStyle>
          <color>ffedfbf0</color>
          <width>2</width>
        </LineStyle>
        <PolyStyle>
          <color>ffedfbf0</color>
        </PolyStyle>
      </Style>
      <Polygon>
        <outerBoundaryIs>
          <LinearRing>
            <coordinates>
              17.4740124,47.8039169
              17.4745488,47.8032828,0
              17.4748707,47.8032251,0
              17.4747634,47.8028792,0
              17.4752355,47.8023171,0
              17.4760723,47.8016397,0
              17.4770379,47.8012794,0
              17.4771881,47.8030089,0
              17.4819946,47.8029225,0
              17.4824238,47.8073758,0
              17.4810076,47.8074046,0
              17.4805999,47.8073326,0
              17.4802995,47.8071741,0
              17.4800205,47.8068426,0
              17.479248,47.8063382,0
              17.4781108,47.8060499,0
              17.4769092,47.8057473,0
              17.4740124,47.8039169,0
            </coordinates>
          </LinearRing>
        </outerBoundaryIs>
      </Polygon>
    </Placemark>
    <Placemark>
      <name>Legelő</name>
      <Style>
        <LineStyle>
          <color>ffd6421f</color>
          <width>2</width>
        </LineStyle>
        <PolyStyle>
          <color>ffd6421f</color>
        </PolyStyle>
      </Style>
      <Polygon>
        <outerBoundaryIs>
          <LinearRing>
            <coordinates>
              17.4644423,47.8188317
              17.4710727,47.8235862,0
              17.470901,47.8239608,0
              17.470386,47.8240617,0
              17.4637127,47.8192928,0
              17.4644423,47.8188317,0
            </coordinates>
          </LinearRing>
        </outerBoundaryIs>
      </Polygon>
    </Placemark>
    <Placemark>
      <name>Lickói híd</name>
      <Style>
        <LineStyle>
          <color>ffca7f83</color>
          <width>2</width>
        </LineStyle>
        <PolyStyle>
          <color>ffca7f83</color>
        </PolyStyle>
      </Style>
      <Polygon>
        <outerBoundaryIs>
          <LinearRing>
            <coordinates>
              17.4348521,47.8125349
              17.4344444,47.8122323,0
              17.4341011,47.8114829,0
              17.4330711,47.8103877,0
              17.4356461,47.8096816,0
              17.4372983,47.8125637,0
              17.4365258,47.8135436,0
              17.4359679,47.8134859,0
              17.4348521,47.8125349,0
            </coordinates>
          </LinearRing>
        </outerBoundaryIs>
      </Polygon>
    </Placemark>
    <Placemark>
      <name>Lickói leágazó</name>
      <Style>
        <LineStyle>
          <color>ffb3c3f9</color>
          <width>2</width>
        </LineStyle>
        <PolyStyle>
          <color>ffb3c3f9</color>
        </PolyStyle>
      </Style>
      <Polygon>
        <outerBoundaryIs>
          <LinearRing>
            <coordinates>
              17.406292,47.7916937
              17.4032664,47.7895313,0
              17.4092746,47.7856964,0
              17.4102616,47.786374,0
              17.408309,47.788378,0
              17.4069786,47.7900503,0
              17.4067211,47.7906702,0
              17.4066782,47.7912324,0
              17.406292,47.7916937,0
            </coordinates>
          </LinearRing>
        </outerBoundaryIs>
      </Polygon>
    </Placemark>
    <Placemark>
      <name>Lucska 16</name>
      <Style>
        <LineStyle>
          <color>ffdc2943</color>
          <width>2</width>
        </LineStyle>
        <PolyStyle>
          <color>ffdc2943</color>
        </PolyStyle>
      </Style>
      <Polygon>
        <outerBoundaryIs>
          <LinearRing>
            <coordinates>
              17.369771,47.9001462
              17.3651147,47.8974992,0
              17.3665738,47.8969525,0
              17.3670459,47.8962188,0
              17.367003,47.8947225,0
              17.3676038,47.8937585,0
              17.3692346,47.8933125,0
              17.3705864,47.8934708,0
              17.3719811,47.8935283,0
              17.3733974,47.8937442,0
              17.3741698,47.8933845,0
              17.3757792,47.8944204,0
              17.3712516,47.8971971,0
              17.3735476,47.8987939,0
              17.3736334,47.899168,0
              17.374084,47.8996571,0
              17.3741484,47.9000167,0
              17.3741269,47.9004052,0
              17.3737192,47.9007216,0
              17.3731613,47.9009087,0
              17.3723888,47.9008799,0
              17.3717237,47.900736,0
              17.3709512,47.9002613,0
              17.3711872,47.9001174,0
              17.3705649,47.8996571,0
            </coordinates>
          </LinearRing>
        </outerBoundaryIs>
      </Polygon>
    </Placemark>
    <Placemark>
      <name>Makkszeg</name>
      <Style>
        <LineStyle>
          <color>ffd369de</color>
          <width>2</width>
        </LineStyle>
        <PolyStyle>
          <color>ffd369de</color>
        </PolyStyle>
      </Style>
      <Polygon>
        <outerBoundaryIs>
          <LinearRing>
            <coordinates>
              17.436270568835,47.88331238008482
              17.43518677526545,47.88324557951028,0
              17.43287691860688,47.88286774801907,0
              17.43520040880746,47.88203549348254,0
              17.43627056883507,47.88331238008482,0
            </coordinates>
          </LinearRing>
        </outerBoundaryIs>
      </Polygon>
    </Placemark>
    <Placemark>
      <name>Marsaltag bal</name>
      <Style>
        <LineStyle>
          <color>fff48c6f</color>
          <width>2</width>
        </LineStyle>
        <PolyStyle>
          <color>fff48c6f</color>
        </PolyStyle>
      </Style>
      <Polygon>
        <outerBoundaryIs>
          <LinearRing>
            <coordinates>
              17.394104,47.8760445
              17.3952842,47.8749075,0
              17.3962927,47.8756559,0
              17.3975158,47.8763611,0
              17.3979878,47.8760157,0
              17.3983955,47.8761452,0
              17.4002624,47.8768936,0
              17.4006271,47.8765194,0
              17.3999405,47.876174,0
              17.4005842,47.8755983,0
              17.4011636,47.8754832,0
              17.4017,47.8755695,0
              17.4030948,47.8757854,0
              17.4035668,47.8757278,0
              17.4040604,47.8757854,0
              17.4042964,47.8760589,0
              17.4044466,47.8767209,0
              17.4047899,47.8772534,0
              17.4032235,47.8792683,0
              17.394104,47.8760445,0
            </coordinates>
          </LinearRing>
        </outerBoundaryIs>
      </Polygon>
    </Placemark>
    <Placemark>
      <name>Marsaltag jobb</name>
      <Style>
        <LineStyle>
          <color>ff4ff018</color>
          <width>2</width>
        </LineStyle>
        <PolyStyle>
          <color>ff4ff018</color>
        </PolyStyle>
      </Style>
      <Polygon>
        <outerBoundaryIs>
          <LinearRing>
            <coordinates>
              17.3940825,47.8761884
              17.4045753,47.8799591,0
              17.4035454,47.880765,0
              17.4003482,47.8812974,0
              17.3986745,47.8818011,0
              17.3973441,47.8824775,0
              17.3963141,47.8825638,0
              17.3956919,47.8827365,0
              17.3951769,47.8830387,0
              17.3949194,47.882938,0
              17.3942757,47.8832546,0
              17.3933959,47.8829092,0
              17.3926663,47.883269,0
              17.391572,47.8828373,0
              17.3916578,47.881945,0
              17.3924732,47.8814126,0
              17.3937607,47.8808082,0
              17.3945332,47.8797144,0
              17.3941684,47.8785919,0
              17.393074,47.8779874,0
              17.3916364,47.8775557,0
              17.3929882,47.87698,0
              17.3940825,47.8761884,0
            </coordinates>
          </LinearRing>
        </outerBoundaryIs>
      </Polygon>
    </Placemark>
    <Placemark>
      <name>Mázsaház mögött</name>
      <Style>
        <LineStyle>
          <color>ff921185</color>
          <width>2</width>
        </LineStyle>
        <PolyStyle>
          <color>ff921185</color>
        </PolyStyle>
      </Style>
      <Polygon>
        <outerBoundaryIs>
          <LinearRing>
            <coordinates>
              17.397446,47.8864312
              17.3973173,47.8862441,0
              17.3973066,47.886147,0
              17.3973548,47.8860858,0
              17.3973548,47.8859024,0
              17.3971993,47.8857441,0
              17.3970491,47.885629,0
              17.3969579,47.8853843,0
              17.3969954,47.8853376,0
              17.3972744,47.88528,0
              17.3976713,47.8852081,0
              17.3980522,47.8851181,0
              17.3986369,47.8850677,0
              17.398755,47.8851865,0
              17.3989213,47.8854779,0
              17.398991,47.8857333,0
              17.3988193,47.8859239,0
              17.3985189,47.8860499,0
              17.3983204,47.8862621,0
              17.397961,47.8864276,0
              17.397446,47.8864312,0
            </coordinates>
          </LinearRing>
        </outerBoundaryIs>
      </Polygon>
    </Placemark>
    <Placemark>
      <name>Mecséri út mellett</name>
      <Style>
        <LineStyle>
          <color>ffbf652c</color>
          <width>2</width>
        </LineStyle>
        <PolyStyle>
          <color>ffbf652c</color>
        </PolyStyle>
      </Style>
      <Polygon>
        <outerBoundaryIs>
          <LinearRing>
            <coordinates>
              17.4825096,47.8058626
              17.4818444,47.7998813,0
              17.4822736,47.7998381,0
              17.4835181,47.8002272,0
              17.4844623,47.8005011,0
              17.4854708,47.8008326,0
              17.4874449,47.8009623,0
              17.4925947,47.801265,0
              17.4928093,47.804652,0
              17.4903202,47.805387,0
              17.4890327,47.8058626,0
              17.4881101,47.8055023,0
              17.4872947,47.8049979,0
              17.4866724,47.8048537,0
              17.4859214,47.8048105,0
              17.4850845,47.8049835,0
              17.4843979,47.8051996,0
              17.4825096,47.8058626,0
            </coordinates>
          </LinearRing>
        </outerBoundaryIs>
      </Polygon>
    </Placemark>
    <Placemark>
      <name>Meggyes</name>
      <Style>
        <LineStyle>
          <color>ff74c3f2</color>
          <width>2</width>
        </LineStyle>
        <PolyStyle>
          <color>ff74c3f2</color>
        </PolyStyle>
      </Style>
      <Polygon>
        <outerBoundaryIs>
          <LinearRing>
            <coordinates>
              17.4690449,47.8407062
              17.4724674,47.8382433,0
              17.4728215,47.8382505,0
              17.4730146,47.8380345,0
              17.4737227,47.837552,0
              17.4740553,47.8379048,0
              17.4695277,47.8410374,0
              17.4690449,47.8407062,0
            </coordinates>
          </LinearRing>
        </outerBoundaryIs>
      </Polygon>
    </Placemark>
    <Placemark>
      <name>Micsótag</name>
      <Style>
        <LineStyle>
          <color>ffdac8a8</color>
          <width>2</width>
        </LineStyle>
        <PolyStyle>
          <color>ffdac8a8</color>
        </PolyStyle>
      </Style>
      <Polygon>
        <outerBoundaryIs>
          <LinearRing>
            <coordinates>
              17.4678326,47.8114685
              17.4676824,47.8106904,0
              17.4677682,47.8092925,0
              17.4677253,47.8076641,0
              17.4680042,47.8054014,0
              17.4680686,47.8047673,0
              17.4681759,47.8040178,0
              17.468605,47.8032251,0
              17.470665,47.8045079,0
              17.4701071,47.8053293,0
              17.4690986,47.8059347,0
              17.4684763,47.8064535,0
              17.4684548,47.8073038,0
              17.4691415,47.808082,0
              17.4699998,47.808889,0
              17.4704075,47.8098113,0
              17.4703646,47.8107048,0
              17.4696565,47.8116126,0
              17.4687552,47.8120305,0
              17.4678326,47.8114685,0
            </coordinates>
          </LinearRing>
        </outerBoundaryIs>
      </Polygon>
    </Placemark>
    <Placemark>
      <name>Mosonszolnok belső</name>
      <Style>
        <LineStyle>
          <color>ffd9c4d4</color>
          <width>2</width>
        </LineStyle>
        <PolyStyle>
          <color>ffd9c4d4</color>
        </PolyStyle>
      </Style>
      <Polygon>
        <outerBoundaryIs>
          <LinearRing>
            <coordinates>
              17.1227932,47.8697402
              17.1221495,47.8668613,0
              17.1285868,47.8660551,0
              17.1294022,47.8689485,0
              17.1227932,47.8697402,0
            </coordinates>
          </LinearRing>
        </outerBoundaryIs>
      </Polygon>
    </Placemark>
    <Placemark>
      <name>Mosonszolnok külső</name>
      <Style>
        <LineStyle>
          <color>fff16fc4</color>
          <width>2</width>
        </LineStyle>
        <PolyStyle>
          <color>fff16fc4</color>
        </PolyStyle>
      </Style>
      <Polygon>
        <outerBoundaryIs>
          <LinearRing>
            <coordinates>
              17.1212053,47.8628737
              17.120347,47.8595481,0
              17.1266341,47.8587994,0
              17.1275568,47.8620963,0
              17.1212053,47.8628737,0
            </coordinates>
          </LinearRing>
        </outerBoundaryIs>
      </Polygon>
    </Placemark>
    <Placemark>
      <name>Motus földjénél</name>
      <Style>
        <LineStyle>
          <color>ff9cdc39</color>
          <width>2</width>
        </LineStyle>
        <PolyStyle>
          <color>ff9cdc39</color>
        </PolyStyle>
      </Style>
      <Polygon>
        <outerBoundaryIs>
          <LinearRing>
            <coordinates>
              17.2886074,47.8118972
              17.288028,47.8114145,0
              17.2890258,47.81073,0
              17.2893798,47.8108381,0
              17.2912306,47.8099158,0
              17.2920138,47.8103013,0
              17.2886074,47.8118972,0
            </coordinates>
          </LinearRing>
        </outerBoundaryIs>
      </Polygon>
    </Placemark>
    <Placemark>
      <name>Novák Rákóczy</name>
      <Style>
        <LineStyle>
          <color>ff538ba0</color>
          <width>2</width>
        </LineStyle>
        <PolyStyle>
          <color>ff538ba0</color>
        </PolyStyle>
      </Style>
      <Polygon>
        <outerBoundaryIs>
          <LinearRing>
            <coordinates>
              17.4171495,47.8269358
              17.4171066,47.8263883,0
              17.4173641,47.8262155,0
              17.4180508,47.8260282,0
              17.4191022,47.8258193,0
              17.4221063,47.8255528,0
              17.422353,47.825704,0
              17.4228036,47.8258337,0
              17.4235868,47.8257184,0
              17.4244022,47.8257328,0
              17.4243593,47.8272383,0
              17.4171495,47.8269358,0
            </coordinates>
          </LinearRing>
        </outerBoundaryIs>
      </Polygon>
    </Placemark>
    <Placemark>
      <name>Nováki</name>
      <Style>
        <LineStyle>
          <color>ff201c93</color>
          <width>2</width>
        </LineStyle>
        <PolyStyle>
          <color>ff201c93</color>
        </PolyStyle>
      </Style>
      <Polygon>
        <outerBoundaryIs>
          <LinearRing>
            <coordinates>
              17.4106264,47.8300762
              17.4093604,47.8318336,0
              17.4083519,47.8316031,0
              17.4078369,47.8323666,0
              17.407161,47.8320929,0
              17.4093819,47.8281531,0
              17.4106264,47.8300762,0
            </coordinates>
          </LinearRing>
        </outerBoundaryIs>
      </Polygon>
    </Placemark>
    <Placemark>
      <name>Nováki pulykásnál (cirok)</name>
      <Style>
        <LineStyle>
          <color>ffd7b6f0</color>
          <width>2</width>
        </LineStyle>
        <PolyStyle>
          <color>ffd7b6f0</color>
        </PolyStyle>
      </Style>
      <Polygon>
        <outerBoundaryIs>
          <LinearRing>
            <coordinates>
              17.414190512549,47.81582999260596
              17.41457066635199,47.8147128279074,0
              17.41968895794632,47.81552834218094,0
              17.41907097599185,47.81656390589679,0
              17.41419051254907,47.81582999260596,0
            </coordinates>
          </LinearRing>
        </outerBoundaryIs>
      </Polygon>
    </Placemark>
    <Placemark>
      <name>Orbánlucska PM</name>
      <Style>
        <LineStyle>
          <color>ffb30b3e</color>
          <width>2</width>
        </LineStyle>
        <PolyStyle>
          <color>ffb30b3e</color>
        </PolyStyle>
      </Style>
      <Polygon>
        <outerBoundaryIs>
          <LinearRing>
            <coordinates>
              17.3781824,47.8958879
              17.3741269,47.8933197,0
              17.3751891,47.8924924,0
              17.3777103,47.8908306,0
              17.379384,47.8916795,0
              17.3799419,47.8921903,0
              17.3802423,47.8931543,0
              17.3803174,47.8938377,0
              17.3798561,47.8943484,0
              17.3795021,47.8946937,0
              17.3794484,47.8950606,0
              17.3790836,47.8953412,0
              17.3781824,47.8958879,0
            </coordinates>
          </LinearRing>
        </outerBoundaryIs>
      </Polygon>
    </Placemark>
    <Placemark>
      <name>Oroserdő</name>
      <Style>
        <LineStyle>
          <color>ff2a58ac</color>
          <width>2</width>
        </LineStyle>
        <PolyStyle>
          <color>ff2a58ac</color>
        </PolyStyle>
      </Style>
      <Polygon>
        <outerBoundaryIs>
          <LinearRing>
            <coordinates>
              17.4348307,47.8215116
              17.4309039,47.8211082,0
              17.4316549,47.8187741,0
              17.4350238,47.8204166,0
              17.4348307,47.8215116,0
            </coordinates>
          </LinearRing>
        </outerBoundaryIs>
      </Polygon>
    </Placemark>
    <Placemark>
      <name>P.Z.Heveder Miklós</name>
      <Style>
        <LineStyle>
          <color>ffaf46d5</color>
          <width>2</width>
        </LineStyle>
        <PolyStyle>
          <color>ffaf46d5</color>
        </PolyStyle>
      </Style>
      <Polygon>
        <outerBoundaryIs>
          <LinearRing>
            <coordinates>
              17.3354303262244,47.87358778947357
              17.33701032377115,47.87228319843138,0
              17.34180218507954,47.87735347910964,0
              17.33984098409734,47.87822113111578,0
              17.33543032622443,47.87358778947357,0
            </coordinates>
          </LinearRing>
        </outerBoundaryIs>
      </Polygon>
    </Placemark>
    <Placemark>
      <name>Pajtaföld telek</name>
      <Style>
        <LineStyle>
          <color>ffd51a6a</color>
          <width>2</width>
        </LineStyle>
        <PolyStyle>
          <color>ffd51a6a</color>
        </PolyStyle>
      </Style>
      <Polygon>
        <outerBoundaryIs>
          <LinearRing>
            <coordinates>
              17.3868406,47.9038145
              17.3870015,47.9034045,0
              17.3893833,47.9033469,0
              17.3887503,47.9039727,0
              17.3879778,47.9039727,0
              17.3875165,47.9038145,0
              17.3868406,47.9038145,0
            </coordinates>
          </LinearRing>
        </outerBoundaryIs>
      </Polygon>
    </Placemark>
    <Placemark>
      <name>Papház</name>
      <Style>
        <LineStyle>
          <color>ff39e6c9</color>
          <width>2</width>
        </LineStyle>
        <PolyStyle>
          <color>ff39e6c9</color>
        </PolyStyle>
      </Style>
      <Polygon>
        <outerBoundaryIs>
          <LinearRing>
            <coordinates>
              17.4756968,47.8431905
              17.4771237,47.8423048,0
              17.4797416,47.8432913,0
              17.478261,47.8442202,0
              17.4756968,47.8431905,0
            </coordinates>
          </LinearRing>
        </outerBoundaryIs>
      </Polygon>
    </Placemark>
    <Placemark>
      <name>Paprét kicsi</name>
      <Style>
        <LineStyle>
          <color>ff9c73ae</color>
          <width>2</width>
        </LineStyle>
        <PolyStyle>
          <color>ff9c73ae</color>
        </PolyStyle>
      </Style>
      <Polygon>
        <outerBoundaryIs>
          <LinearRing>
            <coordinates>
              17.2503376,47.9397063
              17.2518611,47.9375213,0
              17.2521186,47.9376075,0
              17.2522044,47.9378375,0
              17.2524834,47.9382688,0
              17.252934,47.9386282,0
              17.253406,47.9387432,0
              17.2532988,47.9391169,0
              17.2527623,47.939735,0
              17.2526979,47.9410575,0
              17.2526121,47.9411581,0
              17.2517538,47.94077,0
              17.2515178,47.9403819,0
              17.2503376,47.9397063,0
            </coordinates>
          </LinearRing>
        </outerBoundaryIs>
      </Polygon>
    </Placemark>
    <Placemark>
      <name>Paprét fácános</name>
      <Style>
        <LineStyle>
          <color>ff43d2dd</color>
          <width>2</width>
        </LineStyle>
        <PolyStyle>
          <color>ff43d2dd</color>
        </PolyStyle>
      </Style>
      <Polygon>
        <outerBoundaryIs>
          <LinearRing>
            <coordinates>
              17.2180867,47.9364791
              17.2304463,47.9410431,0
              17.2300279,47.9417547,0
              17.2174752,47.9372194,0
              17.2180867,47.9364791,0
            </coordinates>
          </LinearRing>
        </outerBoundaryIs>
      </Polygon>
    </Placemark>
    <Placemark>
      <name>Paprét középső 1</name>
      <Style>
        <LineStyle>
          <color>ff636381</color>
          <width>2</width>
        </LineStyle>
        <PolyStyle>
          <color>ff636381</color>
        </PolyStyle>
      </Style>
      <Polygon>
        <outerBoundaryIs>
          <LinearRing>
            <coordinates>
              17.242012,47.9366444
              17.2378707,47.9351205,0
              17.2403598,47.9311095,0
              17.2439861,47.9323747,0
              17.2445226,47.9332085,0
              17.242012,47.9366444,0
            </coordinates>
          </LinearRing>
        </outerBoundaryIs>
      </Polygon>
    </Placemark>
    <Placemark>
      <name>Paprét út melletti SM</name>
      <Style>
        <LineStyle>
          <color>ff3c9876</color>
          <width>2</width>
        </LineStyle>
        <PolyStyle>
          <color>ff3c9876</color>
        </PolyStyle>
      </Style>
      <Polygon>
        <outerBoundaryIs>
          <LinearRing>
            <coordinates>
              17.2375274,47.9295136
              17.2398663,47.9258184,0
              17.2406602,47.9245243,0
              17.2411752,47.923259,0
              17.2411537,47.922425,0
              17.2424197,47.9234315,0
              17.2432995,47.9237766,0
              17.2443295,47.9245675,0
              17.244029,47.9254877,0
              17.2440076,47.9267818,0
              17.2435784,47.9299018,0
              17.2417545,47.9311814,0
              17.2375274,47.9295136,0
            </coordinates>
          </LinearRing>
        </outerBoundaryIs>
      </Polygon>
    </Placemark>
    <Placemark>
      <name>Paptag - HM</name>
      <Style>
        <LineStyle>
          <color>ff87e661</color>
          <width>2</width>
        </LineStyle>
        <PolyStyle>
          <color>ff87e661</color>
        </PolyStyle>
      </Style>
      <Polygon>
        <outerBoundaryIs>
          <LinearRing>
            <coordinates>
              17.4567282,47.8418583
              17.4612451,47.8448178,0
              17.4613631,47.8449331,0
              17.4612772,47.8452859,0
              17.4605584,47.8459699,0
              17.4591637,47.8473812,0
              17.4590778,47.8473308,0
              17.4550009,47.8456603,0
              17.4544752,47.8454011,0
              17.4541962,47.8450411,0
              17.4540889,47.8447458,0
              17.4553227,47.8436369,0
              17.4550653,47.8433921,0
              17.4567175,47.8419231,0
              17.4567282,47.8418583,0
            </coordinates>
          </LinearRing>
        </outerBoundaryIs>
      </Polygon>
    </Placemark>
    <Placemark>
      <name>Paptag - PB</name>
      <Style>
        <LineStyle>
          <color>ff711810</color>
          <width>2</width>
        </LineStyle>
        <PolyStyle>
          <color>ff711810</color>
        </PolyStyle>
      </Style>
      <Polygon>
        <outerBoundaryIs>
          <LinearRing>
            <coordinates>
              17.4072361,47.875037
              17.4062276,47.8747995,0
              17.4061954,47.8745548,0
              17.4055409,47.8744757,0
              17.4054122,47.8746412,0
              17.4051225,47.8745764,0
              17.4047577,47.8750082,0
              17.4042428,47.8753896,0
              17.4036956,47.8753752,0
              17.4028265,47.87544,0
              17.4019039,47.8752745,0
              17.4020541,47.8747779,0
              17.4027944,47.8748859,0
              17.4047363,47.8722951,0
              17.4084377,47.8731083,0
              17.4072361,47.875037,0
            </coordinates>
          </LinearRing>
        </outerBoundaryIs>
      </Polygon>
    </Placemark>
    <Placemark>
      <name>Parázsszegi</name>
      <Style>
        <LineStyle>
          <color>ff098e51</color>
          <width>2</width>
        </LineStyle>
        <PolyStyle>
          <color>ff098e51</color>
        </PolyStyle>
      </Style>
      <Polygon>
        <outerBoundaryIs>
          <LinearRing>
            <coordinates>
              17.4278355,47.827548
              17.4334359,47.8278001,0
              17.4333608,47.8284556,0
              17.4334681,47.8285564,0
              17.4336076,47.8292047,0
              17.433393,47.8298097,0
              17.4332428,47.83053,0
              17.4378347,47.8305012,0
              17.4376738,47.8308613,0
              17.4313867,47.8307172,0
              17.4273258,47.8300906,0
              17.4278355,47.827548,0
            </coordinates>
          </LinearRing>
        </outerBoundaryIs>
      </Polygon>
    </Placemark>
    <Placemark>
      <name>Pedagógusföld kísérlet őszi</name>
      <Style>
        <LineStyle>
          <color>ffa734e6</color>
          <width>2</width>
        </LineStyle>
        <PolyStyle>
          <color>ffa734e6</color>
        </PolyStyle>
      </Style>
      <Polygon>
        <outerBoundaryIs>
          <LinearRing>
            <coordinates>
              17.4508864,47.8372855
              17.4529248,47.8352654,0
              17.4558538,47.8363025,0
              17.4539387,47.8381533,0
              17.4508864,47.8372855,0
            </coordinates>
          </LinearRing>
        </outerBoundaryIs>
      </Polygon>
    </Placemark>
    <Placemark>
      <name>Pedagógusföld kísérlet tavaszi</name>
      <Style>
        <LineStyle>
          <color>ffba285d</color>
          <width>2</width>
        </LineStyle>
        <PolyStyle>
          <color>ffba285d</color>
        </PolyStyle>
      </Style>
      <Polygon>
        <outerBoundaryIs>
          <LinearRing>
            <coordinates>
              17.4508864,47.8372855
              17.4529248,47.8352654,0
              17.4558538,47.8363025,0
              17.4539387,47.8381533,0
              17.4508864,47.8372855,0
            </coordinates>
          </LinearRing>
        </outerBoundaryIs>
      </Polygon>
    </Placemark>
    <Placemark>
      <name>Présházi</name>
      <Style>
        <LineStyle>
          <color>ff3b90d3</color>
          <width>2</width>
        </LineStyle>
        <PolyStyle>
          <color>ff3b90d3</color>
        </PolyStyle>
      </Style>
      <Polygon>
        <outerBoundaryIs>
          <LinearRing>
            <coordinates>
              17.469399,47.8062805
              17.4693131,47.8061076,0
              17.4696779,47.8058914,0
              17.4704289,47.8054735,0
              17.4707723,47.8049979,0
              17.471416,47.8044646,0
              17.472403,47.8042196,0
              17.4753213,47.8060067,0
              17.4742913,47.8065544,0
              17.4739909,47.8075199,0
              17.4743772,47.8084423,0
              17.4751067,47.8090475,0
              17.4749351,47.8092493,0
              17.469399,47.8062805,0
            </coordinates>
          </LinearRing>
        </outerBoundaryIs>
      </Polygon>
    </Placemark>
    <Placemark>
      <name>Proletár bal első</name>
      <Style>
        <LineStyle>
          <color>ffc9e251</color>
          <width>2</width>
        </LineStyle>
        <PolyStyle>
          <color>ffc9e251</color>
        </PolyStyle>
      </Style>
      <Polygon>
        <outerBoundaryIs>
          <LinearRing>
            <coordinates>
              17.4772525,47.8242346
              17.4719739,47.8256176,0
              17.4729395,47.8236727,0
              17.4772525,47.8242346,0
            </coordinates>
          </LinearRing>
        </outerBoundaryIs>
      </Polygon>
    </Placemark>
    <Placemark>
      <name>Proletár jobb első körül</name>
      <Style>
        <LineStyle>
          <color>ff2cac96</color>
          <width>2</width>
        </LineStyle>
        <PolyStyle>
          <color>ff2cac96</color>
        </PolyStyle>
      </Style>
      <Polygon>
        <outerBoundaryIs>
          <LinearRing>
            <coordinates>
              17.472175034003,47.82456041956644
              17.46397916931591,47.81859009019981,0
              17.46501365897068,47.81641975894762,0
              17.46653273360712,47.81427222681129,0
              17.4673161824058,47.81314534059541,0
              17.46778126958976,47.81168429028835,0
              17.47557347002364,47.81745129545718,0
              17.47217503400307,47.82456041956644,0
            </coordinates>
          </LinearRing>
        </outerBoundaryIs>
      </Polygon>
    </Placemark>
    <Placemark>
      <name>Proletári darab 1</name>
      <Style>
        <LineStyle>
          <color>ff7e4fbd</color>
          <width>2</width>
        </LineStyle>
        <PolyStyle>
          <color>ff7e4fbd</color>
        </PolyStyle>
      </Style>
      <Polygon>
        <outerBoundaryIs>
          <LinearRing>
            <coordinates>
              17.4738729,47.8228659
              17.474184,47.8226426,0
              17.4743128,47.8224913,0
              17.4743021,47.8223688,0
              17.473712,47.822304,0
              17.4738407,47.821987,0
              17.4787116,47.8226642,0
              17.4786472,47.8231252,0
              17.4787331,47.8234998,0
              17.4738729,47.8228659,0
            </coordinates>
          </LinearRing>
        </outerBoundaryIs>
      </Polygon>
    </Placemark>
    <Placemark>
      <name>Proletári darab 2</name>
      <Style>
        <LineStyle>
          <color>fffcc79f</color>
          <width>2</width>
        </LineStyle>
        <PolyStyle>
          <color>fffcc79f</color>
        </PolyStyle>
      </Style>
      <Polygon>
        <outerBoundaryIs>
          <LinearRing>
            <coordinates>
              17.474066,47.8215908
              17.4752355,47.8191199,0
              17.4792695,47.8213819,0
              17.4789369,47.8218934,0
              17.4787438,47.8222464,0
              17.474066,47.8215908,0
            </coordinates>
          </LinearRing>
        </outerBoundaryIs>
      </Polygon>
    </Placemark>
    <Placemark>
      <name>Proletári darab 3</name>
      <Style>
        <LineStyle>
          <color>ffef72c5</color>
          <width>2</width>
        </LineStyle>
        <PolyStyle>
          <color>ffef72c5</color>
        </PolyStyle>
      </Style>
      <Polygon>
        <outerBoundaryIs>
          <LinearRing>
            <coordinates>
              17.4805892,47.820467
              17.4772418,47.8186516,0
              17.4774134,47.8185291,0
              17.4761474,47.8177655,0
              17.4760187,47.8175566,0
              17.4763083,47.8171387,0
              17.4815011,47.820078,0
              17.4805892,47.820467,0
            </coordinates>
          </LinearRing>
        </outerBoundaryIs>
      </Polygon>
    </Placemark>
    <Placemark>
      <name>Proletári darab 4</name>
      <Style>
        <LineStyle>
          <color>ff5da745</color>
          <width>2</width>
        </LineStyle>
        <PolyStyle>
          <color>ff5da745</color>
        </PolyStyle>
      </Style>
      <Polygon>
        <outerBoundaryIs>
          <LinearRing>
            <coordinates>
              17.4824023,47.8197754
              17.4768233,47.8165696,0
              17.4775743,47.8156546,0
              17.4830246,47.8195233,0
              17.4824023,47.8197754,0
            </coordinates>
          </LinearRing>
        </outerBoundaryIs>
      </Polygon>
    </Placemark>
    <Placemark>
      <name>Proletári jobb oldalt</name>
      <Style>
        <LineStyle>
          <color>ff2143de</color>
          <width>2</width>
        </LineStyle>
        <PolyStyle>
          <color>ff2143de</color>
        </PolyStyle>
      </Style>
      <Polygon>
        <outerBoundaryIs>
          <LinearRing>
            <coordinates>
              17.475729,47.8173764
              17.46912,47.812434,0
              17.469871,47.8120017,0
              17.4704933,47.8114541,0
              17.4713087,47.8103877,0
              17.4713731,47.8097969,0
              17.4788833,47.8137021,0
              17.475729,47.8173764,0
            </coordinates>
          </LinearRing>
        </outerBoundaryIs>
      </Polygon>
    </Placemark>
    <Placemark>
      <name>Püski föld nagy</name>
      <Style>
        <LineStyle>
          <color>ff7077fd</color>
          <width>2</width>
        </LineStyle>
        <PolyStyle>
          <color>ff7077fd</color>
        </PolyStyle>
      </Style>
      <Polygon>
        <outerBoundaryIs>
          <LinearRing>
            <coordinates>
              17.4102829294731,47.88413486924471
              17.41314113886636,47.88287028400275,0
              17.41253231865829,47.8821152862223,0
              17.41773044010677,47.88008317654251,0
              17.42123977185145,47.88427188216282,0
              17.41311975576477,47.88710373305908,0
              17.41028292947314,47.88413486924471,0
            </coordinates>
          </LinearRing>
        </outerBoundaryIs>
      </Polygon>
    </Placemark>
    <Placemark>
      <name>Lóvári erdő</name>
      <Style>
        <LineStyle>
          <color>ff686ce4</color>
          <width>2</width>
        </LineStyle>
        <PolyStyle>
          <color>ff686ce4</color>
        </PolyStyle>
      </Style>
      <Polygon>
        <outerBoundaryIs>
          <LinearRing>
            <coordinates>
              17.2387934,47.9089064
              17.2394156,47.9083311,0
              17.2493505,47.9118405,0
              17.2481704,47.912387,0
              17.2386217,47.9089495,0
              17.2387934,47.9089064,0
            </coordinates>
          </LinearRing>
        </outerBoundaryIs>
      </Polygon>
    </Placemark>
    <Placemark>
      <name>Remetei gyep 1</name>
      <Style>
        <LineStyle>
          <color>ffc9903f</color>
          <width>2</width>
        </LineStyle>
        <PolyStyle>
          <color>ffc9903f</color>
        </PolyStyle>
      </Style>
      <Polygon>
        <outerBoundaryIs>
          <LinearRing>
            <coordinates>
              17.4534345,47.8781529
              17.4535954,47.8774261,0
              17.4537456,47.876469,0
              17.4546146,47.8765626,0
              17.4556339,47.8768648,0
              17.4560738,47.8770951,0
              17.4562025,47.8770447,0
              17.4559772,47.8766633,0
              17.4569428,47.8760229,0
              17.4585092,47.8767281,0
              17.4588847,47.876577,0
              17.4597859,47.876944,0
              17.4605048,47.8774621,0
              17.460655,47.8782393,0
              17.4601722,47.878448,0
              17.4596894,47.8787502,0
              17.4575758,47.8790812,0
              17.4563527,47.8790668,0
              17.4535096,47.8781889,0
              17.4534345,47.8781529,0
            </coordinates>
          </LinearRing>
        </outerBoundaryIs>
      </Polygon>
    </Placemark>
    <Placemark>
      <name>Remetei gyep 2</name>
      <Style>
        <LineStyle>
          <color>ff884675</color>
          <width>2</width>
        </LineStyle>
        <PolyStyle>
          <color>ff884675</color>
        </PolyStyle>
      </Style>
      <Polygon>
        <outerBoundaryIs>
          <LinearRing>
            <coordinates>
              17.4532521,47.8781241
              17.4465466,47.8773254,0
              17.4465358,47.8772246,0
              17.4470615,47.8769584,0
              17.4477053,47.8766633,0
              17.448746,47.8764043,0
              17.4506021,47.876246,0
              17.4520934,47.876138,0
              17.4530482,47.876138,0
              17.4536061,47.8763611,0
              17.4534774,47.8773686,0
              17.4532521,47.8781241,0
            </coordinates>
          </LinearRing>
        </outerBoundaryIs>
      </Polygon>
    </Placemark>
    <Placemark>
      <name>Salamon</name>
      <Style>
        <LineStyle>
          <color>ff2ae8fd</color>
          <width>2</width>
        </LineStyle>
        <PolyStyle>
          <color>ff2ae8fd</color>
        </PolyStyle>
      </Style>
      <Polygon>
        <outerBoundaryIs>
          <LinearRing>
            <coordinates>
              17.3857945,47.8854383
              17.3851722,47.8844634,0
              17.3876774,47.883823,0
              17.3882836,47.8847656,0
              17.3857945,47.8854383,0
            </coordinates>
          </LinearRing>
        </outerBoundaryIs>
      </Polygon>
    </Placemark>
    <Placemark>
      <name>Sorjás</name>
      <Style>
        <LineStyle>
          <color>ffcba814</color>
          <width>2</width>
        </LineStyle>
        <PolyStyle>
          <color>ffcba814</color>
        </PolyStyle>
      </Style>
      <Polygon>
        <outerBoundaryIs>
          <LinearRing>
            <coordinates>
              17.4623716,47.8781745
              17.4621141,47.8782393,0
              17.4617708,47.8781025,0
              17.4611592,47.8776204,0
              17.4605048,47.8772174,0
              17.4598289,47.8765914,0
              17.4584234,47.8755911,0
              17.461642,47.8763827,0
              17.4658906,47.8771527,0
              17.4658585,47.8773182,0
              17.4623716,47.8781745,0
            </coordinates>
          </LinearRing>
        </outerBoundaryIs>
      </Polygon>
    </Placemark>
    <Placemark>
      <name>Vámkerék 1</name>
      <Style>
        <LineStyle>
          <color>ff85aa44</color>
          <width>2</width>
        </LineStyle>
        <PolyStyle>
          <color>ff85aa44</color>
        </PolyStyle>
      </Style>
      <Polygon>
        <outerBoundaryIs>
          <LinearRing>
            <coordinates>
              17.4346231841602,47.81576278279243
              17.44668435132381,47.82212315070546,0
              17.44417475391869,47.82451574341491,0
              17.43182421279402,47.81866999555271,0
              17.43462318416028,47.81576278279243,0
            </coordinates>
          </LinearRing>
        </outerBoundaryIs>
      </Polygon>
    </Placemark>
    <Placemark>
      <name>Szélesföld 1</name>
      <Style>
        <LineStyle>
          <color>ff213592</color>
          <width>2</width>
        </LineStyle>
        <PolyStyle>
          <color>ff213592</color>
        </PolyStyle>
      </Style>
      <Polygon>
        <outerBoundaryIs>
          <LinearRing>
            <coordinates>
              17.4302387,47.8779298
              17.4281144,47.8752961,0
              17.4302387,47.8740727,0
              17.4317408,47.8735833,0
              17.4338865,47.8764475,0
              17.4302387,47.8779298,0
            </coordinates>
          </LinearRing>
        </outerBoundaryIs>
      </Polygon>
    </Placemark>
    <Placemark>
      <name>Szélesföld 2</name>
      <Style>
        <LineStyle>
          <color>ff562ccd</color>
          <width>2</width>
        </LineStyle>
        <PolyStyle>
          <color>ff562ccd</color>
        </PolyStyle>
      </Style>
      <Polygon>
        <outerBoundaryIs>
          <LinearRing>
            <coordinates>
              17.4262476,47.8789661
              17.4259686,47.8766202,0
              17.4281359,47.8753392,0
              17.4302173,47.8780306,0
              17.4262476,47.8789661,0
            </coordinates>
          </LinearRing>
        </outerBoundaryIs>
      </Polygon>
    </Placemark>
    <Placemark>
      <name>Szélesföld gyep</name>
      <Style>
        <LineStyle>
          <color>ff34fd02</color>
          <width>2</width>
        </LineStyle>
        <PolyStyle>
          <color>ff34fd02</color>
        </PolyStyle>
      </Style>
      <Polygon>
        <outerBoundaryIs>
          <LinearRing>
            <coordinates>
              17.4257326,47.8760373
              17.4256039,47.8756631,0
              17.4258077,47.8755695,0
              17.4261832,47.8753824,0
              17.4266875,47.8751665,0
              17.4273205,47.8747851,0
              17.4281251,47.8744253,0
              17.4291444,47.8740223,0
              17.4293911,47.8744541,0
              17.4280715,47.8752241,0
              17.4275887,47.8754832,0
              17.4270308,47.875771,0
              17.4264407,47.8759437,0
              17.4257326,47.8760373,0
            </coordinates>
          </LinearRing>
        </outerBoundaryIs>
      </Polygon>
    </Placemark>
    <Placemark>
      <name>Széleslapos</name>
      <Style>
        <LineStyle>
          <color>ff1b7a0e</color>
          <width>2</width>
        </LineStyle>
        <PolyStyle>
          <color>ff1b7a0e</color>
        </PolyStyle>
      </Style>
      <Polygon>
        <outerBoundaryIs>
          <LinearRing>
            <coordinates>
              17.3962712,47.898535
              17.3990393,47.9008223,0
              17.3990393,47.9015416,0
              17.4001551,47.9028507,0
              17.4012494,47.9032534,0
              17.4012494,47.9034548,0
              17.4003482,47.9042891,0
              17.4001765,47.9045193,0
              17.4002194,47.9051666,0
              17.3997688,47.9054831,0
              17.3994684,47.9055406,0
              17.3927951,47.9023616,0
              17.3962712,47.898535,0
            </coordinates>
          </LinearRing>
        </outerBoundaryIs>
      </Polygon>
    </Placemark>
    <Placemark>
      <name>Szérűskert</name>
      <Style>
        <LineStyle>
          <color>ff6cd324</color>
          <width>2</width>
        </LineStyle>
        <PolyStyle>
          <color>ff6cd324</color>
        </PolyStyle>
      </Style>
      <Polygon>
        <outerBoundaryIs>
          <LinearRing>
            <coordinates>
              17.3935086,47.8854419
              17.3938143,47.8847044,0
              17.3942435,47.8847692,0
              17.3943615,47.8849994,0
              17.3941469,47.8851325,0
              17.3940825,47.8853052,0
              17.3941737,47.8854239,0
              17.3943293,47.8854347,0
              17.3944098,47.8853807,0
              17.3951823,47.8853735,0
              17.3949462,47.8859203,0
              17.3949516,47.8860642,0
              17.3951769,47.8864456,0
              17.394222,47.8864312,0
              17.393927,47.8863305,0
              17.3937446,47.8859707,0
              17.3934603,47.8857693,0
              17.3932189,47.8856937,0
              17.3933423,47.885334,0
              17.3935086,47.8854419,0
            </coordinates>
          </LinearRing>
        </outerBoundaryIs>
      </Polygon>
    </Placemark>
    <Placemark>
      <name>Szőlőgyöp</name>
      <Style>
        <LineStyle>
          <color>ff9ce5e5</color>
          <width>2</width>
        </LineStyle>
        <PolyStyle>
          <color>ff9ce5e5</color>
        </PolyStyle>
      </Style>
      <Polygon>
        <outerBoundaryIs>
          <LinearRing>
            <coordinates>
              17.4388647,47.8277641
              17.4335432,47.8275768,0
              17.4351954,47.8205607,0
              17.4411821,47.8233845,0
              17.4407101,47.8245515,0
              17.4383712,47.8242634,0
              17.4382854,47.82471,0
              17.4406242,47.8249837,0
              17.4405384,47.8253151,0
              17.4402595,47.8252862,0
              17.4401736,47.8255312,0
              17.4383497,47.8253151,0
              17.4385643,47.8259489,0
              17.4391007,47.8264532,0
              17.4390149,47.8270438,0
              17.4388647,47.8277641,0
            </coordinates>
          </LinearRing>
        </outerBoundaryIs>
      </Polygon>
    </Placemark>
    <Placemark>
      <name>Tagok /Dunaremete/</name>
      <Style>
        <LineStyle>
          <color>ff9304a3</color>
          <width>2</width>
        </LineStyle>
        <PolyStyle>
          <color>ff9304a3</color>
        </PolyStyle>
      </Style>
      <Polygon>
        <outerBoundaryIs>
          <LinearRing>
            <coordinates>
              17.4489764072548,47.87600435467665
              17.44946861351044,47.87561213856575,0
              17.44978872899184,47.87552944762728,0
              17.4500719530838,47.8753891489384,0
              17.45038491522005,47.8752077661431,0
              17.45074086691135,47.87509819494025,0
              17.45113405697845,47.87489277971589,0
              17.45145364432127,47.87484898311652,0
              17.45160792758293,47.87498834416657,0
              17.45170879776352,47.87515192711502,0
              17.45156137246155,47.87530277084507,0
              17.45154797252064,47.87544579926694,0
              17.45168994079531,47.87552932674167,0
              17.45180428678063,47.87569124255874,0
              17.45198860262868,47.87583990167544,0
              17.45204616242932,47.87597340607185,0
              17.45143833743858,47.87606181303374,0
              17.4506507547461,47.87614208891345,0
              17.45032586726192,47.87621965588064,0
              17.44936723567236,47.876208986233,0
              17.44897270174395,47.8761289996853,0
              17.4489764072548,47.87600435467665,0
            </coordinates>
          </LinearRing>
        </outerBoundaryIs>
      </Polygon>
    </Placemark>
    <Placemark>
      <name>Telek bal</name>
      <Style>
        <LineStyle>
          <color>ffb76c37</color>
          <width>2</width>
        </LineStyle>
        <PolyStyle>
          <color>ffb76c37</color>
        </PolyStyle>
      </Style>
      <Polygon>
        <outerBoundaryIs>
          <LinearRing>
            <coordinates>
              17.4006486,47.8933413
              17.392602,47.9023472,0
              17.3921943,47.9022896,0
              17.391293,47.9022609,0
              17.3902845,47.9025917,0
              17.3893189,47.9032822,0
              17.3868942,47.9033541,0
              17.3871088,47.9025486,0
              17.3873448,47.902117,0
              17.3879671,47.9018869,0
              17.3887825,47.9015704,0
              17.3892975,47.9011388,0
              17.3894906,47.9005922,0
              17.3893189,47.8999592,0
              17.3891473,47.8991824,0
              17.3913145,47.8974992,0
              17.3919582,47.8973697,0
              17.3931384,47.8967511,0
              17.3939967,47.8959598,0
              17.3944902,47.8949383,0
              17.4006486,47.8933413,0
            </coordinates>
          </LinearRing>
        </outerBoundaryIs>
      </Polygon>
    </Placemark>
    <Placemark>
      <name>Telek jobb</name>
      <Style>
        <LineStyle>
          <color>ff120ae5</color>
          <width>2</width>
        </LineStyle>
        <PolyStyle>
          <color>ff120ae5</color>
        </PolyStyle>
      </Style>
      <Polygon>
        <outerBoundaryIs>
          <LinearRing>
            <coordinates>
              17.3982239,47.8962619
              17.4020004,47.8920464,0
              17.4059057,47.8952692,0
              17.4032235,47.896636,0
              17.4006057,47.8984918,0
              17.3982239,47.8962619,0
            </coordinates>
          </LinearRing>
        </outerBoundaryIs>
      </Polygon>
    </Placemark>
    <Placemark>
      <name>Telek jobb kis darab</name>
      <Style>
        <LineStyle>
          <color>ff9d230e</color>
          <width>2</width>
        </LineStyle>
        <PolyStyle>
          <color>ff9d230e</color>
        </PolyStyle>
      </Style>
      <Polygon>
        <outerBoundaryIs>
          <LinearRing>
            <coordinates>
              17.3969612978714,47.89745704875188
              17.39795711737194,47.89635175064599,0
              17.40039882734629,47.89854433802549,0
              17.39936282108589,47.89953723003298,0
              17.3969612978714,47.89745704875188,0
            </coordinates>
          </LinearRing>
        </outerBoundaryIs>
      </Polygon>
    </Placemark>
    <Placemark>
      <name>Temetői tábla</name>
      <Style>
        <LineStyle>
          <color>ff305e4c</color>
          <width>2</width>
        </LineStyle>
        <PolyStyle>
          <color>ff305e4c</color>
        </PolyStyle>
      </Style>
      <Polygon>
        <outerBoundaryIs>
          <LinearRing>
            <coordinates>
              17.4648017,47.8357515
              17.465094,47.8352996,0
              17.4648875,47.8350386,0
              17.4650484,47.8348585,0
              17.4653596,47.834628,0
              17.4657136,47.8343544,0
              17.4661642,47.834304,0
              17.4663895,47.8342103,0
              17.4664593,47.8346749,0
              17.4648017,47.8357515,0
            </coordinates>
          </LinearRing>
        </outerBoundaryIs>
      </Polygon>
    </Placemark>
    <Placemark>
      <name>Vajaslapos</name>
      <Style>
        <LineStyle>
          <color>fff75321</color>
          <width>2</width>
        </LineStyle>
        <PolyStyle>
          <color>fff75321</color>
        </PolyStyle>
      </Style>
      <Polygon>
        <outerBoundaryIs>
          <LinearRing>
            <coordinates>
              17.4169242,47.9000887
              17.4178576,47.899765,0
              17.4196279,47.9008295,0
              17.4216771,47.9032103,0
              17.4198961,47.9037857,0
              17.4196064,47.9035771,0
              17.4193382,47.9035555,0
              17.4184048,47.9039295,0
              17.4178469,47.903311,0
              17.4177074,47.9029226,0
              17.4173748,47.9026133,0
              17.4182224,47.9022609,0
              17.4173534,47.9012251,0
              17.4170208,47.9006066,0
              17.4169242,47.9000887,0
            </coordinates>
          </LinearRing>
        </outerBoundaryIs>
      </Polygon>
    </Placemark>
    <Placemark>
      <name>Vámkerék 2</name>
      <Style>
        <LineStyle>
          <color>ff54c968</color>
          <width>2</width>
        </LineStyle>
        <PolyStyle>
          <color>ff54c968</color>
        </PolyStyle>
      </Style>
      <Polygon>
        <outerBoundaryIs>
          <LinearRing>
            <coordinates>
              17.4346477637241,47.81576988909158
              17.43750517315,47.81282150523406,0
              17.43972120046992,47.81589980839395,0
              17.43958000034479,47.81610357688494,0
              17.44431733133328,47.82083033723998,0
              17.44062367964399,47.8189304703946,0
              17.44067029912275,47.81891485702369,0
              17.43464776372416,47.81576988909158,0
            </coordinates>
          </LinearRing>
        </outerBoundaryIs>
      </Polygon>
    </Placemark>
    <Placemark>
      <name>Vámkerék gyep</name>
      <Style>
        <LineStyle>
          <color>ff8e708b</color>
          <width>2</width>
        </LineStyle>
        <PolyStyle>
          <color>ff8e708b</color>
        </PolyStyle>
      </Style>
      <Polygon>
        <outerBoundaryIs>
          <LinearRing>
            <coordinates>
              17.4442555616603,47.82458681678417
              17.44677601880712,47.82216214913639,0
              17.44784781786412,47.82275351504219,0
              17.4479842,47.8238023,0
              17.4476838,47.8241625,0
              17.44811992519707,47.82441939408508,0
              17.4480793452536,47.82481156110221,0
              17.44778722060957,47.82472372506984,0
              17.44763704189926,47.82538298478974,0
              17.44696535035726,47.82597129540569,0
              17.44425556166031,47.82458681678417,0
            </coordinates>
          </LinearRing>
        </outerBoundaryIs>
      </Polygon>
    </Placemark>
    <Placemark>
      <name>Vámosszabadi</name>
      <Style>
        <LineStyle>
          <color>ffb3eb86</color>
          <width>2</width>
        </LineStyle>
        <PolyStyle>
          <color>ffb3eb86</color>
        </PolyStyle>
      </Style>
      <Polygon>
        <outerBoundaryIs>
          <LinearRing>
            <coordinates>
              17.6102579,47.7572356
              17.6191736,47.7561392,0
              17.6182187,47.7587503,0
              17.6093459,47.7599115,0
              17.6102579,47.7572356,0
            </coordinates>
          </LinearRing>
        </outerBoundaryIs>
      </Polygon>
    </Placemark>
    <Placemark>
      <name>Vasút mellett kicsi AH</name>
      <Style>
        <LineStyle>
          <color>ff1644db</color>
          <width>2</width>
        </LineStyle>
        <PolyStyle>
          <color>ff1644db</color>
        </PolyStyle>
      </Style>
      <Polygon>
        <outerBoundaryIs>
          <LinearRing>
            <coordinates>
              17.2760546,47.8432121
              17.273308,47.8418295,0
              17.2754323,47.8405621,0
              17.2780395,47.8417863,0
              17.2760546,47.8432121,0
            </coordinates>
          </LinearRing>
        </outerBoundaryIs>
      </Polygon>
    </Placemark>
    <Placemark>
      <name>Vasút mellett - LM</name>
      <Style>
        <LineStyle>
          <color>ffc93ed8</color>
          <width>2</width>
        </LineStyle>
        <PolyStyle>
          <color>ffc93ed8</color>
        </PolyStyle>
      </Style>
      <Polygon>
        <outerBoundaryIs>
          <LinearRing>
            <coordinates>
              17.2863845530198,47.82610193378883
              17.28854008255067,47.82551440306326,0
              17.2956115910028,47.8307985134503,0
              17.29406188297421,47.831807927949,0
              17.2863845530198,47.82610193378883,0
            </coordinates>
          </LinearRing>
        </outerBoundaryIs>
      </Polygon>
    </Placemark>
    <Placemark>
      <name>Vasút mellett nagy AH</name>
      <Style>
        <LineStyle>
          <color>ff467e07</color>
          <width>2</width>
        </LineStyle>
        <PolyStyle>
          <color>ff467e07</color>
        </PolyStyle>
      </Style>
      <Polygon>
        <outerBoundaryIs>
          <LinearRing>
            <coordinates>
              17.2781897,47.8416639
              17.2735977,47.8394027,0
              17.2766447,47.8367382,0
              17.2816658,47.8392155,0
              17.2781897,47.8416639,0
            </coordinates>
          </LinearRing>
        </outerBoundaryIs>
      </Polygon>
    </Placemark>
    <Placemark>
      <name>Vasvázas mögött</name>
      <Style>
        <LineStyle>
          <color>ffd63fe4</color>
          <width>2</width>
        </LineStyle>
        <PolyStyle>
          <color>ffd63fe4</color>
        </PolyStyle>
      </Style>
      <Polygon>
        <outerBoundaryIs>
          <LinearRing>
            <coordinates>
              17.3927468,47.8843123
              17.3924786,47.8849346,0
              17.3922426,47.8848699,0
              17.3925698,47.8843087,0
              17.3924249,47.8842727,0
              17.3922426,47.8844274,0
              17.3919421,47.8847152,0
              17.3915666,47.8850318,0
              17.3914325,47.8853591,0
              17.3911536,47.885226,0
              17.3910463,47.8850713,0
              17.3910302,47.8847692,0
              17.3909551,47.8845821,0
              17.3907834,47.8842871,0
              17.3906493,47.8840245,0
              17.3907351,47.883823,0
              17.3911053,47.8837223,0
              17.3915076,47.8837403,0
              17.3919475,47.883877,0
              17.3928595,47.8841144,0
              17.3939431,47.8842655,0
              17.3940504,47.8843878,0
              17.3945385,47.8843662,0
              17.3946297,47.8845137,0
              17.3949194,47.8844706,0
            </coordinates>
          </LinearRing>
        </outerBoundaryIs>
      </Polygon>
    </Placemark>
    <Placemark>
      <name>Világirét</name>
      <Style>
        <LineStyle>
          <color>ff6a574d</color>
          <width>2</width>
        </LineStyle>
        <PolyStyle>
          <color>ff6a574d</color>
        </PolyStyle>
      </Style>
      <Polygon>
        <outerBoundaryIs>
          <LinearRing>
            <coordinates>
              17.4242306,47.9032966
              17.4221921,47.9008223,0
              17.42275,47.9004915,0
              17.4226427,47.8999736,0
              17.4223208,47.8995708,0
              17.4220419,47.8994269,0
              17.4222779,47.8990817,0
              17.4230504,47.8989234,0
              17.4244881,47.900808,0
              17.424016,47.9010957,0
              17.4245524,47.9030952,0
              17.4242306,47.9032966,0
            </coordinates>
          </LinearRing>
        </outerBoundaryIs>
      </Polygon>
    </Placemark>
    <Placemark>
      <name>Vízeső</name>
      <Style>
        <LineStyle>
          <color>ff6099c1</color>
          <width>2</width>
        </LineStyle>
        <PolyStyle>
          <color>ff6099c1</color>
        </PolyStyle>
      </Style>
      <Polygon>
        <outerBoundaryIs>
          <LinearRing>
            <coordinates>
              17.4259686,47.8833121
              17.425561,47.8822472,0
              17.425518,47.8809233,0
              17.4304318,47.8797576,0
              17.4305606,47.8803332,0
              17.4307537,47.8812399,0
              17.4312043,47.8823048,0
              17.4310327,47.882607,0
              17.4294877,47.8825494,0
              17.4285865,47.8824919,0
              17.4259686,47.8833121,0
            </coordinates>
          </LinearRing>
        </outerBoundaryIs>
      </Polygon>
    </Placemark>
    <Placemark>
      <name>Vízmű Feketeerdő</name>
      <Style>
        <LineStyle>
          <color>ff8ae9ec</color>
          <width>2</width>
        </LineStyle>
        <PolyStyle>
          <color>ff8ae9ec</color>
        </PolyStyle>
      </Style>
      <Polygon>
        <outerBoundaryIs>
          <LinearRing>
            <coordinates>
              17.2827333,47.9195022
              17.2772563,47.9175249,0
              17.2779912,47.9169604,0
              17.2828192,47.918794,0
              17.2827333,47.9195022,0
            </coordinates>
          </LinearRing>
        </outerBoundaryIs>
      </Polygon>
    </Placemark>
    <Placemark>
      <name>Zsejke bal</name>
      <Style>
        <LineStyle>
          <color>ffd3926f</color>
          <width>2</width>
        </LineStyle>
        <PolyStyle>
          <color>ffd3926f</color>
        </PolyStyle>
      </Style>
      <Polygon>
        <outerBoundaryIs>
          <LinearRing>
            <coordinates>
              17.5189018,47.8001407
              17.5106835,47.8004146,0
              17.5106406,47.7983534,0
              17.5100183,47.7983678,0
              17.5101042,47.7964219,0
              17.5104475,47.7961913,0
              17.5187516,47.7960471,0
              17.5189018,47.8001407,0
            </coordinates>
          </LinearRing>
        </outerBoundaryIs>
      </Polygon>
    </Placemark>
    <Placemark>
      <name>Zsejke jobb</name>
      <Style>
        <LineStyle>
          <color>ffce0ffb</color>
          <width>2</width>
        </LineStyle>
        <PolyStyle>
          <color>ffce0ffb</color>
        </PolyStyle>
      </Style>
      <Polygon>
        <outerBoundaryIs>
          <LinearRing>
            <coordinates>
              17.5105977,47.7961336
              17.5130224,47.7941804,0
              17.5130975,47.7961048,0
              17.5105977,47.7961336,0
            </coordinates>
          </LinearRing>
        </outerBoundaryIs>
      </Polygon>
    </Placemark>
    <Placemark>
      <name>Ásvány előtt jobbra 2</name>
      <Style>
        <LineStyle>
          <color>ffd2184e</color>
          <width>2</width>
        </LineStyle>
        <PolyStyle>
          <color>ffd2184e</color>
        </PolyStyle>
      </Style>
      <Polygon>
        <outerBoundaryIs>
          <LinearRing>
            <coordinates>
              17.4802036488153,47.82612574211117
              17.47984393684279,47.82609953717409,0
              17.47967343016346,47.82587916706377,0
              17.47958995904158,47.8257309308034,0
              17.47947990652987,47.82566507820167,0
              17.47922519240776,47.82552797040454,0
              17.478923608868,47.82555149475864,0
              17.47892465611049,47.82556581984,0
              17.4785435713008,47.82570583924045,0
              17.47761778500612,47.82418537884168,0
              17.47760929328885,47.8241912440089,0
              17.47872712542368,47.8238771426602,0
              17.48020364881534,47.82612574211117,0
            </coordinates>
          </LinearRing>
        </outerBoundaryIs>
      </Polygon>
    </Placemark>
    <Placemark>
      <name>Hosszúnyilas 2</name>
      <Style>
        <LineStyle>
          <color>ff2d28ec</color>
          <width>2</width>
        </LineStyle>
        <PolyStyle>
          <color>ff2d28ec</color>
        </PolyStyle>
      </Style>
      <Polygon>
        <outerBoundaryIs>
          <LinearRing>
            <coordinates>
              17.3867011,47.7924145
              17.3956275,47.7854369,0
              17.3957777,47.7852206,0
              17.3984385,47.7867921,0
              17.389555,47.7935389,0
              17.3884177,47.7929046,0
              17.3867011,47.7924145,0
            </coordinates>
          </LinearRing>
        </outerBoundaryIs>
      </Polygon>
    </Placemark>
    <Placemark>
      <name>Püski föld kicsi</name>
      <Style>
        <LineStyle>
          <color>ff2faf92</color>
          <width>2</width>
        </LineStyle>
        <PolyStyle>
          <color>ff2faf92</color>
        </PolyStyle>
      </Style>
      <Polygon>
        <outerBoundaryIs>
          <LinearRing>
            <coordinates>
              17.418509082755,47.87978346300562
              17.42132508082262,47.87862943374261,0
              17.42339503319301,47.88243928120494,0
              17.42478756642571,47.88292840795814,0
              17.42195221819767,47.883972141896,0
              17.41850908275509,47.87978346300562,0
            </coordinates>
          </LinearRing>
        </outerBoundaryIs>
      </Polygon>
    </Placemark>
    <Placemark>
      <name>Gulyálás</name>
      <Style>
        <LineStyle>
          <color>ff80a3b9</color>
          <width>2</width>
        </LineStyle>
        <PolyStyle>
          <color>ff80a3b9</color>
        </PolyStyle>
      </Style>
      <Polygon>
        <outerBoundaryIs>
          <LinearRing>
            <coordinates>
              17.2094297922901,47.77269485464716
              17.21342948823621,47.76900696397623,0
              17.21419604490137,47.76963579203665,0
              17.21022033170292,47.77334589872032,0
              17.20942979229011,47.77269485464716,0
            </coordinates>
          </LinearRing>
        </outerBoundaryIs>
      </Polygon>
    </Placemark>
    <Placemark>
      <name>Agg-Duna kicsi</name>
      <Style>
        <LineStyle>
          <color>ffeee90e</color>
          <width>2</width>
        </LineStyle>
        <PolyStyle>
          <color>ffeee90e</color>
        </PolyStyle>
      </Style>
      <Polygon>
        <outerBoundaryIs>
          <LinearRing>
            <coordinates>
              17.4186087,47.8920752
              17.4189734,47.8912694,0
              17.4225354,47.892032,0
              17.4228787,47.8926219,0
              17.4221063,47.8924349,0
              17.4218702,47.8927946,0
              17.4186087,47.8920752,0
            </coordinates>
          </LinearRing>
        </outerBoundaryIs>
      </Polygon>
    </Placemark>
    <Placemark>
      <name>Agg-Duna nagy</name>
      <Style>
        <LineStyle>
          <color>ff479406</color>
          <width>2</width>
        </LineStyle>
        <PolyStyle>
          <color>ff479406</color>
        </PolyStyle>
      </Style>
      <Polygon>
        <outerBoundaryIs>
          <LinearRing>
            <coordinates>
              17.4191666,47.8908953
              17.4192953,47.8903918,0
              17.420733,47.8899025,0
              17.4215484,47.890032,0
              17.4169779,47.8859167,0
              17.4182224,47.8854707,0
              17.4196815,47.8868377,0
              17.4204326,47.8858592,0
              17.4211192,47.8855858,0
              17.4227715,47.8856002,0
              17.4222565,47.8862045,0
              17.4220204,47.8870247,0
              17.419982,47.8868809,0
              17.4198532,47.8874852,0
              17.420218,47.8879313,0
              17.4222136,47.8881903,0
              17.4219346,47.8903198,0
              17.421999,47.8910248,0
              17.4223638,47.8917299,0
              17.4191666,47.8908953,0
            </coordinates>
          </LinearRing>
        </outerBoundaryIs>
      </Polygon>
    </Placemark>
    <Placemark>
      <name>Allesdorfi</name>
      <Style>
        <LineStyle>
          <color>ffb6c522</color>
          <width>2</width>
        </LineStyle>
        <PolyStyle>
          <color>ffb6c522</color>
        </PolyStyle>
      </Style>
      <Polygon>
        <outerBoundaryIs>
          <LinearRing>
            <coordinates>
              17.2777176,47.8283187
              17.2779644,47.828434,0
              17.2722459,47.8335621,0
              17.2711623,47.8329788,0
              17.2756255,47.8288878,0
              17.2777176,47.8283187,0
            </coordinates>
          </LinearRing>
        </outerBoundaryIs>
      </Polygon>
    </Placemark>
    <Placemark>
      <name>Angol mellett</name>
      <Style>
        <LineStyle>
          <color>ff1a241c</color>
          <width>2</width>
        </LineStyle>
        <PolyStyle>
          <color>ff1a241c</color>
        </PolyStyle>
      </Style>
      <Polygon>
        <outerBoundaryIs>
          <LinearRing>
            <coordinates>
              17.4012709,47.8908018
              17.400434,47.890032,0
              17.4013567,47.8895788,0
              17.4023652,47.8904709,0
              17.4012709,47.8908018,0
            </coordinates>
          </LinearRing>
        </outerBoundaryIs>
      </Polygon>
    </Placemark>
    <Placemark>
      <name>Ároki</name>
      <Style>
        <LineStyle>
          <color>ff38191b</color>
          <width>2</width>
        </LineStyle>
        <PolyStyle>
          <color>ff38191b</color>
        </PolyStyle>
      </Style>
      <Polygon>
        <outerBoundaryIs>
          <LinearRing>
            <coordinates>
              17.4520183,47.8410446
              17.4465466,47.8395036,0
              17.4491429,47.836911,0
              17.4539709,47.8381929,0
              17.4531984,47.8389995,0
              17.4536705,47.83959,0
              17.4520183,47.8410446,0
            </coordinates>
          </LinearRing>
        </outerBoundaryIs>
      </Polygon>
    </Placemark>
    <Placemark>
      <name>Ásvány előtt balra</name>
      <Style>
        <LineStyle>
          <color>ff220876</color>
          <width>2</width>
        </LineStyle>
        <PolyStyle>
          <color>ff220876</color>
        </PolyStyle>
      </Style>
      <Polygon>
        <outerBoundaryIs>
          <LinearRing>
            <coordinates>
              17.4791515,47.8290966
              17.4802673,47.8286933,0
              17.4827564,47.8273968,0
              17.4842799,47.8297881,0
              17.4826813,47.8314591,0
              17.4825525,47.83192,0
              17.4809325,47.8317904,0
              17.4791515,47.8290966,0
            </coordinates>
          </LinearRing>
        </outerBoundaryIs>
      </Polygon>
    </Placemark>
    <Placemark>
      <name>Ásvány előtt jobbra 1</name>
      <Style>
        <LineStyle>
          <color>ff3655ad</color>
          <width>2</width>
        </LineStyle>
        <PolyStyle>
          <color>ff3655ad</color>
        </PolyStyle>
      </Style>
      <Polygon>
        <outerBoundaryIs>
          <LinearRing>
            <coordinates>
              17.482928,47.8269502
              17.4792588,47.8287941,0
              17.47627334893689,47.82946865228914,0
              17.47343029733706,47.82527528611624,0
              17.47666860311631,47.82443639009848,0
              17.47812518674574,47.82650013293549,0
              17.4778318,47.8266548,0
              17.4776495,47.8270006,0
              17.4777567,47.82725989999999,0
              17.4783468,47.8272815,0
              17.4789047,47.8271158,0
              17.479409,47.8268998,0
              17.4796665,47.8269358,0
              17.4801707,47.8270006,0
              17.4804819,47.8267053,0
              17.4805892,47.8263091,0
              17.4821556,47.82579770000001,0
              17.482928,47.8269502,0
            </coordinates>
          </LinearRing>
        </outerBoundaryIs>
      </Polygon>
    </Placemark>
    <Placemark>
      <name>Autópályai</name>
      <Style>
        <LineStyle>
          <color>ff21d8ae</color>
          <width>2</width>
        </LineStyle>
        <PolyStyle>
          <color>ff21d8ae</color>
        </PolyStyle>
      </Style>
      <Polygon>
        <outerBoundaryIs>
          <LinearRing>
            <coordinates>
              17.2749067,47.8286138
              17.2744775,47.8259343,0
              17.2854639,47.816627,0
              17.288146,47.8178662,0
              17.2790695,47.8273317,0
              17.2749067,47.8286138,0
            </coordinates>
          </LinearRing>
        </outerBoundaryIs>
      </Polygon>
    </Placemark>
    <Placemark>
      <name>Bagics</name>
      <Style>
        <LineStyle>
          <color>fff02206</color>
          <width>2</width>
        </LineStyle>
        <PolyStyle>
          <color>fff02206</color>
        </PolyStyle>
      </Style>
      <Polygon>
        <outerBoundaryIs>
          <LinearRing>
            <coordinates>
              17.4620605,47.8447026
              17.4600649,47.8432913,0
              17.4643779,47.8388554,0
              17.4642706,47.8386682,0
              17.4648285,47.8380489,0
              17.4659228,47.8384234,0
              17.4665666,47.8389419,0
              17.4671674,47.8396332,0
              17.4681974,47.8402525,0
              17.4643135,47.8440834,0
              17.4620605,47.8447026,0
            </coordinates>
          </LinearRing>
        </outerBoundaryIs>
      </Polygon>
    </Placemark>
    <Placemark>
      <name>Belső Károlymajor</name>
      <Style>
        <LineStyle>
          <color>ffd9ce06</color>
          <width>2</width>
        </LineStyle>
        <PolyStyle>
          <color>ffd9ce06</color>
        </PolyStyle>
      </Style>
      <Polygon>
        <outerBoundaryIs>
          <LinearRing>
            <coordinates>
              17.4909103,47.8125061
              17.4874341,47.8162598,0
              17.4859536,47.8154096,0
              17.4843335,47.8141992,0
              17.4849021,47.8134139,0
              17.4854279,47.8135868,0
              17.4858463,47.8137309,0
              17.4864578,47.813875,0
              17.4868655,47.8139038,0
              17.4870265,47.8137381,0
              17.4860072,47.813277,0
              17.4852133,47.8128807,0
              17.4853528,47.8124556,0
              17.4854064,47.8122035,0
              17.4850845,47.8117856,0
              17.4859965,47.8111587,0
              17.4866509,47.8105174,0
              17.4877131,47.8108345,0
              17.4881315,47.8104094,0
              17.4888182,47.810676,0
              17.4892795,47.8110146,0
              17.4897087,47.8116054,0
              17.4897838,47.8118864,0
              17.4901271,47.8122179,0
              17.4909103,47.8125061,0
            </coordinates>
          </LinearRing>
        </outerBoundaryIs>
      </Polygon>
    </Placemark>
    <Placemark>
      <name>Belső kerekes</name>
      <Style>
        <LineStyle>
          <color>ffd9b67b</color>
          <width>2</width>
        </LineStyle>
        <PolyStyle>
          <color>ffd9b67b</color>
        </PolyStyle>
      </Style>
      <Polygon>
        <outerBoundaryIs>
          <LinearRing>
            <coordinates>
              17.482338,47.808644
              17.4811471,47.8088458,0
              17.479291,47.8089683,0
              17.4782825,47.8090115,0
              17.4767697,47.8088386,0
              17.4757183,47.8085215,0
              17.4752676,47.8082405,0
              17.4750531,47.8077793,0
              17.4750638,47.8072821,0
              17.4752998,47.8068354,0
              17.4758792,47.8065039,0
              17.4766409,47.8064463,0
              17.4774992,47.806576,0
              17.4784648,47.8070155,0
              17.4791515,47.8073614,0
              17.4796879,47.8078586,0
              17.480042,47.8080748,0
              17.4808466,47.8082045,0
              17.4824452,47.8084567,0
              17.4823701,47.8085864,0
              17.482338,47.808644,0
            </coordinates>
          </LinearRing>
        </outerBoundaryIs>
      </Polygon>
    </Placemark>
    <Placemark>
      <name>Bögyöleg</name>
      <Style>
        <LineStyle>
          <color>ff86033b</color>
          <width>2</width>
        </LineStyle>
        <PolyStyle>
          <color>ff86033b</color>
        </PolyStyle>
      </Style>
      <Polygon>
        <outerBoundaryIs>
          <LinearRing>
            <coordinates>
              17.4676867201364,47.83827354868261
              17.46751721740758,47.83789184014469,0
              17.46770202421764,47.83760546079043,0
              17.46786914968522,47.83733375353638,0
              17.46777115507919,47.83699530593033,0
              17.46793715150406,47.83665771907785,0
              17.46835606967675,47.83644179726684,0
              17.46867325528689,47.83630270375613,0
              17.46904227092416,47.83646228638427,0
              17.46890394201798,47.83666115066095,0
              17.46879176559356,47.8368438483044,0
              17.46876142753855,47.83710805345424,0
              17.46880177362274,47.83731796195426,0
              17.46911337415814,47.83753045051668,0
              17.46935743637248,47.83771458932957,0
              17.46973250930033,47.83781830548007,0
              17.46998283548325,47.83800615560888,0
              17.47006563004322,47.83833276688108,0
              17.46980918635646,47.83861329714856,0
              17.46941311357288,47.83881917503777,0
              17.4690122144874,47.83900354319508,0
              17.46865308169781,47.83910218753768,0
              17.46829635358278,47.83899284778101,0
              17.46789747308425,47.83890159465661,0
              17.46762607609919,47.83898093823123,0
            </coordinates>
          </LinearRing>
        </outerBoundaryIs>
      </Polygon>
    </Placemark>
    <Placemark>
      <name>Benzinkút mögött</name>
      <Style>
        <LineStyle>
          <color>ff472b0b</color>
          <width>2</width>
        </LineStyle>
        <PolyStyle>
          <color>ff472b0b</color>
        </PolyStyle>
      </Style>
      <Polygon>
        <outerBoundaryIs>
          <LinearRing>
            <coordinates>
              17.4710727,47.8352186
              17.4704504,47.8353987,0
              17.4700534,47.8355715,0
              17.4692166,47.8364717,0
              17.4690878,47.8365293,0
              17.4689698,47.8364213,0
              17.4684656,47.835838,0
              17.4677682,47.8353915,0
              17.4676824,47.8344696,0
              17.4672747,47.8339511,0
              17.4673069,47.833843,0
              17.4682724,47.8334685,0
              17.4684012,47.8333677,0
              17.4684119,47.8331948,0
              17.4682832,47.833022,0
              17.4688625,47.8327843,0
              17.4689698,47.8326907,0
              17.4689806,47.8325898,0
              17.4693775,47.832489,0
              17.4710727,47.8352186,0
            </coordinates>
          </LinearRing>
        </outerBoundaryIs>
      </Polygon>
    </Placemark>
    <Placemark>
      <name>Biotechnikai - LM</name>
      <Style>
        <LineStyle>
          <color>ff3b5575</color>
          <width>2</width>
        </LineStyle>
        <PolyStyle>
          <color>ff3b5575</color>
        </PolyStyle>
      </Style>
      <Polygon>
        <outerBoundaryIs>
          <LinearRing>
            <coordinates>
              17.2356391,47.850398
              17.2393727,47.8473884,0
              17.2417867,47.848418,0
              17.2375918,47.8515643,0
              17.2356391,47.850398,0
            </coordinates>
          </LinearRing>
        </outerBoundaryIs>
      </Polygon>
    </Placemark>
    <Placemark>
      <name>Biotechnikai - SM</name>
      <Style>
        <LineStyle>
          <color>ff20d2fa</color>
          <width>2</width>
        </LineStyle>
        <PolyStyle>
          <color>ff20d2fa</color>
        </PolyStyle>
      </Style>
      <Polygon>
        <outerBoundaryIs>
          <LinearRing>
            <coordinates>
              17.2418189,47.8484684
              17.2431707,47.8490012,0
              17.2390187,47.8524283,0
              17.2375703,47.8516579,0
              17.2418189,47.8484684,0
            </coordinates>
          </LinearRing>
        </outerBoundaryIs>
      </Polygon>
    </Placemark>
    <Placemark>
      <name>Birkahíd</name>
      <Style>
        <LineStyle>
          <color>ffa378ab</color>
          <width>2</width>
        </LineStyle>
        <PolyStyle>
          <color>ffa378ab</color>
        </PolyStyle>
      </Style>
      <Polygon>
        <outerBoundaryIs>
          <LinearRing>
            <coordinates>
              17.4410641,47.8326187
              17.441268,47.8327915,0
              17.4478555,47.8346064,0
              17.4463534,47.8368534,0
              17.4450231,47.8382073,0
              17.4435639,47.8395324,0
              17.4426627,47.8402957,0
              17.4421048,47.8402669,0
              17.4416113,47.839662,0
              17.4407744,47.8389707,0
              17.439723,47.8384378,0
              17.4383068,47.8383513,0
              17.4374485,47.8384378,0
              17.4369979,47.8381929,0
              17.4368906,47.8378472,0
              17.4376416,47.8360324,0
              17.4381137,47.8354563,0
              17.4387789,47.8350098,0
              17.4396586,47.8342607,0
              17.4403453,47.8336126,0
              17.4410641,47.8326187,0
            </coordinates>
          </LinearRing>
        </outerBoundaryIs>
      </Polygon>
    </Placemark>
    <Placemark>
      <name>Bírótanya - LM</name>
      <Style>
        <LineStyle>
          <color>ffa8051f</color>
          <width>2</width>
        </LineStyle>
        <PolyStyle>
          <color>ffa8051f</color>
        </PolyStyle>
      </Style>
      <Polygon>
        <outerBoundaryIs>
          <LinearRing>
            <coordinates>
              17.1662879,47.8304723
              17.1651936,47.8298673,0
              17.1708584,47.8242346,0
              17.1720386,47.8247244,0
              17.1662879,47.8304723,0
            </coordinates>
          </LinearRing>
        </outerBoundaryIs>
      </Polygon>
    </Placemark>
    <Placemark>
      <name>Bírótanya - SM</name>
      <Style>
        <LineStyle>
          <color>ff2b2b46</color>
          <width>2</width>
        </LineStyle>
        <PolyStyle>
          <color>ff2b2b46</color>
        </PolyStyle>
      </Style>
      <Polygon>
        <outerBoundaryIs>
          <LinearRing>
            <coordinates>
              17.1643353,47.829464
              17.169764,47.8237447,0
              17.1709228,47.824249,0
              17.1652365,47.8299249,0
              17.1643353,47.829464,0
            </coordinates>
          </LinearRing>
        </outerBoundaryIs>
      </Polygon>
    </Placemark>
    <Placemark>
      <name>Bordacsipart</name>
      <Style>
        <LineStyle>
          <color>ff3269e2</color>
          <width>2</width>
        </LineStyle>
        <PolyStyle>
          <color>ff3269e2</color>
        </PolyStyle>
      </Style>
      <Polygon>
        <outerBoundaryIs>
          <LinearRing>
            <coordinates>
              17.3132515,47.8157194
              17.3107624,47.8170162,0
              17.3071039,47.8139687,0
              17.3103118,47.8130536,0
              17.3132515,47.8157194,0
            </coordinates>
          </LinearRing>
        </outerBoundaryIs>
      </Polygon>
    </Placemark>
    <Placemark>
      <name>Bumi</name>
      <Style>
        <LineStyle>
          <color>ff7dce27</color>
          <width>2</width>
        </LineStyle>
        <PolyStyle>
          <color>ff7dce27</color>
        </PolyStyle>
      </Style>
      <Polygon>
        <outerBoundaryIs>
          <LinearRing>
            <coordinates>
              17.4525118,47.8413183
              17.450881,47.8429169,0
              17.4492073,47.8426288,0
              17.4477053,47.8424416,0
              17.4473619,47.8429601,0
              17.4434352,47.8419375,0
              17.4446797,47.8406125,0
              17.4460316,47.8408862,0
              17.4470401,47.8398924,0
              17.4525118,47.8413183,0
            </coordinates>
          </LinearRing>
        </outerBoundaryIs>
      </Polygon>
    </Placemark>
    <Placemark>
      <name>Cinek</name>
      <Style>
        <LineStyle>
          <color>ffe620b6</color>
          <width>2</width>
        </LineStyle>
        <PolyStyle>
          <color>ffe620b6</color>
        </PolyStyle>
      </Style>
      <Polygon>
        <outerBoundaryIs>
          <LinearRing>
            <coordinates>
              17.3976016,47.8838662
              17.3976445,47.883787,0
              17.3979396,47.8836719,0
              17.398138,47.8835244,0
              17.3983365,47.8831359,0
              17.3986101,47.8830171,0
              17.3989588,47.882884,0
              17.3991197,47.8826574,0
              17.3989588,47.8824811,0
              17.3991197,47.8823156,0
              17.3998117,47.8818947,0
              17.4002409,47.881758,0
              17.4006164,47.8818047,0
              17.4008042,47.882366,0
              17.400713,47.8828409,0
              17.4003053,47.8830135,0
              17.3999619,47.8831431,0
              17.3999244,47.8832834,0
              17.3992217,47.8832474,0
              17.3988032,47.8834704,0
              17.398476,47.8835244,0
              17.3985618,47.8836467,0
              17.3976606,47.8838662,0
              17.3976016,47.8838662,0
            </coordinates>
          </LinearRing>
        </outerBoundaryIs>
      </Polygon>
    </Placemark>
    <Placemark>
      <name>Csöndérlósziget 1</name>
      <Style>
        <LineStyle>
          <color>fffdecd5</color>
          <width>2</width>
        </LineStyle>
        <PolyStyle>
          <color>fffdecd5</color>
        </PolyStyle>
      </Style>
      <Polygon>
        <outerBoundaryIs>
          <LinearRing>
            <coordinates>
              17.4039745,47.9030305
              17.4033844,47.9032319,0
              17.4021828,47.9033973,0
              17.4016356,47.9033398,0
              17.4009275,47.9031671,0
              17.4000263,47.9027644,0
              17.3990607,47.9015344,0
              17.3992646,47.9006857,0
              17.3994577,47.8998945,0
              17.3999405,47.8991824,0
              17.4006701,47.8985925,0
              17.4009168,47.8988371,0
              17.4039745,47.9030305,0
            </coordinates>
          </LinearRing>
        </outerBoundaryIs>
      </Polygon>
    </Placemark>
    <Placemark>
      <name>Csöndérlósziget 2</name>
      <Style>
        <LineStyle>
          <color>ff71fee5</color>
          <width>2</width>
        </LineStyle>
        <PolyStyle>
          <color>ff71fee5</color>
        </PolyStyle>
      </Style>
      <Polygon>
        <outerBoundaryIs>
          <LinearRing>
            <coordinates>
              17.4051654,47.9045912
              17.4044895,47.9050084,0
              17.4038565,47.9052385,0
              17.4031913,47.9054039,0
              17.4023223,47.9054687,0
              17.4013889,47.9053176,0
              17.4007344,47.9050515,0
              17.4003911,47.90462,0
              17.4006057,47.9042244,0
              17.4013782,47.9034261,0
              17.4021077,47.9034692,0
              17.402848,47.9034045,0
              17.4040282,47.9031024,0
              17.4051654,47.9045912,0
            </coordinates>
          </LinearRing>
        </outerBoundaryIs>
      </Polygon>
    </Placemark>
    <Placemark>
      <name>Darnói kicsi 1</name>
      <Style>
        <LineStyle>
          <color>ff7f1be8</color>
          <width>2</width>
        </LineStyle>
        <PolyStyle>
          <color>ff7f1be8</color>
        </PolyStyle>
      </Style>
      <Polygon>
        <outerBoundaryIs>
          <LinearRing>
            <coordinates>
              17.4476141,47.8357804
              17.4476945,47.8356039,0
              17.451396,47.8365977,0
              17.451219,47.8367742,0
              17.4476141,47.8357804,0
            </coordinates>
          </LinearRing>
        </outerBoundaryIs>
      </Polygon>
    </Placemark>
    <Placemark>
      <name>Darnói kicsi 2</name>
      <Style>
        <LineStyle>
          <color>ff887bcf</color>
          <width>2</width>
        </LineStyle>
        <PolyStyle>
          <color>ff887bcf</color>
        </PolyStyle>
      </Style>
      <Polygon>
        <outerBoundaryIs>
          <LinearRing>
            <coordinates>
              17.4484617,47.8345488
              17.4523079,47.8357191,0
              17.4521363,47.8358524,0
              17.4483222,47.8346749,0
              17.4484617,47.8345488,0
            </coordinates>
          </LinearRing>
        </outerBoundaryIs>
      </Polygon>
    </Placemark>
    <Placemark>
      <name>Darnói kicsi 3</name>
      <Style>
        <LineStyle>
          <color>ff98e2c4</color>
          <width>2</width>
        </LineStyle>
        <PolyStyle>
          <color>ff98e2c4</color>
        </PolyStyle>
      </Style>
      <Polygon>
        <outerBoundaryIs>
          <LinearRing>
            <coordinates>
              17.4484617,47.8345488
              17.4486601,47.8343976,0
              17.4524689,47.8355535,0
              17.4523079,47.8357191,0
              17.4484617,47.8345488,0
            </coordinates>
          </LinearRing>
        </outerBoundaryIs>
      </Polygon>
    </Placemark>
    <Placemark>
      <name>Darnói kicsi 4</name>
      <Style>
        <LineStyle>
          <color>ff6935e4</color>
          <width>2</width>
        </LineStyle>
        <PolyStyle>
          <color>ff6935e4</color>
        </PolyStyle>
      </Style>
      <Polygon>
        <outerBoundaryIs>
          <LinearRing>
            <coordinates>
              17.449041,47.8340447
              17.4492449,47.8339114,0
              17.4529999,47.8350818,0
              17.452839,47.835233,0
              17.449041,47.8340447,0
            </coordinates>
          </LinearRing>
        </outerBoundaryIs>
      </Polygon>
    </Placemark>
    <Placemark>
      <name>Faluerdő</name>
      <Style>
        <LineStyle>
          <color>ff267fae</color>
          <width>2</width>
        </LineStyle>
        <PolyStyle>
          <color>ff267fae</color>
        </PolyStyle>
      </Style>
      <Polygon>
        <outerBoundaryIs>
          <LinearRing>
            <coordinates>
              17.4369965747132,47.88313324971067
              17.43647377833616,47.88230069401024,0
              17.43799376655037,47.88171595630237,0
              17.4386358153275,47.88237221119049,0
              17.43699657471325,47.88313324971067,0
            </coordinates>
          </LinearRing>
        </outerBoundaryIs>
      </Polygon>
    </Placemark>
    <Placemark>
      <name>Félholdak</name>
      <Style>
        <LineStyle>
          <color>ff148259</color>
          <width>2</width>
        </LineStyle>
        <PolyStyle>
          <color>ff148259</color>
        </PolyStyle>
      </Style>
      <Polygon>
        <outerBoundaryIs>
          <LinearRing>
            <coordinates>
              17.392956,47.9099204
              17.3928058,47.9097047,0
              17.3928595,47.9093523,0
              17.3939645,47.907691,0
              17.3947906,47.9072235,0
              17.3949301,47.9067129,0
              17.3945868,47.9055334,0
              17.3958313,47.9051882,0
              17.3966789,47.9061375,0
              17.3966038,47.9066482,0
              17.3975158,47.9063821,0
              17.3982882,47.9072523,0
              17.3969686,47.9077126,0
              17.396518,47.9081513,0
              17.3954022,47.9089639,0
              17.3949838,47.9092588,0
              17.3935246,47.9098269,0
              17.392956,47.9099204,0
            </coordinates>
          </LinearRing>
        </outerBoundaryIs>
      </Polygon>
    </Placemark>
    <Placemark>
      <name>Gyári tábla 3</name>
      <Style>
        <LineStyle>
          <color>ffe66d99</color>
          <width>2</width>
        </LineStyle>
        <PolyStyle>
          <color>ffe66d99</color>
        </PolyStyle>
      </Style>
      <Polygon>
        <outerBoundaryIs>
          <LinearRing>
            <coordinates>
              17.4504197,47.8254879
              17.4513423,47.8227578,0
              17.4515891,47.8225849,0
              17.4525332,47.8226714,0
              17.453059,47.8227794,0
              17.4537134,47.8228227,0
              17.4529195,47.8236799,0
              17.4535739,47.8260642,0
              17.4534345,47.8261938,0
              17.4512243,47.8260354,0
              17.4509668,47.8257328,0
              17.4510205,47.8255744,0
              17.4504197,47.8254879,0
            </coordinates>
          </LinearRing>
        </outerBoundaryIs>
      </Polygon>
    </Placemark>
    <Placemark>
      <name>Gyári tábla 4 gyep</name>
      <Style>
        <LineStyle>
          <color>ffcaa1cf</color>
          <width>2</width>
        </LineStyle>
        <PolyStyle>
          <color>ffcaa1cf</color>
        </PolyStyle>
      </Style>
      <Polygon>
        <outerBoundaryIs>
          <LinearRing>
            <coordinates>
              17.4491751,47.8238096
              17.4494433,47.8220375,0
              17.4498349,47.8219114,0
              17.4502105,47.8218358,0
              17.4505162,47.8219582,0
              17.4508274,47.8219762,0
              17.4506825,47.8228011,0
              17.4503553,47.823914,0
              17.4491751,47.8238096,0
            </coordinates>
          </LinearRing>
        </outerBoundaryIs>
      </Polygon>
    </Placemark>
    <Placemark>
      <name>Gyöpföld</name>
      <Style>
        <LineStyle>
          <color>ff428ee5</color>
          <width>2</width>
        </LineStyle>
        <PolyStyle>
          <color>ff428ee5</color>
        </PolyStyle>
      </Style>
      <Polygon>
        <outerBoundaryIs>
          <LinearRing>
            <coordinates>
              17.3800063,47.8994773
              17.3831284,47.8976215,0
              17.3862183,47.8983839,0
              17.3875058,47.8987436,0
              17.3884606,47.8990673,0
              17.388922,47.899506,0
              17.3890507,47.9000455,0
              17.3890078,47.9005634,0
              17.388804,47.9011604,0
              17.388407,47.9015992,0
              17.3877096,47.9018149,0
              17.387141,47.902117,0
              17.386744,47.903311,0
              17.3800063,47.8994773,0
            </coordinates>
          </LinearRing>
        </outerBoundaryIs>
      </Polygon>
    </Placemark>
    <Placemark>
      <name>Gyümölcsösi lósziget kicsi</name>
      <Style>
        <LineStyle>
          <color>ff1e4a43</color>
          <width>2</width>
        </LineStyle>
        <PolyStyle>
          <color>ff1e4a43</color>
        </PolyStyle>
      </Style>
      <Polygon>
        <outerBoundaryIs>
          <LinearRing>
            <coordinates>
              17.4041891,47.9029945
              17.4058843,47.9024767,0
              17.4076653,47.9049652,0
              17.4074507,47.9054399,0
              17.4079227,47.9056125,0
              17.4066567,47.9061447,0
              17.4060988,47.905368,0
              17.4058199,47.9054255,0
              17.4041891,47.9029945,0
            </coordinates>
          </LinearRing>
        </outerBoundaryIs>
      </Polygon>
    </Placemark>
    <Placemark>
      <name>Gyümölcsösi lósziget nagy</name>
      <Style>
        <LineStyle>
          <color>ff4f20c0</color>
          <width>2</width>
        </LineStyle>
        <PolyStyle>
          <color>ff4f20c0</color>
        </PolyStyle>
      </Style>
      <Polygon>
        <outerBoundaryIs>
          <LinearRing>
            <coordinates>
              17.4078798,47.9047638
              17.4068069,47.9032247,0
              17.4076653,47.9029226,0
              17.4092102,47.9030377,0
              17.4108624,47.9034117,0
              17.4116135,47.9031384,0
              17.4124932,47.903498,0
              17.413094,47.9040734,0
              17.4134374,47.9050228,0
              17.413373,47.9057132,0
              17.4132228,47.9063317,0
              17.4135661,47.9064468,0
              17.4138665,47.9060009,0
              17.4138236,47.904807,0
              17.4137592,47.9041885,0
              17.4131799,47.9038145,0
              17.412858,47.903498,0
              17.4142098,47.9029514,0
              17.4172568,47.9070941,0
              17.4157119,47.9075831,0
              17.4137592,47.9075687,0
              17.4109912,47.9041597,0
              17.409339,47.9049077,0
              17.4084163,47.9047207,0
              17.4078798,47.9047638,0
            </coordinates>
          </LinearRing>
        </outerBoundaryIs>
      </Polygon>
    </Placemark>
    <Placemark>
      <name>Hatrendes</name>
      <Style>
        <LineStyle>
          <color>ffddc9e0</color>
          <width>2</width>
        </LineStyle>
        <PolyStyle>
          <color>ffddc9e0</color>
        </PolyStyle>
      </Style>
      <Polygon>
        <outerBoundaryIs>
          <LinearRing>
            <coordinates>
              17.4056214,47.896769
              17.4043286,47.897082,0
              17.4037814,47.8965892,0
              17.4048382,47.8959562,0
              17.4056214,47.896769,0
            </coordinates>
          </LinearRing>
        </outerBoundaryIs>
      </Polygon>
    </Placemark>
    <Placemark>
      <name>Hétrendes</name>
      <Style>
        <LineStyle>
          <color>ff89ba50</color>
          <width>2</width>
        </LineStyle>
        <PolyStyle>
          <color>ff89ba50</color>
        </PolyStyle>
      </Style>
      <Polygon>
        <outerBoundaryIs>
          <LinearRing>
            <coordinates>
              17.4175894,47.9072451
              17.414757,47.9035052,0
              17.4170423,47.9027212,0
              17.4175036,47.9033398,0
              17.4182761,47.9040446,0
              17.4190593,47.9038432,0
              17.4196815,47.9038216,0
              17.4198747,47.9040734,0
              17.419821,47.9043323,0
              17.4199283,47.9049652,0
              17.419821,47.9054399,0
              17.4200356,47.9058786,0
              17.4202931,47.9062023,0
              17.4204969,47.9064396,0
              17.4204648,47.9065187,0
              17.4175894,47.9072451,0
            </coordinates>
          </LinearRing>
        </outerBoundaryIs>
      </Polygon>
    </Placemark>
    <Placemark>
      <name>Hétrendes gyep</name>
      <Style>
        <LineStyle>
          <color>ff5fd81e</color>
          <width>2</width>
        </LineStyle>
        <PolyStyle>
          <color>ff5fd81e</color>
        </PolyStyle>
      </Style>
      <Polygon>
        <outerBoundaryIs>
          <LinearRing>
            <coordinates>
              17.4170959,47.9025558
              17.4169135,47.9027068,0
              17.4166024,47.9026637,0
              17.4163556,47.9024191,0
              17.4158406,47.9021458,0
              17.4153042,47.9023975,0
              17.4142313,47.9027859,0
              17.4132013,47.9013114,0
              17.4168062,47.9001246,0
              17.4169993,47.900923,0
              17.4173105,47.9014337,0
              17.4179864,47.9022393,0
              17.4170959,47.9025558,0
            </coordinates>
          </LinearRing>
        </outerBoundaryIs>
      </Polygon>
    </Placemark>
    <Placemark>
      <name>Hosszúnyilas</name>
      <Style>
        <LineStyle>
          <color>ffaee8a5</color>
          <width>2</width>
        </LineStyle>
        <PolyStyle>
          <color>ffaee8a5</color>
        </PolyStyle>
      </Style>
      <Polygon>
        <outerBoundaryIs>
          <LinearRing>
            <coordinates>
              17.3867011,47.7924145
              17.3956275,47.7854369,0
              17.3957777,47.7852206,0
              17.3984385,47.7867921,0
              17.389555,47.7935389,0
              17.3884177,47.7929046,0
              17.3867011,47.7924145,0
            </coordinates>
          </LinearRing>
        </outerBoundaryIs>
      </Polygon>
    </Placemark>
    <Placemark>
      <name>Hosszúosztály 1</name>
      <Style>
        <LineStyle>
          <color>ff7b8d10</color>
          <width>2</width>
        </LineStyle>
        <PolyStyle>
          <color>ff7b8d10</color>
        </PolyStyle>
      </Style>
      <Polygon>
        <outerBoundaryIs>
          <LinearRing>
            <coordinates>
              17.364471,47.8977869
              17.3651147,47.8974992,0
              17.3725605,47.9017574,0
              17.37432,47.9011388,0
              17.3756075,47.9002757,0
              17.3766375,47.9009087,0
              17.3722386,47.9022321,0
              17.364471,47.8977869,0
            </coordinates>
          </LinearRing>
        </outerBoundaryIs>
      </Polygon>
    </Placemark>
    <Placemark>
      <name>Hosszúosztály 2</name>
      <Style>
        <LineStyle>
          <color>ff23280f</color>
          <width>2</width>
        </LineStyle>
        <PolyStyle>
          <color>ff23280f</color>
        </PolyStyle>
      </Style>
      <Polygon>
        <outerBoundaryIs>
          <LinearRing>
            <coordinates>
              17.3699427,47.9030089
              17.3620677,47.8986645,0
              17.3639131,47.8978732,0
              17.3718953,47.9023616,0
              17.3699427,47.9030089,0
            </coordinates>
          </LinearRing>
        </outerBoundaryIs>
      </Polygon>
    </Placemark>
    <Placemark>
      <name>Hosszúosztály 3</name>
      <Style>
        <LineStyle>
          <color>fffbfa07</color>
          <width>2</width>
        </LineStyle>
        <PolyStyle>
          <color>fffbfa07</color>
        </PolyStyle>
      </Style>
      <Polygon>
        <outerBoundaryIs>
          <LinearRing>
            <coordinates>
              17.3620248,47.9054111
              17.3582053,47.9029514,0
              17.3591065,47.9025342,0
              17.3597074,47.902189,0
              17.3600936,47.9015272,0
              17.360909,47.9006785,0
              17.3613596,47.8993262,0
              17.368505,47.9034261,0
              17.3622608,47.9053392,0
              17.3620248,47.9054111,0
            </coordinates>
          </LinearRing>
        </outerBoundaryIs>
      </Polygon>
    </Placemark>
    <Placemark>
      <name>Irtás</name>
      <Style>
        <LineStyle>
          <color>ff65420b</color>
          <width>2</width>
        </LineStyle>
        <PolyStyle>
          <color>ff65420b</color>
        </PolyStyle>
      </Style>
      <Polygon>
        <outerBoundaryIs>
          <LinearRing>
            <coordinates>
              17.4251103,47.8742454
              17.4244452,47.872547,0
              17.4257755,47.8721152,0
              17.426033,47.8720144,0
              17.4260116,47.8715826,0
              17.4262691,47.8713955,0
              17.4261189,47.8710788,0
              17.4296808,47.8705751,0
              17.4299598,47.8707766,0
              17.4300885,47.871194,0
              17.4291444,47.8721584,0
              17.4289727,47.8736984,0
              17.4253464,47.8742454,0
              17.4251103,47.8742454,0
            </coordinates>
          </LinearRing>
        </outerBoundaryIs>
      </Polygon>
    </Placemark>
    <Placemark>
      <name>Irtás kicsi</name>
      <Style>
        <LineStyle>
          <color>ff6f1519</color>
          <width>2</width>
        </LineStyle>
        <PolyStyle>
          <color>ff6f1519</color>
        </PolyStyle>
      </Style>
      <Polygon>
        <outerBoundaryIs>
          <LinearRing>
            <coordinates>
              17.4308717,47.8711508
              17.4307215,47.8709421,0
              17.4299061,47.8704383,0
              17.4333286,47.869841,0
              17.4334681,47.8702368,0
              17.4308717,47.8711508,0
            </coordinates>
          </LinearRing>
        </outerBoundaryIs>
      </Polygon>
    </Placemark>
    <Placemark>
      <name>Jegyzőföld 1</name>
      <Style>
        <LineStyle>
          <color>ff0f2edf</color>
          <width>2</width>
        </LineStyle>
        <PolyStyle>
          <color>ff0f2edf</color>
        </PolyStyle>
      </Style>
      <Polygon>
        <outerBoundaryIs>
          <LinearRing>
            <coordinates>
              17.4070215,47.8810528
              17.4057126,47.879772,0
              17.407515,47.8755119,0
              17.4081373,47.8744037,0
              17.4094033,47.8748499,0
              17.4129224,47.8788797,0
              17.4070215,47.8810528,0
            </coordinates>
          </LinearRing>
        </outerBoundaryIs>
      </Polygon>
    </Placemark>
    <Placemark>
      <name>Jegyzőföld füzesi</name>
      <Style>
        <LineStyle>
          <color>ff301b65</color>
          <width>2</width>
        </LineStyle>
        <PolyStyle>
          <color>ff301b65</color>
        </PolyStyle>
      </Style>
      <Polygon>
        <outerBoundaryIs>
          <LinearRing>
            <coordinates>
              17.4214196,47.8785199
              17.4199176,47.8764475,0
              17.4214411,47.874706,0
              17.4214625,47.8737272,0
              17.4225998,47.8720288,0
              17.4236512,47.8707046,0
              17.4238014,47.870719,0
              17.4250245,47.8743749,0
              17.4258184,47.8766346,0
              17.4260545,47.8790812,0
              17.4219131,47.8785487,0
              17.4214196,47.8785199,0
            </coordinates>
          </LinearRing>
        </outerBoundaryIs>
      </Polygon>
    </Placemark>
    <Placemark>
      <name>Kápolna-Délő</name>
      <Style>
        <LineStyle>
          <color>ff9b7aa4</color>
          <width>2</width>
        </LineStyle>
        <PolyStyle>
          <color>ff9b7aa4</color>
        </PolyStyle>
      </Style>
      <Polygon>
        <outerBoundaryIs>
          <LinearRing>
            <coordinates>
              17.3784614,47.9003476
              17.3837614,47.903872,0
              17.3827744,47.9047063,0
              17.3828387,47.9052241,0
              17.3837399,47.906116,0
              17.3826456,47.9074249,0
              17.3808217,47.9086043,0
              17.3796415,47.909266,0
              17.3784828,47.9090358,0
              17.3770452,47.9079139,0
              17.3765302,47.9072523,0
              17.3764229,47.9063173,0
              17.3757792,47.9055981,0
              17.3751998,47.9052241,0
              17.374835,47.9043179,0
              17.3735905,47.904246,0
              17.3723888,47.9041741,0
              17.3719168,47.9037281,0
              17.3704576,47.9033541,0
              17.3698354,47.903124,0
              17.3779893,47.9006497,0
              17.3784614,47.9003476,0
            </coordinates>
          </LinearRing>
        </outerBoundaryIs>
      </Polygon>
    </Placemark>
    <Placemark>
      <name>Károlyháza SM</name>
      <Style>
        <LineStyle>
          <color>ffa03365</color>
          <width>2</width>
        </LineStyle>
        <PolyStyle>
          <color>ffa03365</color>
        </PolyStyle>
      </Style>
      <Polygon>
        <outerBoundaryIs>
          <LinearRing>
            <coordinates>
              17.3513603,47.8049114
              17.3503518,47.804162,0
              17.3592997,47.7993768,0
              17.3602867,47.8001407,0
              17.3513603,47.8049114,0
            </coordinates>
          </LinearRing>
        </outerBoundaryIs>
      </Polygon>
    </Placemark>
    <Placemark>
      <name>Károlyháza Szage hidró</name>
      <Style>
        <LineStyle>
          <color>ffa5277a</color>
          <width>2</width>
        </LineStyle>
        <PolyStyle>
          <color>ffa5277a</color>
        </PolyStyle>
      </Style>
      <Polygon>
        <outerBoundaryIs>
          <LinearRing>
            <coordinates>
              17.3499227,47.8037008
              17.3492789,47.8031531,0
              17.3580337,47.7981516,0
              17.3586774,47.798757,0
              17.3499227,47.8037008,0
            </coordinates>
          </LinearRing>
        </outerBoundaryIs>
      </Polygon>
    </Placemark>
    <Placemark>
      <name>Károlyi úton kicsi</name>
      <Style>
        <LineStyle>
          <color>ff34a4c3</color>
          <width>2</width>
        </LineStyle>
        <PolyStyle>
          <color>ff34a4c3</color>
        </PolyStyle>
      </Style>
      <Polygon>
        <outerBoundaryIs>
          <LinearRing>
            <coordinates>
              17.4659282,47.8298781
              17.4658585,47.8297233,0
              17.469635,47.8291363,0
              17.4694741,47.8293487,0
              17.4659282,47.8298781,0
            </coordinates>
          </LinearRing>
        </outerBoundaryIs>
      </Polygon>
    </Placemark>
    <Placemark>
      <name>Kavicsbányai - SM</name>
      <Style>
        <LineStyle>
          <color>ff025930</color>
          <width>2</width>
        </LineStyle>
        <PolyStyle>
          <color>ff025930</color>
        </PolyStyle>
      </Style>
      <Polygon>
        <outerBoundaryIs>
          <LinearRing>
            <coordinates>
              17.2016823,47.8572229
              17.2027659,47.8558551,0
              17.2031629,47.8552072,0
              17.2058344,47.852817,0
              17.2068536,47.8532994,0
              17.202208,47.8574749,0
              17.2016823,47.8572229,0
            </coordinates>
          </LinearRing>
        </outerBoundaryIs>
      </Polygon>
    </Placemark>
    <Placemark>
      <name>Kavicsbányai - LM</name>
      <Style>
        <LineStyle>
          <color>ffd5822a</color>
          <width>2</width>
        </LineStyle>
        <PolyStyle>
          <color>ffd5822a</color>
        </PolyStyle>
      </Style>
      <Polygon>
        <outerBoundaryIs>
          <LinearRing>
            <coordinates>
              17.203002,47.8577916
              17.202208,47.8574245,0
              17.2069287,47.8534074,0
              17.2079051,47.8538754,0
              17.203002,47.8577916,0
            </coordinates>
          </LinearRing>
        </outerBoundaryIs>
      </Polygon>
    </Placemark>
    <Placemark>
      <name>Kilva alsó</name>
      <Style>
        <LineStyle>
          <color>ffd0a7d8</color>
          <width>2</width>
        </LineStyle>
        <PolyStyle>
          <color>ffd0a7d8</color>
        </PolyStyle>
      </Style>
      <Polygon>
        <outerBoundaryIs>
          <LinearRing>
            <coordinates>
              17.3943186,47.8931471
              17.3910141,47.8959886,0
              17.3896837,47.8955282,0
              17.3893619,47.8953843,0
              17.389276,47.8952332,0
              17.3895764,47.8948304,0
              17.390027,47.8945427,0
              17.3909819,47.8942621,0
              17.3920548,47.8940031,0
              17.3939002,47.8930679,0
              17.3943186,47.8931471,0
            </coordinates>
          </LinearRing>
        </outerBoundaryIs>
      </Polygon>
    </Placemark>
    <Placemark>
      <name>Kilva felső</name>
      <Style>
        <LineStyle>
          <color>ffcc85fb</color>
          <width>2</width>
        </LineStyle>
        <PolyStyle>
          <color>ffcc85fb</color>
        </PolyStyle>
      </Style>
      <Polygon>
        <outerBoundaryIs>
          <LinearRing>
            <coordinates>
              17.3941818,47.8933161
              17.3943293,47.8933989,0
              17.3936588,47.8939995,0
              17.3932725,47.8946182,0
              17.3930418,47.8951397,0
              17.3926234,47.895762,0
              17.3922586,47.8961792,0
              17.3919904,47.8963123,0
              17.391057,47.896003,0
              17.3941818,47.8933161,0
            </coordinates>
          </LinearRing>
        </outerBoundaryIs>
      </Polygon>
    </Placemark>
    <Placemark>
      <name>Kis Paptag</name>
      <Style>
        <LineStyle>
          <color>ff0b28aa</color>
          <width>2</width>
        </LineStyle>
        <PolyStyle>
          <color>ff0b28aa</color>
        </PolyStyle>
      </Style>
      <Polygon>
        <outerBoundaryIs>
          <LinearRing>
            <coordinates>
              17.4556661,47.8427512
              17.4549794,47.8433345,0
              17.4549043,47.8433345,0
              17.4532628,47.8442994,0
              17.4508703,47.8429601,0
              17.4529946,47.8409654,0
              17.4556661,47.8427512,0
            </coordinates>
          </LinearRing>
        </outerBoundaryIs>
      </Polygon>
    </Placemark>
    <Placemark>
      <name>Kishosszúosztály</name>
      <Style>
        <LineStyle>
          <color>ff03f8e4</color>
          <width>2</width>
        </LineStyle>
        <PolyStyle>
          <color>ff03f8e4</color>
        </PolyStyle>
      </Style>
      <Polygon>
        <outerBoundaryIs>
          <LinearRing>
            <coordinates>
              17.3688483,47.9034404
              17.3683548,47.9045768,0
              17.3677325,47.9053248,0
              17.3667884,47.906044,0
              17.3658013,47.9071085,0
              17.3653078,47.9078133,0
              17.3648572,47.9079715,0
              17.3642993,47.9076694,0
              17.3635054,47.9074968,0
              17.3620248,47.9074393,0
              17.3608875,47.90754,0
              17.3597932,47.9065906,0
              17.361145,47.9057276,0
              17.3688483,47.9034404,0
            </coordinates>
          </LinearRing>
        </outerBoundaryIs>
      </Polygon>
    </Placemark>
    <Placemark>
      <name>Kishosszúosztály 2</name>
      <Style>
        <LineStyle>
          <color>ffb71d3c</color>
          <width>2</width>
        </LineStyle>
        <PolyStyle>
          <color>ffb71d3c</color>
        </PolyStyle>
      </Style>
      <Polygon>
        <outerBoundaryIs>
          <LinearRing>
            <coordinates>
              17.3675519356907,47.90380586812777
              17.36867200544257,47.90348288206635,0
              17.36873842479308,47.90356553461189,0
              17.36815964614232,47.90463328323239,0
              17.36755193569072,47.90380586812777,0
            </coordinates>
          </LinearRing>
        </outerBoundaryIs>
      </Polygon>
    </Placemark>
    <Placemark>
      <name>Kis Makkszeg K+F</name>
      <Style>
        <LineStyle>
          <color>ff359e56</color>
          <width>2</width>
        </LineStyle>
        <PolyStyle>
          <color>ff359e56</color>
        </PolyStyle>
      </Style>
      <Polygon>
        <outerBoundaryIs>
          <LinearRing>
            <coordinates>
              17.4349755393501,47.87883912617404
              17.43542347851972,47.87871792026119,0
              17.43570520187916,47.87896301876339,0
              17.43592914552861,47.87885397762616,0
              17.43567679694863,47.87859810989426,0
              17.43607328463956,47.87845692836881,0
              17.43857724761718,47.88082782897318,0
              17.43742037244904,47.88115938038933,0
              17.43497553935019,47.87883912617404,0
            </coordinates>
          </LinearRing>
        </outerBoundaryIs>
      </Polygon>
    </Placemark>
    <Placemark>
      <name>Kohány</name>
      <Style>
        <LineStyle>
          <color>ffc168bb</color>
          <width>2</width>
        </LineStyle>
        <PolyStyle>
          <color>ffc168bb</color>
        </PolyStyle>
      </Style>
      <Polygon>
        <outerBoundaryIs>
          <LinearRing>
            <coordinates>
              17.3848987,47.8830243
              17.3821521,47.8812687,0
              17.3843622,47.8800166,0
              17.3860359,47.8789948,0
              17.387023,47.8781169,0
              17.3878598,47.8774837,0
              17.3897481,47.8773542,0
              17.3919582,47.8779298,0
              17.3933315,47.8784911,0
              17.394104,47.8790236,0
              17.3939967,47.8799015,0
              17.393868,47.8802325,0
              17.3931813,47.8803476,0
              17.3924947,47.8809521,0
              17.3912501,47.8815997,0
              17.3891258,47.882938,0
              17.3879242,47.8825782,0
              17.3865938,47.8825926,0
              17.3855639,47.8828229,0
              17.3848987,47.8830243,0
            </coordinates>
          </LinearRing>
        </outerBoundaryIs>
      </Polygon>
    </Placemark>
    <Placemark>
      <name>Kohány fű</name>
      <Style>
        <LineStyle>
          <color>ff492788</color>
          <width>2</width>
        </LineStyle>
        <PolyStyle>
          <color>ff492788</color>
        </PolyStyle>
      </Style>
      <Polygon>
        <outerBoundaryIs>
          <LinearRing>
            <coordinates>
              17.3906386,47.8836503
              17.3904026,47.8834776,0
              17.3899841,47.883305,0
              17.3891258,47.882938,0
              17.3911643,47.881722,0
              17.391057,47.882938,0
              17.3910892,47.8835424,0
              17.3906386,47.8836503,0
            </coordinates>
          </LinearRing>
        </outerBoundaryIs>
      </Polygon>
    </Placemark>
    <Placemark>
      <name>Kozlik csatornapart</name>
      <Style>
        <LineStyle>
          <color>ff142a8a</color>
          <width>2</width>
        </LineStyle>
        <PolyStyle>
          <color>ff142a8a</color>
        </PolyStyle>
      </Style>
      <Polygon>
        <outerBoundaryIs>
          <LinearRing>
            <coordinates>
              17.2513247,47.8218934
              17.2549403,47.8191271,0
              17.2605193,47.8221599,0
              17.2568607,47.8250197,0
              17.2513247,47.8218934,0
            </coordinates>
          </LinearRing>
        </outerBoundaryIs>
      </Polygon>
    </Placemark>
    <Placemark>
      <name>Kölesföld nagy jobb</name>
      <Style>
        <LineStyle>
          <color>ff7b9132</color>
          <width>2</width>
        </LineStyle>
        <PolyStyle>
          <color>ff7b9132</color>
        </PolyStyle>
      </Style>
      <Polygon>
        <outerBoundaryIs>
          <LinearRing>
            <coordinates>
              17.3938251,47.8924637
              17.3929882,47.89255,0
              17.3886752,47.89396,0
              17.3871732,47.8931111,0
              17.3866153,47.8927802,0
              17.3860574,47.8924061,0
              17.385993,47.8916148,0
              17.384727,47.8891687,0
              17.3852205,47.8880464,0
              17.385478,47.8874996,0
              17.385993,47.8872694,0
              17.3863578,47.8874852,0
              17.3876882,47.8881615,0
              17.38904,47.8885068,0
              17.3902202,47.8901615,0
              17.3919153,47.8895428,0
              17.3928809,47.8907946,0
              17.3935032,47.8908953,0
              17.3936319,47.8911112,0
              17.393117,47.8914565,0
              17.3931384,47.8916291,0
              17.3937392,47.8916148,0
              17.3938251,47.8924637,0
            </coordinates>
          </LinearRing>
        </outerBoundaryIs>
      </Polygon>
    </Placemark>
    <Placemark>
      <name>Kölesföld kicsi</name>
      <Style>
        <LineStyle>
          <color>ff5440b6</color>
          <width>2</width>
        </LineStyle>
        <PolyStyle>
          <color>ff5440b6</color>
        </PolyStyle>
      </Style>
      <Polygon>
        <outerBoundaryIs>
          <LinearRing>
            <coordinates>
              17.3924518,47.889363
              17.3915935,47.888327,0
              17.3922265,47.8878737,0
              17.3929453,47.8877442,0
              17.3934603,47.8874636,0
              17.3939967,47.8871327,0
              17.394222,47.8866003,0
              17.3971832,47.8865499,0
              17.3971832,47.8866938,0
              17.3957884,47.8873773,0
              17.3937178,47.8886579,0
              17.3930955,47.8890752,0
              17.3924518,47.889363,0
            </coordinates>
          </LinearRing>
        </outerBoundaryIs>
      </Polygon>
    </Placemark>
    <Placemark>
      <name>Kölesföld fű</name>
      <Style>
        <LineStyle>
          <color>ff08e87a</color>
          <width>2</width>
        </LineStyle>
        <PolyStyle>
          <color>ff08e87a</color>
        </PolyStyle>
      </Style>
      <Polygon>
        <outerBoundaryIs>
          <LinearRing>
            <coordinates>
              17.3918295,47.8939024
              17.3912716,47.8932766,0
              17.3916042,47.8931579,0
              17.392087,47.8929313,0
              17.392661,47.8927586,0
              17.3932993,47.8926687,0
              17.3931921,47.8932945,0
              17.3918295,47.8939024,0
            </coordinates>
          </LinearRing>
        </outerBoundaryIs>
      </Polygon>
    </Placemark>
    <Placemark>
      <name>Kölesföld tó</name>
      <Style>
        <LineStyle>
          <color>ff50548f</color>
          <width>2</width>
        </LineStyle>
        <PolyStyle>
          <color>ff50548f</color>
        </PolyStyle>
      </Style>
      <Polygon>
        <outerBoundaryIs>
          <LinearRing>
            <coordinates>
              17.3966038,47.8870895
              17.398932,47.8892335,0
              17.3989105,47.8893917,0
              17.3978269,47.8897587,0
              17.3953164,47.8907371,0
              17.3951018,47.8905356,0
              17.3943937,47.8908522,0
              17.3931277,47.8895141,0
              17.3930955,47.8892766,0
              17.3935997,47.8888738,0
              17.3949194,47.8880032,0
              17.3966038,47.8870895,0
            </coordinates>
          </LinearRing>
        </outerBoundaryIs>
      </Polygon>
    </Placemark>
    <Placemark>
      <name>Körtefai</name>
      <Style>
        <LineStyle>
          <color>ff6db983</color>
          <width>2</width>
        </LineStyle>
        <PolyStyle>
          <color>ff6db983</color>
        </PolyStyle>
      </Style>
      <Polygon>
        <outerBoundaryIs>
          <LinearRing>
            <coordinates>
              17.4340367,47.8246596
              17.4282539,47.8244507,0
              17.4288332,47.8239968,0
              17.429198,47.8235574,0
              17.4292839,47.8231901,0
              17.4307537,47.8223328,0
              17.4317622,47.8225922,0
              17.4327707,47.8225561,0
              17.4334359,47.8223904,0
              17.4340475,47.8221167,0
              17.4348092,47.8217061,0
              17.4340367,47.8246596,0
            </coordinates>
          </LinearRing>
        </outerBoundaryIs>
      </Polygon>
    </Placemark>
    <Placemark>
      <name>Külső lósziget</name>
      <Style>
        <LineStyle>
          <color>ffc7650f</color>
          <width>2</width>
        </LineStyle>
        <PolyStyle>
          <color>ffc7650f</color>
        </PolyStyle>
      </Style>
      <Polygon>
        <outerBoundaryIs>
          <LinearRing>
            <coordinates>
              17.3998225,47.9056629
              17.4002194,47.9053033,0
              17.4002945,47.9051666,0
              17.4008739,47.9054183,0
              17.4016035,47.9056413,0
              17.4025905,47.9056844,0
              17.4032986,47.9055766,0
              17.4040496,47.9054111,0
              17.404629,47.905181,0
              17.4053371,47.9047926,0
              17.4061954,47.9060512,0
              17.407161,47.9072882,0
              17.4042642,47.9072307,0
              17.4030519,47.9070725,0
              17.4021614,47.9068208,0
              17.3998225,47.9056629,0
            </coordinates>
          </LinearRing>
        </outerBoundaryIs>
      </Polygon>
    </Placemark>
    <Placemark>
      <name>Külsőkerekes</name>
      <Style>
        <LineStyle>
          <color>ff7d5921</color>
          <width>2</width>
        </LineStyle>
        <PolyStyle>
          <color>ff7d5921</color>
        </PolyStyle>
      </Style>
      <Polygon>
        <outerBoundaryIs>
          <LinearRing>
            <coordinates>
              17.4740124,47.8039169
              17.4745488,47.8032828,0
              17.4748707,47.8032251,0
              17.4747634,47.8028792,0
              17.4752355,47.8023171,0
              17.4760723,47.8016397,0
              17.4770379,47.8012794,0
              17.4771881,47.8030089,0
              17.4819946,47.8029225,0
              17.4824238,47.8073758,0
              17.4810076,47.8074046,0
              17.4805999,47.8073326,0
              17.4802995,47.8071741,0
              17.4800205,47.8068426,0
              17.479248,47.8063382,0
              17.4781108,47.8060499,0
              17.4769092,47.8057473,0
              17.4740124,47.8039169,0
            </coordinates>
          </LinearRing>
        </outerBoundaryIs>
      </Polygon>
    </Placemark>
    <Placemark>
      <name>Legelő</name>
      <Style>
        <LineStyle>
          <color>ffe611d4</color>
          <width>2</width>
        </LineStyle>
        <PolyStyle>
          <color>ffe611d4</color>
        </PolyStyle>
      </Style>
      <Polygon>
        <outerBoundaryIs>
          <LinearRing>
            <coordinates>
              17.4644423,47.8188317
              17.4710727,47.8235862,0
              17.470901,47.8239608,0
              17.470386,47.8240617,0
              17.4637127,47.8192928,0
              17.4644423,47.8188317,0
            </coordinates>
          </LinearRing>
        </outerBoundaryIs>
      </Polygon>
    </Placemark>
    <Placemark>
      <name>Lickói híd</name>
      <Style>
        <LineStyle>
          <color>ff1da1c0</color>
          <width>2</width>
        </LineStyle>
        <PolyStyle>
          <color>ff1da1c0</color>
        </PolyStyle>
      </Style>
      <Polygon>
        <outerBoundaryIs>
          <LinearRing>
            <coordinates>
              17.4348521,47.8125349
              17.4344444,47.8122323,0
              17.4341011,47.8114829,0
              17.4330711,47.8103877,0
              17.4356461,47.8096816,0
              17.4372983,47.8125637,0
              17.4365258,47.8135436,0
              17.4359679,47.8134859,0
              17.4348521,47.8125349,0
            </coordinates>
          </LinearRing>
        </outerBoundaryIs>
      </Polygon>
    </Placemark>
    <Placemark>
      <name>Lickói leágazó</name>
      <Style>
        <LineStyle>
          <color>ff07af27</color>
          <width>2</width>
        </LineStyle>
        <PolyStyle>
          <color>ff07af27</color>
        </PolyStyle>
      </Style>
      <Polygon>
        <outerBoundaryIs>
          <LinearRing>
            <coordinates>
              17.406292,47.7916937
              17.4032664,47.7895313,0
              17.4092746,47.7856964,0
              17.4102616,47.786374,0
              17.408309,47.788378,0
              17.4069786,47.7900503,0
              17.4067211,47.7906702,0
              17.4066782,47.7912324,0
              17.406292,47.7916937,0
            </coordinates>
          </LinearRing>
        </outerBoundaryIs>
      </Polygon>
    </Placemark>
    <Placemark>
      <name>Lucska</name>
      <Style>
        <LineStyle>
          <color>ff5107f5</color>
          <width>2</width>
        </LineStyle>
        <PolyStyle>
          <color>ff5107f5</color>
        </PolyStyle>
      </Style>
      <Polygon>
        <outerBoundaryIs>
          <LinearRing>
            <coordinates>
              17.369771,47.9001462
              17.3651147,47.8974992,0
              17.3665738,47.8969525,0
              17.3670459,47.8962188,0
              17.367003,47.8947225,0
              17.3676038,47.8937585,0
              17.3692346,47.8933125,0
              17.3705864,47.8934708,0
              17.3719811,47.8935283,0
              17.3733974,47.8937442,0
              17.3741698,47.8933845,0
              17.3757792,47.8944204,0
              17.3712516,47.8971971,0
              17.3735476,47.8987939,0
              17.3736334,47.899168,0
              17.374084,47.8996571,0
              17.3741484,47.9000167,0
              17.3741269,47.9004052,0
              17.3737192,47.9007216,0
              17.3731613,47.9009087,0
              17.3723888,47.9008799,0
              17.3717237,47.900736,0
              17.3709512,47.9002613,0
              17.3711872,47.9001174,0
              17.3705649,47.8996571,0
            </coordinates>
          </LinearRing>
        </outerBoundaryIs>
      </Polygon>
    </Placemark>
    <Placemark>
      <name>Makkszeg K+F</name>
      <Style>
        <LineStyle>
          <color>ff789884</color>
          <width>2</width>
        </LineStyle>
        <PolyStyle>
          <color>ff789884</color>
        </PolyStyle>
      </Style>
      <Polygon>
        <outerBoundaryIs>
          <LinearRing>
            <coordinates>
              17.436270568835,47.88331238008482
              17.43518677526545,47.88324557951028,0
              17.43287691860688,47.88286774801907,0
              17.43520040880746,47.88203549348254,0
              17.43627056883507,47.88331238008482,0
            </coordinates>
          </LinearRing>
        </outerBoundaryIs>
      </Polygon>
    </Placemark>
    <Placemark>
      <name>Marsaltag bal</name>
      <Style>
        <LineStyle>
          <color>ff4ea287</color>
          <width>2</width>
        </LineStyle>
        <PolyStyle>
          <color>ff4ea287</color>
        </PolyStyle>
      </Style>
      <Polygon>
        <outerBoundaryIs>
          <LinearRing>
            <coordinates>
              17.394104,47.8760445
              17.3952842,47.8749075,0
              17.3962927,47.8756559,0
              17.3975158,47.8763611,0
              17.3979878,47.8760157,0
              17.3983955,47.8761452,0
              17.4002624,47.8768936,0
              17.4006271,47.8765194,0
              17.3999405,47.876174,0
              17.4005842,47.8755983,0
              17.4011636,47.8754832,0
              17.4017,47.8755695,0
              17.4030948,47.8757854,0
              17.4035668,47.8757278,0
              17.4040604,47.8757854,0
              17.4042964,47.8760589,0
              17.4044466,47.8767209,0
              17.4047899,47.8772534,0
              17.4032235,47.8792683,0
              17.394104,47.8760445,0
            </coordinates>
          </LinearRing>
        </outerBoundaryIs>
      </Polygon>
    </Placemark>
    <Placemark>
      <name>Marsaltag jobb</name>
      <Style>
        <LineStyle>
          <color>ff2d5f7f</color>
          <width>2</width>
        </LineStyle>
        <PolyStyle>
          <color>ff2d5f7f</color>
        </PolyStyle>
      </Style>
      <Polygon>
        <outerBoundaryIs>
          <LinearRing>
            <coordinates>
              17.3940825,47.8761884
              17.4045753,47.8799591,0
              17.4035454,47.880765,0
              17.4003482,47.8812974,0
              17.3986745,47.8818011,0
              17.3973441,47.8824775,0
              17.3963141,47.8825638,0
              17.3956919,47.8827365,0
              17.3951769,47.8830387,0
              17.3949194,47.882938,0
              17.3942757,47.8832546,0
              17.3933959,47.8829092,0
              17.3926663,47.883269,0
              17.391572,47.8828373,0
              17.3916578,47.881945,0
              17.3924732,47.8814126,0
              17.3937607,47.8808082,0
              17.3945332,47.8797144,0
              17.3941684,47.8785919,0
              17.393074,47.8779874,0
              17.3916364,47.8775557,0
              17.3929882,47.87698,0
              17.3940825,47.8761884,0
            </coordinates>
          </LinearRing>
        </outerBoundaryIs>
      </Polygon>
    </Placemark>
    <Placemark>
      <name>Mázsaház mögött</name>
      <Style>
        <LineStyle>
          <color>ff4d6c8f</color>
          <width>2</width>
        </LineStyle>
        <PolyStyle>
          <color>ff4d6c8f</color>
        </PolyStyle>
      </Style>
      <Polygon>
        <outerBoundaryIs>
          <LinearRing>
            <coordinates>
              17.397446,47.8864312
              17.3973173,47.8862441,0
              17.3973066,47.886147,0
              17.3973548,47.8860858,0
              17.3973548,47.8859024,0
              17.3971993,47.8857441,0
              17.3970491,47.885629,0
              17.3969579,47.8853843,0
              17.3969954,47.8853376,0
              17.3972744,47.88528,0
              17.3976713,47.8852081,0
              17.3980522,47.8851181,0
              17.3986369,47.8850677,0
              17.398755,47.8851865,0
              17.3989213,47.8854779,0
              17.398991,47.8857333,0
              17.3988193,47.8859239,0
              17.3985189,47.8860499,0
              17.3983204,47.8862621,0
              17.397961,47.8864276,0
              17.397446,47.8864312,0
            </coordinates>
          </LinearRing>
        </outerBoundaryIs>
      </Polygon>
    </Placemark>
    <Placemark>
      <name>Mecséri út mellett</name>
      <Style>
        <LineStyle>
          <color>ff4b0013</color>
          <width>2</width>
        </LineStyle>
        <PolyStyle>
          <color>ff4b0013</color>
        </PolyStyle>
      </Style>
      <Polygon>
        <outerBoundaryIs>
          <LinearRing>
            <coordinates>
              17.4825096,47.8058626
              17.4818444,47.7998813,0
              17.4822736,47.7998381,0
              17.4835181,47.8002272,0
              17.4844623,47.8005011,0
              17.4854708,47.8008326,0
              17.4874449,47.8009623,0
              17.4925947,47.801265,0
              17.4928093,47.804652,0
              17.4903202,47.805387,0
              17.4890327,47.8058626,0
              17.4881101,47.8055023,0
              17.4872947,47.8049979,0
              17.4866724,47.8048537,0
              17.4859214,47.8048105,0
              17.4850845,47.8049835,0
              17.4843979,47.8051996,0
              17.4825096,47.8058626,0
            </coordinates>
          </LinearRing>
        </outerBoundaryIs>
      </Polygon>
    </Placemark>
    <Placemark>
      <name>Meggyes</name>
      <Style>
        <LineStyle>
          <color>ff84394a</color>
          <width>2</width>
        </LineStyle>
        <PolyStyle>
          <color>ff84394a</color>
        </PolyStyle>
      </Style>
      <Polygon>
        <outerBoundaryIs>
          <LinearRing>
            <coordinates>
              17.4690449,47.8407062
              17.4724674,47.8382433,0
              17.4728215,47.8382505,0
              17.4730146,47.8380345,0
              17.4737227,47.837552,0
              17.4740553,47.8379048,0
              17.4695277,47.8410374,0
              17.4690449,47.8407062,0
            </coordinates>
          </LinearRing>
        </outerBoundaryIs>
      </Polygon>
    </Placemark>
    <Placemark>
      <name>Micsótag</name>
      <Style>
        <LineStyle>
          <color>ff8eab90</color>
          <width>2</width>
        </LineStyle>
        <PolyStyle>
          <color>ff8eab90</color>
        </PolyStyle>
      </Style>
      <Polygon>
        <outerBoundaryIs>
          <LinearRing>
            <coordinates>
              17.4678326,47.8114685
              17.4676824,47.8106904,0
              17.4677682,47.8092925,0
              17.4677253,47.8076641,0
              17.4680042,47.8054014,0
              17.4680686,47.8047673,0
              17.4681759,47.8040178,0
              17.468605,47.8032251,0
              17.470665,47.8045079,0
              17.4701071,47.8053293,0
              17.4690986,47.8059347,0
              17.4684763,47.8064535,0
              17.4684548,47.8073038,0
              17.4691415,47.808082,0
              17.4699998,47.808889,0
              17.4704075,47.8098113,0
              17.4703646,47.8107048,0
              17.4696565,47.8116126,0
              17.4687552,47.8120305,0
              17.4678326,47.8114685,0
            </coordinates>
          </LinearRing>
        </outerBoundaryIs>
      </Polygon>
    </Placemark>
    <Placemark>
      <name>Mosonszolnok belső</name>
      <Style>
        <LineStyle>
          <color>ffe361cd</color>
          <width>2</width>
        </LineStyle>
        <PolyStyle>
          <color>ffe361cd</color>
        </PolyStyle>
      </Style>
      <Polygon>
        <outerBoundaryIs>
          <LinearRing>
            <coordinates>
              17.1227932,47.8697402
              17.1221495,47.8668613,0
              17.1285868,47.8660551,0
              17.1294022,47.8689485,0
              17.1227932,47.8697402,0
            </coordinates>
          </LinearRing>
        </outerBoundaryIs>
      </Polygon>
    </Placemark>
    <Placemark>
      <name>Mosonszolnok külső</name>
      <Style>
        <LineStyle>
          <color>ff4d8ff3</color>
          <width>2</width>
        </LineStyle>
        <PolyStyle>
          <color>ff4d8ff3</color>
        </PolyStyle>
      </Style>
      <Polygon>
        <outerBoundaryIs>
          <LinearRing>
            <coordinates>
              17.1212053,47.8628737
              17.120347,47.8595481,0
              17.1266341,47.8587994,0
              17.1275568,47.8620963,0
              17.1212053,47.8628737,0
            </coordinates>
          </LinearRing>
        </outerBoundaryIs>
      </Polygon>
    </Placemark>
    <Placemark>
      <name>Motus földjénél</name>
      <Style>
        <LineStyle>
          <color>ff65dba4</color>
          <width>2</width>
        </LineStyle>
        <PolyStyle>
          <color>ff65dba4</color>
        </PolyStyle>
      </Style>
      <Polygon>
        <outerBoundaryIs>
          <LinearRing>
            <coordinates>
              17.2886074,47.8118972
              17.288028,47.8114145,0
              17.2890258,47.81073,0
              17.2893798,47.8108381,0
              17.2912306,47.8099158,0
              17.2920138,47.8103013,0
              17.2886074,47.8118972,0
            </coordinates>
          </LinearRing>
        </outerBoundaryIs>
      </Polygon>
    </Placemark>
    <Placemark>
      <name>Novák Rákóczy</name>
      <Style>
        <LineStyle>
          <color>ffebbd5b</color>
          <width>2</width>
        </LineStyle>
        <PolyStyle>
          <color>ffebbd5b</color>
        </PolyStyle>
      </Style>
      <Polygon>
        <outerBoundaryIs>
          <LinearRing>
            <coordinates>
              17.4171495,47.8269358
              17.4171066,47.8263883,0
              17.4173641,47.8262155,0
              17.4180508,47.8260282,0
              17.4191022,47.8258193,0
              17.4221063,47.8255528,0
              17.422353,47.825704,0
              17.4228036,47.8258337,0
              17.4235868,47.8257184,0
              17.4244022,47.8257328,0
              17.4243593,47.8272383,0
              17.4171495,47.8269358,0
            </coordinates>
          </LinearRing>
        </outerBoundaryIs>
      </Polygon>
    </Placemark>
    <Placemark>
      <name>Nováki</name>
      <Style>
        <LineStyle>
          <color>ff6aed14</color>
          <width>2</width>
        </LineStyle>
        <PolyStyle>
          <color>ff6aed14</color>
        </PolyStyle>
      </Style>
      <Polygon>
        <outerBoundaryIs>
          <LinearRing>
            <coordinates>
              17.4106264,47.8300762
              17.4093604,47.8318336,0
              17.4083519,47.8316031,0
              17.4078369,47.8323666,0
              17.407161,47.8320929,0
              17.4093819,47.8281531,0
              17.4106264,47.8300762,0
            </coordinates>
          </LinearRing>
        </outerBoundaryIs>
      </Polygon>
    </Placemark>
    <Placemark>
      <name>Nováki pulykásnál</name>
      <Style>
        <LineStyle>
          <color>ffb81cbf</color>
          <width>2</width>
        </LineStyle>
        <PolyStyle>
          <color>ffb81cbf</color>
        </PolyStyle>
      </Style>
      <Polygon>
        <outerBoundaryIs>
          <LinearRing>
            <coordinates>
              17.414190512549,47.81582999260596
              17.41457066635199,47.8147128279074,0
              17.41968895794632,47.81552834218094,0
              17.41907097599185,47.81656390589679,0
              17.41419051254907,47.81582999260596,0
            </coordinates>
          </LinearRing>
        </outerBoundaryIs>
      </Polygon>
    </Placemark>
    <Placemark>
      <name>Orbánlucska PM</name>
      <Style>
        <LineStyle>
          <color>ff9ab10c</color>
          <width>2</width>
        </LineStyle>
        <PolyStyle>
          <color>ff9ab10c</color>
        </PolyStyle>
      </Style>
      <Polygon>
        <outerBoundaryIs>
          <LinearRing>
            <coordinates>
              17.3781824,47.8958879
              17.3741269,47.8933197,0
              17.3751891,47.8924924,0
              17.3777103,47.8908306,0
              17.379384,47.8916795,0
              17.3799419,47.8921903,0
              17.3802423,47.8931543,0
              17.3803174,47.8938377,0
              17.3798561,47.8943484,0
              17.3795021,47.8946937,0
              17.3794484,47.8950606,0
              17.3790836,47.8953412,0
              17.3781824,47.8958879,0
            </coordinates>
          </LinearRing>
        </outerBoundaryIs>
      </Polygon>
    </Placemark>
    <Placemark>
      <name>Oroserdő</name>
      <Style>
        <LineStyle>
          <color>ffe560d9</color>
          <width>2</width>
        </LineStyle>
        <PolyStyle>
          <color>ffe560d9</color>
        </PolyStyle>
      </Style>
      <Polygon>
        <outerBoundaryIs>
          <LinearRing>
            <coordinates>
              17.4348307,47.8215116
              17.4309039,47.8211082,0
              17.4316549,47.8187741,0
              17.4350238,47.8204166,0
              17.4348307,47.8215116,0
            </coordinates>
          </LinearRing>
        </outerBoundaryIs>
      </Polygon>
    </Placemark>
    <Placemark>
      <name>P.Z.Heveder</name>
      <Style>
        <LineStyle>
          <color>ffcd66c5</color>
          <width>2</width>
        </LineStyle>
        <PolyStyle>
          <color>ffcd66c5</color>
        </PolyStyle>
      </Style>
      <Polygon>
        <outerBoundaryIs>
          <LinearRing>
            <coordinates>
              17.3354303262244,47.87358778947357
              17.33701032377115,47.87228319843138,0
              17.34180218507954,47.87735347910964,0
              17.33984098409734,47.87822113111578,0
              17.33543032622443,47.87358778947357,0
            </coordinates>
          </LinearRing>
        </outerBoundaryIs>
      </Polygon>
    </Placemark>
    <Placemark>
      <name>Pajtaföld telek K+F</name>
      <Style>
        <LineStyle>
          <color>ffd271d2</color>
          <width>2</width>
        </LineStyle>
        <PolyStyle>
          <color>ffd271d2</color>
        </PolyStyle>
      </Style>
      <Polygon>
        <outerBoundaryIs>
          <LinearRing>
            <coordinates>
              17.3868406,47.9038145
              17.3870015,47.9034045,0
              17.3893833,47.9033469,0
              17.3887503,47.9039727,0
              17.3879778,47.9039727,0
              17.3875165,47.9038145,0
              17.3868406,47.9038145,0
            </coordinates>
          </LinearRing>
        </outerBoundaryIs>
      </Polygon>
    </Placemark>
    <Placemark>
      <name>Papház</name>
      <Style>
        <LineStyle>
          <color>fff869b3</color>
          <width>2</width>
        </LineStyle>
        <PolyStyle>
          <color>fff869b3</color>
        </PolyStyle>
      </Style>
      <Polygon>
        <outerBoundaryIs>
          <LinearRing>
            <coordinates>
              17.4756968,47.8431905
              17.4771237,47.8423048,0
              17.4797416,47.8432913,0
              17.478261,47.8442202,0
              17.4756968,47.8431905,0
            </coordinates>
          </LinearRing>
        </outerBoundaryIs>
      </Polygon>
    </Placemark>
    <Placemark>
      <name>Paprét kicsi</name>
      <Style>
        <LineStyle>
          <color>ffd6b3bb</color>
          <width>2</width>
        </LineStyle>
        <PolyStyle>
          <color>ffd6b3bb</color>
        </PolyStyle>
      </Style>
      <Polygon>
        <outerBoundaryIs>
          <LinearRing>
            <coordinates>
              17.2503376,47.9397063
              17.2518611,47.9375213,0
              17.2521186,47.9376075,0
              17.2522044,47.9378375,0
              17.2524834,47.9382688,0
              17.252934,47.9386282,0
              17.253406,47.9387432,0
              17.2532988,47.9391169,0
              17.2527623,47.939735,0
              17.2526979,47.9410575,0
              17.2526121,47.9411581,0
              17.2517538,47.94077,0
              17.2515178,47.9403819,0
              17.2503376,47.9397063,0
            </coordinates>
          </LinearRing>
        </outerBoundaryIs>
      </Polygon>
    </Placemark>
    <Placemark>
      <name>Paprét fácános</name>
      <Style>
        <LineStyle>
          <color>ff93694d</color>
          <width>2</width>
        </LineStyle>
        <PolyStyle>
          <color>ff93694d</color>
        </PolyStyle>
      </Style>
      <Polygon>
        <outerBoundaryIs>
          <LinearRing>
            <coordinates>
              17.2180867,47.9364791
              17.2304463,47.9410431,0
              17.2300279,47.9417547,0
              17.2174752,47.9372194,0
              17.2180867,47.9364791,0
            </coordinates>
          </LinearRing>
        </outerBoundaryIs>
      </Polygon>
    </Placemark>
    <Placemark>
      <name>Paprét középső</name>
      <Style>
        <LineStyle>
          <color>ff4f6992</color>
          <width>2</width>
        </LineStyle>
        <PolyStyle>
          <color>ff4f6992</color>
        </PolyStyle>
      </Style>
      <Polygon>
        <outerBoundaryIs>
          <LinearRing>
            <coordinates>
              17.242012,47.9366444
              17.2378707,47.9351205,0
              17.2403598,47.9311095,0
              17.2439861,47.9323747,0
              17.2445226,47.9332085,0
              17.242012,47.9366444,0
            </coordinates>
          </LinearRing>
        </outerBoundaryIs>
      </Polygon>
    </Placemark>
    <Placemark>
      <name>Paprét nagy SM</name>
      <Style>
        <LineStyle>
          <color>ff14aca0</color>
          <width>2</width>
        </LineStyle>
        <PolyStyle>
          <color>ff14aca0</color>
        </PolyStyle>
      </Style>
      <Polygon>
        <outerBoundaryIs>
          <LinearRing>
            <coordinates>
              17.2375274,47.9295136
              17.2398663,47.9258184,0
              17.2406602,47.9245243,0
              17.2411752,47.923259,0
              17.2411537,47.922425,0
              17.2424197,47.9234315,0
              17.2432995,47.9237766,0
              17.2443295,47.9245675,0
              17.244029,47.9254877,0
              17.2440076,47.9267818,0
              17.2435784,47.9299018,0
              17.2417545,47.9311814,0
              17.2375274,47.9295136,0
            </coordinates>
          </LinearRing>
        </outerBoundaryIs>
      </Polygon>
    </Placemark>
    <Placemark>
      <name>Paptag - HM</name>
      <Style>
        <LineStyle>
          <color>fff82feb</color>
          <width>2</width>
        </LineStyle>
        <PolyStyle>
          <color>fff82feb</color>
        </PolyStyle>
      </Style>
      <Polygon>
        <outerBoundaryIs>
          <LinearRing>
            <coordinates>
              17.4567282,47.8418583
              17.4612451,47.8448178,0
              17.4613631,47.8449331,0
              17.4612772,47.8452859,0
              17.4605584,47.8459699,0
              17.4591637,47.8473812,0
              17.4590778,47.8473308,0
              17.4550009,47.8456603,0
              17.4544752,47.8454011,0
              17.4541962,47.8450411,0
              17.4540889,47.8447458,0
              17.4553227,47.8436369,0
              17.4550653,47.8433921,0
              17.4567175,47.8419231,0
              17.4567282,47.8418583,0
            </coordinates>
          </LinearRing>
        </outerBoundaryIs>
      </Polygon>
    </Placemark>
    <Placemark>
      <name>Paptag - PM</name>
      <Style>
        <LineStyle>
          <color>ff0ceba1</color>
          <width>2</width>
        </LineStyle>
        <PolyStyle>
          <color>ff0ceba1</color>
        </PolyStyle>
      </Style>
      <Polygon>
        <outerBoundaryIs>
          <LinearRing>
            <coordinates>
              17.4072361,47.875037
              17.4062276,47.8747995,0
              17.4061954,47.8745548,0
              17.4055409,47.8744757,0
              17.4054122,47.8746412,0
              17.4051225,47.8745764,0
              17.4047577,47.8750082,0
              17.4042428,47.8753896,0
              17.4036956,47.8753752,0
              17.4028265,47.87544,0
              17.4019039,47.8752745,0
              17.4020541,47.8747779,0
              17.4027944,47.8748859,0
              17.4047363,47.8722951,0
              17.4084377,47.8731083,0
              17.4072361,47.875037,0
            </coordinates>
          </LinearRing>
        </outerBoundaryIs>
      </Polygon>
    </Placemark>
    <Placemark>
      <name>Parázsszegi</name>
      <Style>
        <LineStyle>
          <color>ff27aeff</color>
          <width>2</width>
        </LineStyle>
        <PolyStyle>
          <color>ff27aeff</color>
        </PolyStyle>
      </Style>
      <Polygon>
        <outerBoundaryIs>
          <LinearRing>
            <coordinates>
              17.4278355,47.827548
              17.4334359,47.8278001,0
              17.4333608,47.8284556,0
              17.4334681,47.8285564,0
              17.4336076,47.8292047,0
              17.433393,47.8298097,0
              17.4332428,47.83053,0
              17.4378347,47.8305012,0
              17.4376738,47.8308613,0
              17.4313867,47.8307172,0
              17.4273258,47.8300906,0
              17.4278355,47.827548,0
            </coordinates>
          </LinearRing>
        </outerBoundaryIs>
      </Polygon>
    </Placemark>
    <Placemark>
      <name>Pedagógusföld</name>
      <Style>
        <LineStyle>
          <color>ffa1d779</color>
          <width>2</width>
        </LineStyle>
        <PolyStyle>
          <color>ffa1d779</color>
        </PolyStyle>
      </Style>
      <Polygon>
        <outerBoundaryIs>
          <LinearRing>
            <coordinates>
              17.4508864,47.8372855
              17.4529248,47.8352654,0
              17.4558538,47.8363025,0
              17.4539387,47.8381533,0
              17.4508864,47.8372855,0
            </coordinates>
          </LinearRing>
        </outerBoundaryIs>
      </Polygon>
    </Placemark>
    <Placemark>
      <name>Présházi</name>
      <Style>
        <LineStyle>
          <color>ff67e38f</color>
          <width>2</width>
        </LineStyle>
        <PolyStyle>
          <color>ff67e38f</color>
        </PolyStyle>
      </Style>
      <Polygon>
        <outerBoundaryIs>
          <LinearRing>
            <coordinates>
              17.469399,47.8062805
              17.4693131,47.8061076,0
              17.4696779,47.8058914,0
              17.4704289,47.8054735,0
              17.4707723,47.8049979,0
              17.471416,47.8044646,0
              17.472403,47.8042196,0
              17.4753213,47.8060067,0
              17.4742913,47.8065544,0
              17.4739909,47.8075199,0
              17.4743772,47.8084423,0
              17.4751067,47.8090475,0
              17.4749351,47.8092493,0
              17.469399,47.8062805,0
            </coordinates>
          </LinearRing>
        </outerBoundaryIs>
      </Polygon>
    </Placemark>
    <Placemark>
      <name>Proletár bal 1</name>
      <Style>
        <LineStyle>
          <color>ff076d82</color>
          <width>2</width>
        </LineStyle>
        <PolyStyle>
          <color>ff076d82</color>
        </PolyStyle>
      </Style>
      <Polygon>
        <outerBoundaryIs>
          <LinearRing>
            <coordinates>
              17.4772525,47.8242346
              17.4719739,47.8256176,0
              17.4729395,47.8236727,0
              17.4772525,47.8242346,0
            </coordinates>
          </LinearRing>
        </outerBoundaryIs>
      </Polygon>
    </Placemark>
    <Placemark>
      <name>Proletár bal 2</name>
      <Style>
        <LineStyle>
          <color>ff95d060</color>
          <width>2</width>
        </LineStyle>
        <PolyStyle>
          <color>ff95d060</color>
        </PolyStyle>
      </Style>
      <Polygon>
        <outerBoundaryIs>
          <LinearRing>
            <coordinates>
              17.4738729,47.8228659
              17.474184,47.8226426,0
              17.4743128,47.8224913,0
              17.4743021,47.8223688,0
              17.473712,47.822304,0
              17.4738407,47.821987,0
              17.4787116,47.8226642,0
              17.4786472,47.8231252,0
              17.4787331,47.8234998,0
              17.4738729,47.8228659,0
            </coordinates>
          </LinearRing>
        </outerBoundaryIs>
      </Polygon>
    </Placemark>
      <name>Proletár bal 3</name>
      <Style>
        <LineStyle>
          <color>fffc1325</color>
          <width>2</width>
        </LineStyle>
        <PolyStyle>
          <color>fffc1325</color>
        </PolyStyle>
      </Style>
      <Polygon>
        <outerBoundaryIs>
          <LinearRing>
            <coordinates>
              17.4805892,47.820467
              17.4772418,47.8186516,0
              17.4774134,47.8185291,0
              17.4761474,47.8177655,0
              17.4760187,47.8175566,0
              17.4763083,47.8171387,0
              17.4815011,47.820078,0
              17.4805892,47.820467,0
            </coordinates>
          </LinearRing>
        </outerBoundaryIs>
      </Polygon>
    </Placemark>
    <Placemark>
      <name>Proletár bal 4</name>
      <Style>
        <LineStyle>
          <color>ff80d186</color>
          <width>2</width>
        </LineStyle>
        <PolyStyle>
          <color>ff80d186</color>
        </PolyStyle>
      </Style>
      <Polygon>
        <outerBoundaryIs>
          <LinearRing>
            <coordinates>
              17.4824023,47.8197754
              17.4768233,47.8165696,0
              17.4775743,47.8156546,0
              17.4830246,47.8195233,0
              17.4824023,47.8197754,0
            </coordinates>
          </LinearRing>
        </outerBoundaryIs>
      </Polygon>
    </Placemark>
    <Placemark>
      <name>Proletár széle</name>
      <Style>
        <LineStyle>
          <color>ffb0fd86</color>
          <width>2</width>
        </LineStyle>
        <PolyStyle>
          <color>ffb0fd86</color>
        </PolyStyle>
      </Style>
      <Polygon>
        <outerBoundaryIs>
          <LinearRing>
            <coordinates>
              17.475729,47.8173764
              17.46912,47.812434,0
              17.469871,47.8120017,0
              17.4704933,47.8114541,0
              17.4713087,47.8103877,0
              17.4713731,47.8097969,0
              17.4788833,47.8137021,0
              17.475729,47.8173764,0
            </coordinates>
          </LinearRing>
        </outerBoundaryIs>
      </Polygon>
    </Placemark>
    <Placemark>
      <name>Püski föld nagy</name>
      <Style>
        <LineStyle>
          <color>ff187cfb</color>
          <width>2</width>
        </LineStyle>
        <PolyStyle>
          <color>ff187cfb</color>
        </PolyStyle>
      </Style>
      <Polygon>
        <outerBoundaryIs>
          <LinearRing>
            <coordinates>
              17.4102829294731,47.88413486924471
              17.41314113886636,47.88287028400275,0
              17.41253231865829,47.8821152862223,0
              17.41773044010677,47.88008317654251,0
              17.42123977185145,47.88427188216282,0
              17.41311975576477,47.88710373305908,0
              17.41028292947314,47.88413486924471,0
            </coordinates>
          </LinearRing>
        </outerBoundaryIs>
      </Polygon>
    </Placemark>
    <Placemark>
      <name>Lóvári erdő</name>
      <Style>
        <LineStyle>
          <color>fff81a31</color>
          <width>2</width>
        </LineStyle>
        <PolyStyle>
          <color>fff81a31</color>
        </PolyStyle>
      </Style>
      <Polygon>
        <outerBoundaryIs>
          <LinearRing>
            <coordinates>
              17.2387934,47.9089064
              17.2394156,47.9083311,0
              17.2493505,47.9118405,0
              17.2481704,47.912387,0
              17.2386217,47.9089495,0
              17.2387934,47.9089064,0
            </coordinates>
          </LinearRing>
        </outerBoundaryIs>
      </Polygon>
    </Placemark>
    <Placemark>
      <name>Remetei gyep 1</name>
      <Style>
        <LineStyle>
          <color>ff4804f8</color>
          <width>2</width>
        </LineStyle>
        <PolyStyle>
          <color>ff4804f8</color>
        </PolyStyle>
      </Style>
      <Polygon>
        <outerBoundaryIs>
          <LinearRing>
            <coordinates>
              17.4534345,47.8781529
              17.4535954,47.8774261,0
              17.4537456,47.876469,0
              17.4546146,47.8765626,0
              17.4556339,47.8768648,0
              17.4560738,47.8770951,0
              17.4562025,47.8770447,0
              17.4559772,47.8766633,0
              17.4569428,47.8760229,0
              17.4585092,47.8767281,0
              17.4588847,47.876577,0
              17.4597859,47.876944,0
              17.4605048,47.8774621,0
              17.460655,47.8782393,0
              17.4601722,47.878448,0
              17.4596894,47.8787502,0
              17.4575758,47.8790812,0
              17.4563527,47.8790668,0
              17.4535096,47.8781889,0
              17.4534345,47.8781529,0
            </coordinates>
          </LinearRing>
        </outerBoundaryIs>
      </Polygon>
    </Placemark>
    <Placemark>
      <name>Remetei gyep 2</name>
      <Style>
        <LineStyle>
          <color>ff719707</color>
          <width>2</width>
        </LineStyle>
        <PolyStyle>
          <color>ff719707</color>
        </PolyStyle>
      </Style>
      <Polygon>
        <outerBoundaryIs>
          <LinearRing>
            <coordinates>
              17.4532521,47.8781241
              17.4465466,47.8773254,0
              17.4465358,47.8772246,0
              17.4470615,47.8769584,0
              17.4477053,47.8766633,0
              17.448746,47.8764043,0
              17.4506021,47.876246,0
              17.4520934,47.876138,0
              17.4530482,47.876138,0
              17.4536061,47.8763611,0
              17.4534774,47.8773686,0
              17.4532521,47.8781241,0
            </coordinates>
          </LinearRing>
        </outerBoundaryIs>
      </Polygon>
    </Placemark>
    <Placemark>
      <name>Salamon</name>
      <Style>
        <LineStyle>
          <color>ff59dcb0</color>
          <width>2</width>
        </LineStyle>
        <PolyStyle>
          <color>ff59dcb0</color>
        </PolyStyle>
      </Style>
      <Polygon>
        <outerBoundaryIs>
          <LinearRing>
            <coordinates>
              17.3857945,47.8854383
              17.3851722,47.8844634,0
              17.3876774,47.883823,0
              17.3882836,47.8847656,0
              17.3857945,47.8854383,0
            </coordinates>
          </LinearRing>
        </outerBoundaryIs>
      </Polygon>
    </Placemark>
    <Placemark>
      <name>Sorjás</name>
      <Style>
        <LineStyle>
          <color>ff344fd0</color>
          <width>2</width>
        </LineStyle>
        <PolyStyle>
          <color>ff344fd0</color>
        </PolyStyle>
      </Style>
      <Polygon>
        <outerBoundaryIs>
          <LinearRing>
            <coordinates>
              17.4623716,47.8781745
              17.4621141,47.8782393,0
              17.4617708,47.8781025,0
              17.4611592,47.8776204,0
              17.4605048,47.8772174,0
              17.4598289,47.8765914,0
              17.4584234,47.8755911,0
              17.461642,47.8763827,0
              17.4658906,47.8771527,0
              17.4658585,47.8773182,0
              17.4623716,47.8781745,0
            </coordinates>
          </LinearRing>
        </outerBoundaryIs>
      </Polygon>
    </Placemark>
    <Placemark>
      <name>Vámkerék 1</name>
      <Style>
        <LineStyle>
          <color>ff2b0938</color>
          <width>2</width>
        </LineStyle>
        <PolyStyle>
          <color>ff2b0938</color>
        </PolyStyle>
      </Style>
      <Polygon>
        <outerBoundaryIs>
          <LinearRing>
            <coordinates>
              17.4346231841602,47.81576278279243
              17.44668435132381,47.82212315070546,0
              17.44417475391869,47.82451574341491,0
              17.43182421279402,47.81866999555271,0
              17.43462318416028,47.81576278279243,0
            </coordinates>
          </LinearRing>
        </outerBoundaryIs>
      </Polygon>
    </Placemark>
    <Placemark>
      <name>Szélesföld 1</name>
      <Style>
        <LineStyle>
          <color>ff9fe70c</color>
          <width>2</width>
        </LineStyle>
        <PolyStyle>
          <color>ff9fe70c</color>
        </PolyStyle>
      </Style>
      <Polygon>
        <outerBoundaryIs>
          <LinearRing>
            <coordinates>
              17.4302387,47.8779298
              17.4281144,47.8752961,0
              17.4302387,47.8740727,0
              17.4317408,47.8735833,0
              17.4338865,47.8764475,0
              17.4302387,47.8779298,0
            </coordinates>
          </LinearRing>
        </outerBoundaryIs>
      </Polygon>
    </Placemark>
    <Placemark>
      <name>Szélesföld 2</name>
      <Style>
        <LineStyle>
          <color>ffb178e5</color>
          <width>2</width>
        </LineStyle>
        <PolyStyle>
          <color>ffb178e5</color>
        </PolyStyle>
      </Style>
      <Polygon>
        <outerBoundaryIs>
          <LinearRing>
            <coordinates>
              17.4262476,47.8789661
              17.4259686,47.8766202,0
              17.4281359,47.8753392,0
              17.4302173,47.8780306,0
              17.4262476,47.8789661,0
            </coordinates>
          </LinearRing>
        </outerBoundaryIs>
      </Polygon>
    </Placemark>
    <Placemark>
      <name>Szélesföld gyep</name>
      <Style>
        <LineStyle>
          <color>ffad4418</color>
          <width>2</width>
        </LineStyle>
        <PolyStyle>
          <color>ffad4418</color>
        </PolyStyle>
      </Style>
      <Polygon>
        <outerBoundaryIs>
          <LinearRing>
            <coordinates>
              17.4257326,47.8760373
              17.4256039,47.8756631,0
              17.4258077,47.8755695,0
              17.4261832,47.8753824,0
              17.4266875,47.8751665,0
              17.4273205,47.8747851,0
              17.4281251,47.8744253,0
              17.4291444,47.8740223,0
              17.4293911,47.8744541,0
              17.4280715,47.8752241,0
              17.4275887,47.8754832,0
              17.4270308,47.875771,0
              17.4264407,47.8759437,0
              17.4257326,47.8760373,0
            </coordinates>
          </LinearRing>
        </outerBoundaryIs>
      </Polygon>
    </Placemark>
    <Placemark>
      <name>Széleslapos</name>
      <Style>
        <LineStyle>
          <color>ff59fd9a</color>
          <width>2</width>
        </LineStyle>
        <PolyStyle>
          <color>ff59fd9a</color>
        </PolyStyle>
      </Style>
      <Polygon>
        <outerBoundaryIs>
          <LinearRing>
            <coordinates>
              17.3962712,47.898535
              17.3990393,47.9008223,0
              17.3990393,47.9015416,0
              17.4001551,47.9028507,0
              17.4012494,47.9032534,0
              17.4012494,47.9034548,0
              17.4003482,47.9042891,0
              17.4001765,47.9045193,0
              17.4002194,47.9051666,0
              17.3997688,47.9054831,0
              17.3994684,47.9055406,0
              17.3927951,47.9023616,0
              17.3962712,47.898535,0
            </coordinates>
          </LinearRing>
        </outerBoundaryIs>
      </Polygon>
    </Placemark>
    <Placemark>
      <name>Szérűskert</name>
      <Style>
        <LineStyle>
          <color>fffea3d7</color>
          <width>2</width>
        </LineStyle>
        <PolyStyle>
          <color>fffea3d7</color>
        </PolyStyle>
      </Style>
      <Polygon>
        <outerBoundaryIs>
          <LinearRing>
            <coordinates>
              17.3935086,47.8854419
              17.3938143,47.8847044,0
              17.3942435,47.8847692,0
              17.3943615,47.8849994,0
              17.3941469,47.8851325,0
              17.3940825,47.8853052,0
              17.3941737,47.8854239,0
              17.3943293,47.8854347,0
              17.3944098,47.8853807,0
              17.3951823,47.8853735,0
              17.3949462,47.8859203,0
              17.3949516,47.8860642,0
              17.3951769,47.8864456,0
              17.394222,47.8864312,0
              17.393927,47.8863305,0
              17.3937446,47.8859707,0
              17.3934603,47.8857693,0
              17.3932189,47.8856937,0
              17.3933423,47.885334,0
              17.3935086,47.8854419,0
            </coordinates>
          </LinearRing>
        </outerBoundaryIs>
      </Polygon>
    </Placemark>
    <Placemark>
      <name>Szőlőgyöp</name>
      <Style>
        <LineStyle>
          <color>ff15dfbd</color>
          <width>2</width>
        </LineStyle>
        <PolyStyle>
          <color>ff15dfbd</color>
        </PolyStyle>
      </Style>
      <Polygon>
        <outerBoundaryIs>
          <LinearRing>
            <coordinates>
              17.4388647,47.8277641
              17.4335432,47.8275768,0
              17.4351954,47.8205607,0
              17.4411821,47.8233845,0
              17.4407101,47.8245515,0
              17.4383712,47.8242634,0
              17.4382854,47.82471,0
              17.4406242,47.8249837,0
              17.4405384,47.8253151,0
              17.4402595,47.8252862,0
              17.4401736,47.8255312,0
              17.4383497,47.8253151,0
              17.4385643,47.8259489,0
              17.4391007,47.8264532,0
              17.4390149,47.8270438,0
              17.4388647,47.8277641,0
            </coordinates>
          </LinearRing>
        </outerBoundaryIs>
      </Polygon>
    </Placemark>
    <Placemark>
      <name>Tagok /Dunaremete/</name>
      <Style>
        <LineStyle>
          <color>ff36eff1</color>
          <width>2</width>
        </LineStyle>
        <PolyStyle>
          <color>ff36eff1</color>
        </PolyStyle>
      </Style>
      <Polygon>
        <outerBoundaryIs>
          <LinearRing>
            <coordinates>
              17.4489764072548,47.87600435467665
              17.44946861351044,47.87561213856575,0
              17.44978872899184,47.87552944762728,0
              17.4500719530838,47.8753891489384,0
              17.45038491522005,47.8752077661431,0
              17.45074086691135,47.87509819494025,0
              17.45113405697845,47.87489277971589,0
              17.45145364432127,47.87484898311652,0
              17.45160792758293,47.87498834416657,0
              17.45170879776352,47.87515192711502,0
              17.45156137246155,47.87530277084507,0
              17.45154797252064,47.87544579926694,0
              17.45168994079531,47.87552932674167,0
              17.45180428678063,47.87569124255874,0
              17.45198860262868,47.87583990167544,0
              17.45204616242932,47.87597340607185,0
              17.45143833743858,47.87606181303374,0
              17.4506507547461,47.87614208891345,0
              17.45032586726192,47.87621965588064,0
              17.44936723567236,47.876208986233,0
              17.44897270174395,47.8761289996853,0
              17.4489764072548,47.87600435467665,0
            </coordinates>
          </LinearRing>
        </outerBoundaryIs>
      </Polygon>
    </Placemark>
    <Placemark>
      <name>Telek bal</name>
      <Style>
        <LineStyle>
          <color>ff6c59e3</color>
          <width>2</width>
        </LineStyle>
        <PolyStyle>
          <color>ff6c59e3</color>
        </PolyStyle>
      </Style>
      <Polygon>
        <outerBoundaryIs>
          <LinearRing>
            <coordinates>
              17.4006486,47.8933413
              17.392602,47.9023472,0
              17.3921943,47.9022896,0
              17.391293,47.9022609,0
              17.3902845,47.9025917,0
              17.3893189,47.9032822,0
              17.3868942,47.9033541,0
              17.3871088,47.9025486,0
              17.3873448,47.902117,0
              17.3879671,47.9018869,0
              17.3887825,47.9015704,0
              17.3892975,47.9011388,0
              17.3894906,47.9005922,0
              17.3893189,47.8999592,0
              17.3891473,47.8991824,0
              17.3913145,47.8974992,0
              17.3919582,47.8973697,0
              17.3931384,47.8967511,0
              17.3939967,47.8959598,0
              17.3944902,47.8949383,0
              17.4006486,47.8933413,0
            </coordinates>
          </LinearRing>
        </outerBoundaryIs>
      </Polygon>
    </Placemark>
    <Placemark>
      <name>Telek jobb 1</name>
      <Style>
        <LineStyle>
          <color>ff327bf4</color>
          <width>2</width>
        </LineStyle>
        <PolyStyle>
          <color>ff327bf4</color>
        </PolyStyle>
      </Style>
      <Polygon>
        <outerBoundaryIs>
          <LinearRing>
            <coordinates>
              17.3982239,47.8962619
              17.4020004,47.8920464,0
              17.4059057,47.8952692,0
              17.4032235,47.896636,0
              17.4006057,47.8984918,0
              17.3982239,47.8962619,0
            </coordinates>
          </LinearRing>
        </outerBoundaryIs>
      </Polygon>
    </Placemark>
    <Placemark>
      <name>Telek jobb kis darab</name>
      <Style>
        <LineStyle>
          <color>ffd413cb</color>
          <width>2</width>
        </LineStyle>
        <PolyStyle>
          <color>ffd413cb</color>
        </PolyStyle>
      </Style>
      <Polygon>
        <outerBoundaryIs>
          <LinearRing>
            <coordinates>
              17.3969612978714,47.89745704875188
              17.39795711737194,47.89635175064599,0
              17.40039882734629,47.89854433802549,0
              17.39936282108589,47.89953723003298,0
              17.3969612978714,47.89745704875188,0
            </coordinates>
          </LinearRing>
        </outerBoundaryIs>
      </Polygon>
    </Placemark>
    <Placemark>
      <name>Temetői tábla</name>
      <Style>
        <LineStyle>
          <color>ffde7c82</color>
          <width>2</width>
        </LineStyle>
        <PolyStyle>
          <color>ffde7c82</color>
        </PolyStyle>
      </Style>
      <Polygon>
        <outerBoundaryIs>
          <LinearRing>
            <coordinates>
              17.4648017,47.8357515
              17.465094,47.8352996,0
              17.4648875,47.8350386,0
              17.4650484,47.8348585,0
              17.4653596,47.834628,0
              17.4657136,47.8343544,0
              17.4661642,47.834304,0
              17.4663895,47.8342103,0
              17.4664593,47.8346749,0
              17.4648017,47.8357515,0
            </coordinates>
          </LinearRing>
        </outerBoundaryIs>
      </Polygon>
    </Placemark>
    <Placemark>
      <name>Vajaslapos</name>
      <Style>
        <LineStyle>
          <color>ffa01210</color>
          <width>2</width>
        </LineStyle>
        <PolyStyle>
          <color>ffa01210</color>
        </PolyStyle>
      </Style>
      <Polygon>
        <outerBoundaryIs>
          <LinearRing>
            <coordinates>
              17.4169242,47.9000887
              17.4178576,47.899765,0
              17.4196279,47.9008295,0
              17.4216771,47.9032103,0
              17.4198961,47.9037857,0
              17.4196064,47.9035771,0
              17.4193382,47.9035555,0
              17.4184048,47.9039295,0
              17.4178469,47.903311,0
              17.4177074,47.9029226,0
              17.4173748,47.9026133,0
              17.4182224,47.9022609,0
              17.4173534,47.9012251,0
              17.4170208,47.9006066,0
              17.4169242,47.9000887,0
            </coordinates>
          </LinearRing>
        </outerBoundaryIs>
      </Polygon>
    </Placemark>
    <Placemark>
      <name>Vámkerék 2</name>
      <Style>
        <LineStyle>
          <color>ff23d461</color>
          <width>2</width>
        </LineStyle>
        <PolyStyle>
          <color>ff23d461</color>
        </PolyStyle>
      </Style>
      <Polygon>
        <outerBoundaryIs>
          <LinearRing>
            <coordinates>
              17.4346477637241,47.81576988909158
              17.43750517315,47.81282150523406,0
              17.43972120046992,47.81589980839395,0
              17.43958000034479,47.81610357688494,0
              17.44431733133328,47.82083033723998,0
              17.44062367964399,47.8189304703946,0
              17.44067029912275,47.81891485702369,0
              17.43464776372416,47.81576988909158,0
            </coordinates>
          </LinearRing>
        </outerBoundaryIs>
      </Polygon>
    </Placemark>
    <Placemark>
      <name>Vámkerék köztes</name>
      <Style>
        <LineStyle>
          <color>ff7efa0e</color>
          <width>2</width>
        </LineStyle>
        <PolyStyle>
          <color>ff7efa0e</color>
        </PolyStyle>
      </Style>
      <Polygon>
        <outerBoundaryIs>
          <LinearRing>
            <coordinates>
              17.4442555616603,47.82458681678417
              17.44677601880712,47.82216214913639,0
              17.44784781786412,47.82275351504219,0
              17.4479842,47.8238023,0
              17.4476838,47.8241625,0
              17.44811992519707,47.82441939408508,0
              17.4480793452536,47.82481156110221,0
              17.44778722060957,47.82472372506984,0
              17.44763704189926,47.82538298478974,0
              17.44696535035726,47.82597129540569,0
              17.44425556166031,47.82458681678417,0
            </coordinates>
          </LinearRing>
        </outerBoundaryIs>
      </Polygon>
    </Placemark>
    <Placemark>
      <name>Vámosszabadi</name>
      <Style>
        <LineStyle>
          <color>ff83da10</color>
          <width>2</width>
        </LineStyle>
        <PolyStyle>
          <color>ff83da10</color>
        </PolyStyle>
      </Style>
      <Polygon>
        <outerBoundaryIs>
          <LinearRing>
            <coordinates>
              17.6102579,47.7572356
              17.6191736,47.7561392,0
              17.6182187,47.7587503,0
              17.6093459,47.7599115,0
              17.6102579,47.7572356,0
            </coordinates>
          </LinearRing>
        </outerBoundaryIs>
      </Polygon>
    </Placemark>
    <Placemark>
      <name>Vasút mellett kicsi AH</name>
      <Style>
        <LineStyle>
          <color>ff91e7c9</color>
          <width>2</width>
        </LineStyle>
        <PolyStyle>
          <color>ff91e7c9</color>
        </PolyStyle>
      </Style>
      <Polygon>
        <outerBoundaryIs>
          <LinearRing>
            <coordinates>
              17.2760546,47.8432121
              17.273308,47.8418295,0
              17.2754323,47.8405621,0
              17.2780395,47.8417863,0
              17.2760546,47.8432121,0
            </coordinates>
          </LinearRing>
        </outerBoundaryIs>
      </Polygon>
    </Placemark>
    <Placemark>
      <name>Vasút mellett - LM</name>
      <Style>
        <LineStyle>
          <color>fffe9b27</color>
          <width>2</width>
        </LineStyle>
        <PolyStyle>
          <color>fffe9b27</color>
        </PolyStyle>
      </Style>
      <Polygon>
        <outerBoundaryIs>
          <LinearRing>
            <coordinates>
              17.2863845530198,47.82610193378883
              17.28854008255067,47.82551440306326,0
              17.2956115910028,47.8307985134503,0
              17.29406188297421,47.831807927949,0
              17.2863845530198,47.82610193378883,0
            </coordinates>
          </LinearRing>
        </outerBoundaryIs>
      </Polygon>
    </Placemark>
    <Placemark>
      <name>Vasút mellett nagy AH</name>
      <Style>
        <LineStyle>
          <color>ff8e7b1e</color>
          <width>2</width>
        </LineStyle>
        <PolyStyle>
          <color>ff8e7b1e</color>
        </PolyStyle>
      </Style>
      <Polygon>
        <outerBoundaryIs>
          <LinearRing>
            <coordinates>
              17.2781897,47.8416639
              17.2735977,47.8394027,0
              17.2766447,47.8367382,0
              17.2816658,47.8392155,0
              17.2781897,47.8416639,0
            </coordinates>
          </LinearRing>
        </outerBoundaryIs>
      </Polygon>
    </Placemark>
    <Placemark>
      <name>Vasvázas mögött</name>
      <Style>
        <LineStyle>
          <color>fffeb875</color>
          <width>2</width>
        </LineStyle>
        <PolyStyle>
          <color>fffeb875</color>
        </PolyStyle>
      </Style>
      <Polygon>
        <outerBoundaryIs>
          <LinearRing>
            <coordinates>
              17.3927468,47.8843123
              17.3924786,47.8849346,0
              17.3922426,47.8848699,0
              17.3925698,47.8843087,0
              17.3924249,47.8842727,0
              17.3922426,47.8844274,0
              17.3919421,47.8847152,0
              17.3915666,47.8850318,0
              17.3914325,47.8853591,0
              17.3911536,47.885226,0
              17.3910463,47.8850713,0
              17.3910302,47.8847692,0
              17.3909551,47.8845821,0
              17.3907834,47.8842871,0
              17.3906493,47.8840245,0
              17.3907351,47.883823,0
              17.3911053,47.8837223,0
              17.3915076,47.8837403,0
              17.3919475,47.883877,0
              17.3928595,47.8841144,0
              17.3939431,47.8842655,0
              17.3940504,47.8843878,0
              17.3945385,47.8843662,0
              17.3946297,47.8845137,0
              17.3949194,47.8844706,0
            </coordinates>
          </LinearRing>
        </outerBoundaryIs>
      </Polygon>
    </Placemark>
    <Placemark>
      <name>Világirét</name>
      <Style>
        <LineStyle>
          <color>ff5ea683</color>
          <width>2</width>
        </LineStyle>
        <PolyStyle>
          <color>ff5ea683</color>
        </PolyStyle>
      </Style>
      <Polygon>
        <outerBoundaryIs>
          <LinearRing>
            <coordinates>
              17.4242306,47.9032966
              17.4221921,47.9008223,0
              17.42275,47.9004915,0
              17.4226427,47.8999736,0
              17.4223208,47.8995708,0
              17.4220419,47.8994269,0
              17.4222779,47.8990817,0
              17.4230504,47.8989234,0
              17.4244881,47.900808,0
              17.424016,47.9010957,0
              17.4245524,47.9030952,0
              17.4242306,47.9032966,0
            </coordinates>
          </LinearRing>
        </outerBoundaryIs>
      </Polygon>
    </Placemark>
    <Placemark>
      <name>Vízeső</name>
      <Style>
        <LineStyle>
          <color>ffcf4683</color>
          <width>2</width>
        </LineStyle>
        <PolyStyle>
          <color>ffcf4683</color>
        </PolyStyle>
      </Style>
      <Polygon>
        <outerBoundaryIs>
          <LinearRing>
            <coordinates>
              17.4259686,47.8833121
              17.425561,47.8822472,0
              17.425518,47.8809233,0
              17.4304318,47.8797576,0
              17.4305606,47.8803332,0
              17.4307537,47.8812399,0
              17.4312043,47.8823048,0
              17.4310327,47.882607,0
              17.4294877,47.8825494,0
              17.4285865,47.8824919,0
              17.4259686,47.8833121,0
            </coordinates>
          </LinearRing>
        </outerBoundaryIs>
      </Polygon>
    </Placemark>
    <Placemark>
      <name>Vízmű Feketeerdő</name>
      <Style>
        <LineStyle>
          <color>ff4d7718</color>
          <width>2</width>
        </LineStyle>
        <PolyStyle>
          <color>ff4d7718</color>
        </PolyStyle>
      </Style>
      <Polygon>
        <outerBoundaryIs>
          <LinearRing>
            <coordinates>
              17.2827333,47.9195022
              17.2772563,47.9175249,0
              17.2779912,47.9169604,0
              17.2828192,47.918794,0
              17.2827333,47.9195022,0
            </coordinates>
          </LinearRing>
        </outerBoundaryIs>
      </Polygon>
    </Placemark>
    <Placemark>
      <name>Zsejke bal</name>
      <Style>
        <LineStyle>
          <color>ff5714a0</color>
          <width>2</width>
        </LineStyle>
        <PolyStyle>
          <color>ff5714a0</color>
        </PolyStyle>
      </Style>
      <Polygon>
        <outerBoundaryIs>
          <LinearRing>
            <coordinates>
              17.5189018,47.8001407
              17.5106835,47.8004146,0
              17.5106406,47.7983534,0
              17.5100183,47.7983678,0
              17.5101042,47.7964219,0
              17.5104475,47.7961913,0
              17.5187516,47.7960471,0
              17.5189018,47.8001407,0
            </coordinates>
          </LinearRing>
        </outerBoundaryIs>
      </Polygon>
    </Placemark>
    <Placemark>
      <name>Zsejke jobb</name>
      <Style>
        <LineStyle>
          <color>ffba9750</color>
          <width>2</width>
        </LineStyle>
        <PolyStyle>
          <color>ffba9750</color>
        </PolyStyle>
      </Style>
      <Polygon>
        <outerBoundaryIs>
          <LinearRing>
            <coordinates>
              17.5105977,47.7961336
              17.5130224,47.7941804,0
              17.5130975,47.7961048,0
              17.5105977,47.7961336,0
            </coordinates>
          </LinearRing>
        </outerBoundaryIs>
      </Polygon>
    </Placemark>
    <Placemark>
      <name>Ásvány előtt jobbra 2</name>
      <Style>
        <LineStyle>
          <color>ffe81435</color>
          <width>2</width>
        </LineStyle>
        <PolyStyle>
          <color>ffe81435</color>
        </PolyStyle>
      </Style>
      <Polygon>
        <outerBoundaryIs>
          <LinearRing>
            <coordinates>
              17.4802036488153,47.82612574211117
              17.47984393684279,47.82609953717409,0
              17.47967343016346,47.82587916706377,0
              17.47958995904158,47.8257309308034,0
              17.47947990652987,47.82566507820167,0
              17.47922519240776,47.82552797040454,0
              17.478923608868,47.82555149475864,0
              17.47892465611049,47.82556581984,0
              17.4785435713008,47.82570583924045,0
              17.47761778500612,47.82418537884168,0
              17.47760929328885,47.8241912440089,0
              17.47872712542368,47.8238771426602,0
              17.48020364881534,47.82612574211117,0
            </coordinates>
          </LinearRing>
        </outerBoundaryIs>
      </Polygon>
    </Placemark>
    <Placemark>
      <name>Hosszúnyilas HM</name>
      <Style>
        <LineStyle>
          <color>ff5b2aec</color>
          <width>2</width>
        </LineStyle>
        <PolyStyle>
          <color>ff5b2aec</color>
        </PolyStyle>
      </Style>
      <Polygon>
        <outerBoundaryIs>
          <LinearRing>
            <coordinates>
              17.3867011,47.7924145
              17.3956275,47.7854369,0
              17.3957777,47.7852206,0
              17.3984385,47.7867921,0
              17.389555,47.7935389,0
              17.3884177,47.7929046,0
              17.3867011,47.7924145,0
            </coordinates>
          </LinearRing>
        </outerBoundaryIs>
      </Polygon>
    </Placemark>
    <Placemark>
      <name>Püski föld kicsi</name>
      <Style>
        <LineStyle>
          <color>ff0a42dc</color>
          <width>2</width>
        </LineStyle>
        <PolyStyle>
          <color>ff0a42dc</color>
        </PolyStyle>
      </Style>
      <Polygon>
        <outerBoundaryIs>
          <LinearRing>
            <coordinates>
              17.4102829294731,47.88413486924471
              17.41314113886636,47.88287028400275,0
              17.41253231865829,47.8821152862223,0
              17.41773044010677,47.88008317654251,0
              17.42123977185145,47.88427188216282,0
              17.41311975576477,47.88710373305908,0
              17.41028292947314,47.88413486924471,0
            </coordinates>
          </LinearRing>
        </outerBoundaryIs>
      </Polygon>
    </Placemark>
    <Placemark>
      <name>Gulyálás</name>
      <Style>
        <LineStyle>
          <color>ffa09570</color>
          <width>2</width>
        </LineStyle>
        <PolyStyle>
          <color>ffa09570</color>
        </PolyStyle>
      </Style>
      <Polygon>
        <outerBoundaryIs>
          <LinearRing>
            <coordinates>
              17.2094297922901,47.77269485464716
              17.21342948823621,47.76900696397623,0
              17.21419604490137,47.76963579203665,0
              17.21022033170292,47.77334589872032,0
              17.20942979229011,47.77269485464716,0
            </coordinates>
          </LinearRing>
        </outerBoundaryIs>
      </Polygon>
    </Placemark>
    <Placemark>
      <name>Agg-Duna kicsi</name>
      <Style>
        <LineStyle>
          <color>ffc14695</color>
          <width>2</width>
        </LineStyle>
        <PolyStyle>
          <color>ffc14695</color>
        </PolyStyle>
      </Style>
      <Polygon>
        <outerBoundaryIs>
          <LinearRing>
            <coordinates>
              17.4186087,47.8920752
              17.4189734,47.8912694,0
              17.4225354,47.892032,0
              17.4228787,47.8926219,0
              17.4221063,47.8924349,0
              17.4218702,47.8927946,0
              17.4186087,47.8920752,0
            </coordinates>
          </LinearRing>
        </outerBoundaryIs>
      </Polygon>
    </Placemark>
    <Placemark>
      <name>Agg-Duna nagy</name>
      <Style>
        <LineStyle>
          <color>ff368264</color>
          <width>2</width>
        </LineStyle>
        <PolyStyle>
          <color>ff368264</color>
        </PolyStyle>
      </Style>
      <Polygon>
        <outerBoundaryIs>
          <LinearRing>
            <coordinates>
              17.4191666,47.8908953
              17.4192953,47.8903918,0
              17.420733,47.8899025,0
              17.4215484,47.890032,0
              17.4169779,47.8859167,0
              17.4182224,47.8854707,0
              17.4196815,47.8868377,0
              17.4204326,47.8858592,0
              17.4211192,47.8855858,0
              17.4227715,47.8856002,0
              17.4222565,47.8862045,0
              17.4220204,47.8870247,0
              17.419982,47.8868809,0
              17.4198532,47.8874852,0
              17.420218,47.8879313,0
              17.4222136,47.8881903,0
              17.4219346,47.8903198,0
              17.421999,47.8910248,0
              17.4223638,47.8917299,0
              17.4191666,47.8908953,0
            </coordinates>
          </LinearRing>
        </outerBoundaryIs>
      </Polygon>
    </Placemark>
    <Placemark>
      <name>Allesdorfi</name>
      <Style>
        <LineStyle>
          <color>ff1788ab</color>
          <width>2</width>
        </LineStyle>
        <PolyStyle>
          <color>ff1788ab</color>
        </PolyStyle>
      </Style>
      <Polygon>
        <outerBoundaryIs>
          <LinearRing>
            <coordinates>
              17.2777176,47.8283187
              17.2779644,47.828434,0
              17.2722459,47.8335621,0
              17.2711623,47.8329788,0
              17.2756255,47.8288878,0
              17.2777176,47.8283187,0
            </coordinates>
          </LinearRing>
        </outerBoundaryIs>
      </Polygon>
    </Placemark>
    <Placemark>
      <name>Angol mellett</name>
      <Style>
        <LineStyle>
          <color>ff49e166</color>
          <width>2</width>
        </LineStyle>
        <PolyStyle>
          <color>ff49e166</color>
        </PolyStyle>
      </Style>
      <Polygon>
        <outerBoundaryIs>
          <LinearRing>
            <coordinates>
              17.4012709,47.8908018
              17.400434,47.890032,0
              17.4013567,47.8895788,0
              17.4023652,47.8904709,0
              17.4012709,47.8908018,0
            </coordinates>
          </LinearRing>
        </outerBoundaryIs>
      </Polygon>
    </Placemark>
    <Placemark>
      <name>Ároki</name>
      <Style>
        <LineStyle>
          <color>ff52e062</color>
          <width>2</width>
        </LineStyle>
        <PolyStyle>
          <color>ff52e062</color>
        </PolyStyle>
      </Style>
      <Polygon>
        <outerBoundaryIs>
          <LinearRing>
            <coordinates>
              17.4520183,47.8410446
              17.4465466,47.8395036,0
              17.4491429,47.836911,0
              17.4539709,47.8381929,0
              17.4531984,47.8389995,0
              17.4536705,47.83959,0
              17.4520183,47.8410446,0
            </coordinates>
          </LinearRing>
        </outerBoundaryIs>
      </Polygon>
    </Placemark>
    <Placemark>
      <name>Ásvány előtt balra</name>
      <Style>
        <LineStyle>
          <color>ff172fd4</color>
          <width>2</width>
        </LineStyle>
        <PolyStyle>
          <color>ff172fd4</color>
        </PolyStyle>
      </Style>
      <Polygon>
        <outerBoundaryIs>
          <LinearRing>
            <coordinates>
              17.4791515,47.8290966
              17.4802673,47.8286933,0
              17.4827564,47.8273968,0
              17.4842799,47.8297881,0
              17.4826813,47.8314591,0
              17.4825525,47.83192,0
              17.4809325,47.8317904,0
              17.4791515,47.8290966,0
            </coordinates>
          </LinearRing>
        </outerBoundaryIs>
      </Polygon>
    </Placemark>
    <Placemark>
      <name>Ásvány előtt jobbra 1</name>
      <Style>
        <LineStyle>
          <color>ff460ce8</color>
          <width>2</width>
        </LineStyle>
        <PolyStyle>
          <color>ff460ce8</color>
        </PolyStyle>
      </Style>
      <Polygon>
        <outerBoundaryIs>
          <LinearRing>
            <coordinates>
              17.482928,47.8269502
              17.4792588,47.8287941,0
              17.47627334893689,47.82946865228914,0
              17.47343029733706,47.82527528611624,0
              17.47666860311631,47.82443639009848,0
              17.47812518674574,47.82650013293549,0
              17.4778318,47.8266548,0
              17.4776495,47.8270006,0
              17.4777567,47.82725989999999,0
              17.4783468,47.8272815,0
              17.4789047,47.8271158,0
              17.479409,47.8268998,0
              17.4796665,47.8269358,0
              17.4801707,47.8270006,0
              17.4804819,47.8267053,0
              17.4805892,47.8263091,0
              17.4821556,47.82579770000001,0
              17.482928,47.8269502,0
            </coordinates>
          </LinearRing>
        </outerBoundaryIs>
      </Polygon>
    </Placemark>
    <Placemark>
      <name>Autópályai</name>
      <Style>
        <LineStyle>
          <color>ff1c2a92</color>
          <width>2</width>
        </LineStyle>
        <PolyStyle>
          <color>ff1c2a92</color>
        </PolyStyle>
      </Style>
      <Polygon>
        <outerBoundaryIs>
          <LinearRing>
            <coordinates>
              17.2749067,47.8286138
              17.2744775,47.8259343,0
              17.2854639,47.816627,0
              17.288146,47.8178662,0
              17.2790695,47.8273317,0
              17.2749067,47.8286138,0
            </coordinates>
          </LinearRing>
        </outerBoundaryIs>
      </Polygon>
    </Placemark>
    <Placemark>
      <name>Bagics</name>
      <Style>
        <LineStyle>
          <color>ff863afc</color>
          <width>2</width>
        </LineStyle>
        <PolyStyle>
          <color>ff863afc</color>
        </PolyStyle>
      </Style>
      <Polygon>
        <outerBoundaryIs>
          <LinearRing>
            <coordinates>
              17.4620605,47.8447026
              17.4600649,47.8432913,0
              17.4643779,47.8388554,0
              17.4642706,47.8386682,0
              17.4648285,47.8380489,0
              17.4659228,47.8384234,0
              17.4665666,47.8389419,0
              17.4671674,47.8396332,0
              17.4681974,47.8402525,0
              17.4643135,47.8440834,0
              17.4620605,47.8447026,0
            </coordinates>
          </LinearRing>
        </outerBoundaryIs>
      </Polygon>
    </Placemark>
    <Placemark>
      <name>Belső Károlymajor</name>
      <Style>
        <LineStyle>
          <color>ff656e7c</color>
          <width>2</width>
        </LineStyle>
        <PolyStyle>
          <color>ff656e7c</color>
        </PolyStyle>
      </Style>
      <Polygon>
        <outerBoundaryIs>
          <LinearRing>
            <coordinates>
              17.4909103,47.8125061
              17.4874341,47.8162598,0
              17.4859536,47.8154096,0
              17.4843335,47.8141992,0
              17.4849021,47.8134139,0
              17.4854279,47.8135868,0
              17.4858463,47.8137309,0
              17.4864578,47.813875,0
              17.4868655,47.8139038,0
              17.4870265,47.8137381,0
              17.4860072,47.813277,0
              17.4852133,47.8128807,0
              17.4853528,47.8124556,0
              17.4854064,47.8122035,0
              17.4850845,47.8117856,0
              17.4859965,47.8111587,0
              17.4866509,47.8105174,0
              17.4877131,47.8108345,0
              17.4881315,47.8104094,0
              17.4888182,47.810676,0
              17.4892795,47.8110146,0
              17.4897087,47.8116054,0
              17.4897838,47.8118864,0
              17.4901271,47.8122179,0
              17.4909103,47.8125061,0
            </coordinates>
          </LinearRing>
        </outerBoundaryIs>
      </Polygon>
    </Placemark>
    <Placemark>
      <name>Belső kerekes</name>
      <Style>
        <LineStyle>
          <color>ff3be59d</color>
          <width>2</width>
        </LineStyle>
        <PolyStyle>
          <color>ff3be59d</color>
        </PolyStyle>
      </Style>
      <Polygon>
        <outerBoundaryIs>
          <LinearRing>
            <coordinates>
              17.482338,47.808644
              17.4811471,47.8088458,0
              17.479291,47.8089683,0
              17.4782825,47.8090115,0
              17.4767697,47.8088386,0
              17.4757183,47.8085215,0
              17.4752676,47.8082405,0
              17.4750531,47.8077793,0
              17.4750638,47.8072821,0
              17.4752998,47.8068354,0
              17.4758792,47.8065039,0
              17.4766409,47.8064463,0
              17.4774992,47.806576,0
              17.4784648,47.8070155,0
              17.4791515,47.8073614,0
              17.4796879,47.8078586,0
              17.480042,47.8080748,0
              17.4808466,47.8082045,0
              17.4824452,47.8084567,0
              17.4823701,47.8085864,0
              17.482338,47.808644,0
            </coordinates>
          </LinearRing>
        </outerBoundaryIs>
      </Polygon>
    </Placemark>
    <Placemark>
      <name>Bögyöleg</name>
      <Style>
        <LineStyle>
          <color>ff26c3ac</color>
          <width>2</width>
        </LineStyle>
        <PolyStyle>
          <color>ff26c3ac</color>
        </PolyStyle>
      </Style>
      <Polygon>
        <outerBoundaryIs>
          <LinearRing>
            <coordinates>
              17.4676867201364,47.83827354868261
              17.46751721740758,47.83789184014469,0
              17.46770202421764,47.83760546079043,0
              17.46786914968522,47.83733375353638,0
              17.46777115507919,47.83699530593033,0
              17.46793715150406,47.83665771907785,0
              17.46835606967675,47.83644179726684,0
              17.46867325528689,47.83630270375613,0
              17.46904227092416,47.83646228638427,0
              17.46890394201798,47.83666115066095,0
              17.46879176559356,47.8368438483044,0
              17.46876142753855,47.83710805345424,0
              17.46880177362274,47.83731796195426,0
              17.46911337415814,47.83753045051668,0
              17.46935743637248,47.83771458932957,0
              17.46973250930033,47.83781830548007,0
              17.46998283548325,47.83800615560888,0
              17.47006563004322,47.83833276688108,0
              17.46980918635646,47.83861329714856,0
              17.46941311357288,47.83881917503777,0
              17.4690122144874,47.83900354319508,0
              17.46865308169781,47.83910218753768,0
              17.46829635358278,47.83899284778101,0
              17.46789747308425,47.83890159465661,0
              17.46762607609919,47.83898093823123,0
            </coordinates>
          </LinearRing>
        </outerBoundaryIs>
      </Polygon>
    </Placemark>
    <Placemark>
      <name>Benzinkút mögött</name>
      <Style>
        <LineStyle>
          <color>ff4aaf19</color>
          <width>2</width>
        </LineStyle>
        <PolyStyle>
          <color>ff4aaf19</color>
        </PolyStyle>
      </Style>
      <Polygon>
        <outerBoundaryIs>
          <LinearRing>
            <coordinates>
              17.4710727,47.8352186
              17.4704504,47.8353987,0
              17.4700534,47.8355715,0
              17.4692166,47.8364717,0
              17.4690878,47.8365293,0
              17.4689698,47.8364213,0
              17.4684656,47.835838,0
              17.4677682,47.8353915,0
              17.4676824,47.8344696,0
              17.4672747,47.8339511,0
              17.4673069,47.833843,0
              17.4682724,47.8334685,0
              17.4684012,47.8333677,0
              17.4684119,47.8331948,0
              17.4682832,47.833022,0
              17.4688625,47.8327843,0
              17.4689698,47.8326907,0
              17.4689806,47.8325898,0
              17.4693775,47.832489,0
              17.4710727,47.8352186,0
            </coordinates>
          </LinearRing>
        </outerBoundaryIs>
      </Polygon>
    </Placemark>
    <Placemark>
      <name>Biotechnikai - LM</name>
      <Style>
        <LineStyle>
          <color>ff5200b8</color>
          <width>2</width>
        </LineStyle>
        <PolyStyle>
          <color>ff5200b8</color>
        </PolyStyle>
      </Style>
      <Polygon>
        <outerBoundaryIs>
          <LinearRing>
            <coordinates>
              17.2356391,47.850398
              17.2393727,47.8473884,0
              17.2417867,47.848418,0
              17.2375918,47.8515643,0
              17.2356391,47.850398,0
            </coordinates>
          </LinearRing>
        </outerBoundaryIs>
      </Polygon>
    </Placemark>
    <Placemark>
      <name>Biotechnikai - SA</name>
      <Style>
        <LineStyle>
          <color>ffbbb26a</color>
          <width>2</width>
        </LineStyle>
        <PolyStyle>
          <color>ffbbb26a</color>
        </PolyStyle>
      </Style>
      <Polygon>
        <outerBoundaryIs>
          <LinearRing>
            <coordinates>
              17.2418189,47.8484684
              17.2431707,47.8490012,0
              17.2390187,47.8524283,0
              17.2375703,47.8516579,0
              17.2418189,47.8484684,0
            </coordinates>
          </LinearRing>
        </outerBoundaryIs>
      </Polygon>
    </Placemark>
    <Placemark>
      <name>Birkahíd 1</name>
      <Style>
        <LineStyle>
          <color>ffeb2a7b</color>
          <width>2</width>
        </LineStyle>
        <PolyStyle>
          <color>ffeb2a7b</color>
        </PolyStyle>
      </Style>
      <Polygon>
        <outerBoundaryIs>
          <LinearRing>
            <coordinates>
              17.4410641,47.8326187
              17.441268,47.8327915,0
              17.4478555,47.8346064,0
              17.4463534,47.8368534,0
              17.4450231,47.8382073,0
              17.4435639,47.8395324,0
              17.4426627,47.8402957,0
              17.4421048,47.8402669,0
              17.4416113,47.839662,0
              17.4407744,47.8389707,0
              17.439723,47.8384378,0
              17.4383068,47.8383513,0
              17.4374485,47.8384378,0
              17.4369979,47.8381929,0
              17.4368906,47.8378472,0
              17.4376416,47.8360324,0
              17.4381137,47.8354563,0
              17.4387789,47.8350098,0
              17.4396586,47.8342607,0
              17.4403453,47.8336126,0
              17.4410641,47.8326187,0
            </coordinates>
          </LinearRing>
        </outerBoundaryIs>
      </Polygon>
    </Placemark>
    <Placemark>
      <name>Bírótanya - LM</name>
      <Style>
        <LineStyle>
          <color>ff88778d</color>
          <width>2</width>
        </LineStyle>
        <PolyStyle>
          <color>ff88778d</color>
        </PolyStyle>
      </Style>
      <Polygon>
        <outerBoundaryIs>
          <LinearRing>
            <coordinates>
              17.1662879,47.8304723
              17.1651936,47.8298673,0
              17.1708584,47.8242346,0
              17.1720386,47.8247244,0
              17.1662879,47.8304723,0
            </coordinates>
          </LinearRing>
        </outerBoundaryIs>
      </Polygon>
    </Placemark>
    <Placemark>
      <name>Bírótanya - SA</name>
      <Style>
        <LineStyle>
          <color>ff6c0028</color>
          <width>2</width>
        </LineStyle>
        <PolyStyle>
          <color>ff6c0028</color>
        </PolyStyle>
      </Style>
      <Polygon>
        <outerBoundaryIs>
          <LinearRing>
            <coordinates>
              17.1643353,47.829464
              17.169764,47.8237447,0
              17.1709228,47.824249,0
              17.1652365,47.8299249,0
              17.1643353,47.829464,0
            </coordinates>
          </LinearRing>
        </outerBoundaryIs>
      </Polygon>
    </Placemark>
    <Placemark>
      <name>Bordacsipart</name>
      <Style>
        <LineStyle>
          <color>ff8b07b1</color>
          <width>2</width>
        </LineStyle>
        <PolyStyle>
          <color>ff8b07b1</color>
        </PolyStyle>
      </Style>
      <Polygon>
        <outerBoundaryIs>
          <LinearRing>
            <coordinates>
              17.3132515,47.8157194
              17.3107624,47.8170162,0
              17.3071039,47.8139687,0
              17.3103118,47.8130536,0
              17.3132515,47.8157194,0
            </coordinates>
          </LinearRing>
        </outerBoundaryIs>
      </Polygon>
    </Placemark>
    <Placemark>
      <name>Bumi</name>
      <Style>
        <LineStyle>
          <color>ff1f34cd</color>
          <width>2</width>
        </LineStyle>
        <PolyStyle>
          <color>ff1f34cd</color>
        </PolyStyle>
      </Style>
      <Polygon>
        <outerBoundaryIs>
          <LinearRing>
            <coordinates>
              17.4525118,47.8413183
              17.450881,47.8429169,0
              17.4492073,47.8426288,0
              17.4477053,47.8424416,0
              17.4473619,47.8429601,0
              17.4434352,47.8419375,0
              17.4446797,47.8406125,0
              17.4460316,47.8408862,0
              17.4470401,47.8398924,0
              17.4525118,47.8413183,0
            </coordinates>
          </LinearRing>
        </outerBoundaryIs>
      </Polygon>
    </Placemark>
    <Placemark>
      <name>Cinek</name>
      <Style>
        <LineStyle>
          <color>ffe22d08</color>
          <width>2</width>
        </LineStyle>
        <PolyStyle>
          <color>ffe22d08</color>
        </PolyStyle>
      </Style>
      <Polygon>
        <outerBoundaryIs>
          <LinearRing>
            <coordinates>
              17.3976016,47.8838662
              17.3976445,47.883787,0
              17.3979396,47.8836719,0
              17.398138,47.8835244,0
              17.3983365,47.8831359,0
              17.3986101,47.8830171,0
              17.3989588,47.882884,0
              17.3991197,47.8826574,0
              17.3989588,47.8824811,0
              17.3991197,47.8823156,0
              17.3998117,47.8818947,0
              17.4002409,47.881758,0
              17.4006164,47.8818047,0
              17.4008042,47.882366,0
              17.400713,47.8828409,0
              17.4003053,47.8830135,0
              17.3999619,47.8831431,0
              17.3999244,47.8832834,0
              17.3992217,47.8832474,0
              17.3988032,47.8834704,0
              17.398476,47.8835244,0
              17.3985618,47.8836467,0
              17.3976606,47.8838662,0
              17.3976016,47.8838662,0
            </coordinates>
          </LinearRing>
        </outerBoundaryIs>
      </Polygon>
    </Placemark>
    <Placemark>
      <name>Csöndérlósziget 1</name>
      <Style>
        <LineStyle>
          <color>fffe886a</color>
          <width>2</width>
        </LineStyle>
        <PolyStyle>
          <color>fffe886a</color>
        </PolyStyle>
      </Style>
      <Polygon>
        <outerBoundaryIs>
          <LinearRing>
            <coordinates>
              17.4039745,47.9030305
              17.4033844,47.9032319,0
              17.4021828,47.9033973,0
              17.4016356,47.9033398,0
              17.4009275,47.9031671,0
              17.4000263,47.9027644,0
              17.3990607,47.9015344,0
              17.3992646,47.9006857,0
              17.3994577,47.8998945,0
              17.3999405,47.8991824,0
              17.4006701,47.8985925,0
              17.4009168,47.8988371,0
              17.4039745,47.9030305,0
            </coordinates>
          </LinearRing>
        </outerBoundaryIs>
      </Polygon>
    </Placemark>
    <Placemark>
      <name>Csöndérlósziget 2</name>
      <Style>
        <LineStyle>
          <color>ff5262c7</color>
          <width>2</width>
        </LineStyle>
        <PolyStyle>
          <color>ff5262c7</color>
        </PolyStyle>
      </Style>
      <Polygon>
        <outerBoundaryIs>
          <LinearRing>
            <coordinates>
              17.4051654,47.9045912
              17.4044895,47.9050084,0
              17.4038565,47.9052385,0
              17.4031913,47.9054039,0
              17.4023223,47.9054687,0
              17.4013889,47.9053176,0
              17.4007344,47.9050515,0
              17.4003911,47.90462,0
              17.4006057,47.9042244,0
              17.4013782,47.9034261,0
              17.4021077,47.9034692,0
              17.402848,47.9034045,0
              17.4040282,47.9031024,0
              17.4051654,47.9045912,0
            </coordinates>
          </LinearRing>
        </outerBoundaryIs>
      </Polygon>
    </Placemark>
    <Placemark>
      <name>Darnói kicsi 1 K+F</name>
      <Style>
        <LineStyle>
          <color>ff745e69</color>
          <width>2</width>
        </LineStyle>
        <PolyStyle>
          <color>ff745e69</color>
        </PolyStyle>
      </Style>
      <Polygon>
        <outerBoundaryIs>
          <LinearRing>
            <coordinates>
              17.4476141,47.8357804
              17.4476945,47.8356039,0
              17.451396,47.8365977,0
              17.451219,47.8367742,0
              17.4476141,47.8357804,0
            </coordinates>
          </LinearRing>
        </outerBoundaryIs>
      </Polygon>
    </Placemark>
    <Placemark>
      <name>Darnói kicsi 2</name>
      <Style>
        <LineStyle>
          <color>ff2a1f38</color>
          <width>2</width>
        </LineStyle>
        <PolyStyle>
          <color>ff2a1f38</color>
        </PolyStyle>
      </Style>
      <Polygon>
        <outerBoundaryIs>
          <LinearRing>
            <coordinates>
              17.4484617,47.8345488
              17.4523079,47.8357191,0
              17.4521363,47.8358524,0
              17.4483222,47.8346749,0
              17.4484617,47.8345488,0
            </coordinates>
          </LinearRing>
        </outerBoundaryIs>
      </Polygon>
    </Placemark>
    <Placemark>
      <name>Darnói kicsi 3</name>
      <Style>
        <LineStyle>
          <color>ff70c7ac</color>
          <width>2</width>
        </LineStyle>
        <PolyStyle>
          <color>ff70c7ac</color>
        </PolyStyle>
      </Style>
      <Polygon>
        <outerBoundaryIs>
          <LinearRing>
            <coordinates>
              17.4484617,47.8345488
              17.4486601,47.8343976,0
              17.4524689,47.8355535,0
              17.4523079,47.8357191,0
              17.4484617,47.8345488,0
            </coordinates>
          </LinearRing>
        </outerBoundaryIs>
      </Polygon>
    </Placemark>
    <Placemark>
      <name>Darnói kicsi 4</name>
      <Style>
        <LineStyle>
          <color>ffdee999</color>
          <width>2</width>
        </LineStyle>
        <PolyStyle>
          <color>ffdee999</color>
        </PolyStyle>
      </Style>
      <Polygon>
        <outerBoundaryIs>
          <LinearRing>
            <coordinates>
              17.449041,47.8340447
              17.4492449,47.8339114,0
              17.4529999,47.8350818,0
              17.452839,47.835233,0
              17.449041,47.8340447,0
            </coordinates>
          </LinearRing>
        </outerBoundaryIs>
      </Polygon>
    </Placemark>
    <Placemark>
      <name>Faluerdő</name>
      <Style>
        <LineStyle>
          <color>ff241094</color>
          <width>2</width>
        </LineStyle>
        <PolyStyle>
          <color>ff241094</color>
        </PolyStyle>
      </Style>
      <Polygon>
        <outerBoundaryIs>
          <LinearRing>
            <coordinates>
              17.4369965747132,47.88313324971067
              17.43647377833616,47.88230069401024,0
              17.43799376655037,47.88171595630237,0
              17.4386358153275,47.88237221119049,0
              17.43699657471325,47.88313324971067,0
            </coordinates>
          </LinearRing>
        </outerBoundaryIs>
      </Polygon>
    </Placemark>
    <Placemark>
      <name>Félholdak</name>
      <Style>
        <LineStyle>
          <color>ff9c8f32</color>
          <width>2</width>
        </LineStyle>
        <PolyStyle>
          <color>ff9c8f32</color>
        </PolyStyle>
      </Style>
      <Polygon>
        <outerBoundaryIs>
          <LinearRing>
            <coordinates>
              17.392956,47.9099204
              17.3928058,47.9097047,0
              17.3928595,47.9093523,0
              17.3939645,47.907691,0
              17.3947906,47.9072235,0
              17.3949301,47.9067129,0
              17.3945868,47.9055334,0
              17.3958313,47.9051882,0
              17.3966789,47.9061375,0
              17.3966038,47.9066482,0
              17.3975158,47.9063821,0
              17.3982882,47.9072523,0
              17.3969686,47.9077126,0
              17.396518,47.9081513,0
              17.3954022,47.9089639,0
              17.3949838,47.9092588,0
              17.3935246,47.9098269,0
              17.392956,47.9099204,0
            </coordinates>
          </LinearRing>
        </outerBoundaryIs>
      </Polygon>
    </Placemark>
    <Placemark>
      <name>Gyári tábla 3</name>
      <Style>
        <LineStyle>
          <color>ffa44baf</color>
          <width>2</width>
        </LineStyle>
        <PolyStyle>
          <color>ffa44baf</color>
        </PolyStyle>
      </Style>
      <Polygon>
        <outerBoundaryIs>
          <LinearRing>
            <coordinates>
              17.4504197,47.8254879
              17.4513423,47.8227578,0
              17.4515891,47.8225849,0
              17.4525332,47.8226714,0
              17.453059,47.8227794,0
              17.4537134,47.8228227,0
              17.4529195,47.8236799,0
              17.4535739,47.8260642,0
              17.4534345,47.8261938,0
              17.4512243,47.8260354,0
              17.4509668,47.8257328,0
              17.4510205,47.8255744,0
              17.4504197,47.8254879,0
            </coordinates>
          </LinearRing>
        </outerBoundaryIs>
      </Polygon>
    </Placemark>
    <Placemark>
      <name>Gyári tábla 4 gyep</name>
      <Style>
        <LineStyle>
          <color>ff1af0b8</color>
          <width>2</width>
        </LineStyle>
        <PolyStyle>
          <color>ff1af0b8</color>
        </PolyStyle>
      </Style>
      <Polygon>
        <outerBoundaryIs>
          <LinearRing>
            <coordinates>
              17.4491751,47.8238096
              17.4494433,47.8220375,0
              17.4498349,47.8219114,0
              17.4502105,47.8218358,0
              17.4505162,47.8219582,0
              17.4508274,47.8219762,0
              17.4506825,47.8228011,0
              17.4503553,47.823914,0
              17.4491751,47.8238096,0
            </coordinates>
          </LinearRing>
        </outerBoundaryIs>
      </Polygon>
    </Placemark>
    <Placemark>
      <name>Gyöpföld</name>
      <Style>
        <LineStyle>
          <color>ff5f853b</color>
          <width>2</width>
        </LineStyle>
        <PolyStyle>
          <color>ff5f853b</color>
        </PolyStyle>
      </Style>
      <Polygon>
        <outerBoundaryIs>
          <LinearRing>
            <coordinates>
              17.3800063,47.8994773
              17.3831284,47.8976215,0
              17.3862183,47.8983839,0
              17.3875058,47.8987436,0
              17.3884606,47.8990673,0
              17.388922,47.899506,0
              17.3890507,47.9000455,0
              17.3890078,47.9005634,0
              17.388804,47.9011604,0
              17.388407,47.9015992,0
              17.3877096,47.9018149,0
              17.387141,47.902117,0
              17.386744,47.903311,0
              17.3800063,47.8994773,0
            </coordinates>
          </LinearRing>
        </outerBoundaryIs>
      </Polygon>
    </Placemark>
    <Placemark>
      <name>Gyümölcsösi lósziget kicsi</name>
      <Style>
        <LineStyle>
          <color>ffe46750</color>
          <width>2</width>
        </LineStyle>
        <PolyStyle>
          <color>ffe46750</color>
        </PolyStyle>
      </Style>
      <Polygon>
        <outerBoundaryIs>
          <LinearRing>
            <coordinates>
              17.4041891,47.9029945
              17.4058843,47.9024767,0
              17.4076653,47.9049652,0
              17.4074507,47.9054399,0
              17.4079227,47.9056125,0
              17.4066567,47.9061447,0
              17.4060988,47.905368,0
              17.4058199,47.9054255,0
              17.4041891,47.9029945,0
            </coordinates>
          </LinearRing>
        </outerBoundaryIs>
      </Polygon>
    </Placemark>
    <Placemark>
      <name>Gyümölcsösi lósziget nagy</name>
      <Style>
        <LineStyle>
          <color>ff71740b</color>
          <width>2</width>
        </LineStyle>
        <PolyStyle>
          <color>ff71740b</color>
        </PolyStyle>
      </Style>
      <Polygon>
        <outerBoundaryIs>
          <LinearRing>
            <coordinates>
              17.4078798,47.9047638
              17.4068069,47.9032247,0
              17.4076653,47.9029226,0
              17.4092102,47.9030377,0
              17.4108624,47.9034117,0
              17.4116135,47.9031384,0
              17.4124932,47.903498,0
              17.413094,47.9040734,0
              17.4134374,47.9050228,0
              17.413373,47.9057132,0
              17.4132228,47.9063317,0
              17.4135661,47.9064468,0
              17.4138665,47.9060009,0
              17.4138236,47.904807,0
              17.4137592,47.9041885,0
              17.4131799,47.9038145,0
              17.412858,47.903498,0
              17.4142098,47.9029514,0
              17.4172568,47.9070941,0
              17.4157119,47.9075831,0
              17.4137592,47.9075687,0
              17.4109912,47.9041597,0
              17.409339,47.9049077,0
              17.4084163,47.9047207,0
              17.4078798,47.9047638,0
            </coordinates>
          </LinearRing>
        </outerBoundaryIs>
      </Polygon>
    </Placemark>
    <Placemark>
      <name>Hatrendes</name>
      <Style>
        <LineStyle>
          <color>fff3f991</color>
          <width>2</width>
        </LineStyle>
        <PolyStyle>
          <color>fff3f991</color>
        </PolyStyle>
      </Style>
      <Polygon>
        <outerBoundaryIs>
          <LinearRing>
            <coordinates>
              17.4056214,47.896769
              17.4043286,47.897082,0
              17.4037814,47.8965892,0
              17.4048382,47.8959562,0
              17.4056214,47.896769,0
            </coordinates>
          </LinearRing>
        </outerBoundaryIs>
      </Polygon>
    </Placemark>
    <Placemark>
      <name>Hétrendes</name>
      <Style>
        <LineStyle>
          <color>ff1a45b0</color>
          <width>2</width>
        </LineStyle>
        <PolyStyle>
          <color>ff1a45b0</color>
        </PolyStyle>
      </Style>
      <Polygon>
        <outerBoundaryIs>
          <LinearRing>
            <coordinates>
              17.4175894,47.9072451
              17.414757,47.9035052,0
              17.4170423,47.9027212,0
              17.4175036,47.9033398,0
              17.4182761,47.9040446,0
              17.4190593,47.9038432,0
              17.4196815,47.9038216,0
              17.4198747,47.9040734,0
              17.419821,47.9043323,0
              17.4199283,47.9049652,0
              17.419821,47.9054399,0
              17.4200356,47.9058786,0
              17.4202931,47.9062023,0
              17.4204969,47.9064396,0
              17.4204648,47.9065187,0
              17.4175894,47.9072451,0
            </coordinates>
          </LinearRing>
        </outerBoundaryIs>
      </Polygon>
    </Placemark>
    <Placemark>
      <name>Hétrendes gyep</name>
      <Style>
        <LineStyle>
          <color>fffa8857</color>
          <width>2</width>
        </LineStyle>
        <PolyStyle>
          <color>fffa8857</color>
        </PolyStyle>
      </Style>
      <Polygon>
        <outerBoundaryIs>
          <LinearRing>
            <coordinates>
              17.4170959,47.9025558
              17.4169135,47.9027068,0
              17.4166024,47.9026637,0
              17.4163556,47.9024191,0
              17.4158406,47.9021458,0
              17.4153042,47.9023975,0
              17.4142313,47.9027859,0
              17.4132013,47.9013114,0
              17.4168062,47.9001246,0
              17.4169993,47.900923,0
              17.4173105,47.9014337,0
              17.4179864,47.9022393,0
              17.4170959,47.9025558,0
            </coordinates>
          </LinearRing>
        </outerBoundaryIs>
      </Polygon>
    </Placemark>
    <Placemark>
      <name>Hosszúnyilas</name>
      <Style>
        <LineStyle>
          <color>ffc0dc90</color>
          <width>2</width>
        </LineStyle>
        <PolyStyle>
          <color>ffc0dc90</color>
        </PolyStyle>
      </Style>
      <Polygon>
        <outerBoundaryIs>
          <LinearRing>
            <coordinates>
              17.3867011,47.7924145
              17.3956275,47.7854369,0
              17.3957777,47.7852206,0
              17.3984385,47.7867921,0
              17.389555,47.7935389,0
              17.3884177,47.7929046,0
              17.3867011,47.7924145,0
            </coordinates>
          </LinearRing>
        </outerBoundaryIs>
      </Polygon>
    </Placemark>
    <Placemark>
      <name>Hosszúosztály 1</name>
      <Style>
        <LineStyle>
          <color>ff32f829</color>
          <width>2</width>
        </LineStyle>
        <PolyStyle>
          <color>ff32f829</color>
        </PolyStyle>
      </Style>
      <Polygon>
        <outerBoundaryIs>
          <LinearRing>
            <coordinates>
              17.364471,47.8977869
              17.3651147,47.8974992,0
              17.3725605,47.9017574,0
              17.37432,47.9011388,0
              17.3756075,47.9002757,0
              17.3766375,47.9009087,0
              17.3722386,47.9022321,0
              17.364471,47.8977869,0
            </coordinates>
          </LinearRing>
        </outerBoundaryIs>
      </Polygon>
    </Placemark>
    <Placemark>
      <name>Hosszúosztály 2</name>
      <Style>
        <LineStyle>
          <color>ffecab17</color>
          <width>2</width>
        </LineStyle>
        <PolyStyle>
          <color>ffecab17</color>
        </PolyStyle>
      </Style>
      <Polygon>
        <outerBoundaryIs>
          <LinearRing>
            <coordinates>
              17.3699427,47.9030089
              17.3620677,47.8986645,0
              17.3639131,47.8978732,0
              17.3718953,47.9023616,0
              17.3699427,47.9030089,0
            </coordinates>
          </LinearRing>
        </outerBoundaryIs>
      </Polygon>
    </Placemark>
    <Placemark>
      <name>Hosszúosztály 3</name>
      <Style>
        <LineStyle>
          <color>ff4c5f45</color>
          <width>2</width>
        </LineStyle>
        <PolyStyle>
          <color>ff4c5f45</color>
        </PolyStyle>
      </Style>
      <Polygon>
        <outerBoundaryIs>
          <LinearRing>
            <coordinates>
              17.3620248,47.9054111
              17.3582053,47.9029514,0
              17.3591065,47.9025342,0
              17.3597074,47.902189,0
              17.3600936,47.9015272,0
              17.360909,47.9006785,0
              17.3613596,47.8993262,0
              17.368505,47.9034261,0
              17.3622608,47.9053392,0
              17.3620248,47.9054111,0
            </coordinates>
          </LinearRing>
        </outerBoundaryIs>
      </Polygon>
    </Placemark>
    <Placemark>
      <name>Irtás</name>
      <Style>
        <LineStyle>
          <color>ffcc7ce7</color>
          <width>2</width>
        </LineStyle>
        <PolyStyle>
          <color>ffcc7ce7</color>
        </PolyStyle>
      </Style>
      <Polygon>
        <outerBoundaryIs>
          <LinearRing>
            <coordinates>
              17.4251103,47.8742454
              17.4244452,47.872547,0
              17.4257755,47.8721152,0
              17.426033,47.8720144,0
              17.4260116,47.8715826,0
              17.4262691,47.8713955,0
              17.4261189,47.8710788,0
              17.4296808,47.8705751,0
              17.4299598,47.8707766,0
              17.4300885,47.871194,0
              17.4291444,47.8721584,0
              17.4289727,47.8736984,0
              17.4253464,47.8742454,0
              17.4251103,47.8742454,0
            </coordinates>
          </LinearRing>
        </outerBoundaryIs>
      </Polygon>
    </Placemark>
    <Placemark>
      <name>Irtás kicsi</name>
      <Style>
        <LineStyle>
          <color>ff32951b</color>
          <width>2</width>
        </LineStyle>
        <PolyStyle>
          <color>ff32951b</color>
        </PolyStyle>
      </Style>
      <Polygon>
        <outerBoundaryIs>
          <LinearRing>
            <coordinates>
              17.4308717,47.8711508
              17.4307215,47.8709421,0
              17.4299061,47.8704383,0
              17.4333286,47.869841,0
              17.4334681,47.8702368,0
              17.4308717,47.8711508,0
            </coordinates>
          </LinearRing>
        </outerBoundaryIs>
      </Polygon>
    </Placemark>
    <Placemark>
      <name>Jegyzőföld 1</name>
      <Style>
        <LineStyle>
          <color>ffbaafdf</color>
          <width>2</width>
        </LineStyle>
        <PolyStyle>
          <color>ffbaafdf</color>
        </PolyStyle>
      </Style>
      <Polygon>
        <outerBoundaryIs>
          <LinearRing>
            <coordinates>
              17.4070215,47.8810528
              17.4057126,47.879772,0
              17.407515,47.8755119,0
              17.4081373,47.8744037,0
              17.4094033,47.8748499,0
              17.4129224,47.8788797,0
              17.4070215,47.8810528,0
            </coordinates>
          </LinearRing>
        </outerBoundaryIs>
      </Polygon>
    </Placemark>
    <Placemark>
      <name>Jegyzőföld füzesi</name>
      <Style>
        <LineStyle>
          <color>ff6a0f92</color>
          <width>2</width>
        </LineStyle>
        <PolyStyle>
          <color>ff6a0f92</color>
        </PolyStyle>
      </Style>
      <Polygon>
        <outerBoundaryIs>
          <LinearRing>
            <coordinates>
              17.4214196,47.8785199
              17.4199176,47.8764475,0
              17.4214411,47.874706,0
              17.4214625,47.8737272,0
              17.4225998,47.8720288,0
              17.4236512,47.8707046,0
              17.4238014,47.870719,0
              17.4250245,47.8743749,0
              17.4258184,47.8766346,0
              17.4260545,47.8790812,0
              17.4219131,47.8785487,0
              17.4214196,47.8785199,0
            </coordinates>
          </LinearRing>
        </outerBoundaryIs>
      </Polygon>
    </Placemark>
    <Placemark>
      <name>Kápolna-Délő</name>
      <Style>
        <LineStyle>
          <color>ff3a751c</color>
          <width>2</width>
        </LineStyle>
        <PolyStyle>
          <color>ff3a751c</color>
        </PolyStyle>
      </Style>
      <Polygon>
        <outerBoundaryIs>
          <LinearRing>
            <coordinates>
              17.3784614,47.9003476
              17.3837614,47.903872,0
              17.3827744,47.9047063,0
              17.3828387,47.9052241,0
              17.3837399,47.906116,0
              17.3826456,47.9074249,0
              17.3808217,47.9086043,0
              17.3796415,47.909266,0
              17.3784828,47.9090358,0
              17.3770452,47.9079139,0
              17.3765302,47.9072523,0
              17.3764229,47.9063173,0
              17.3757792,47.9055981,0
              17.3751998,47.9052241,0
              17.374835,47.9043179,0
              17.3735905,47.904246,0
              17.3723888,47.9041741,0
              17.3719168,47.9037281,0
              17.3704576,47.9033541,0
              17.3698354,47.903124,0
              17.3779893,47.9006497,0
              17.3784614,47.9003476,0
            </coordinates>
          </LinearRing>
        </outerBoundaryIs>
      </Polygon>
    </Placemark>
    <Placemark>
      <name>Károlyháza SA</name>
      <Style>
        <LineStyle>
          <color>ff91fe46</color>
          <width>2</width>
        </LineStyle>
        <PolyStyle>
          <color>ff91fe46</color>
        </PolyStyle>
      </Style>
      <Polygon>
        <outerBoundaryIs>
          <LinearRing>
            <coordinates>
              17.3513603,47.8049114
              17.3503518,47.804162,0
              17.3592997,47.7993768,0
              17.3602867,47.8001407,0
              17.3513603,47.8049114,0
            </coordinates>
          </LinearRing>
        </outerBoundaryIs>
      </Polygon>
    </Placemark>
    <Placemark>
      <name>Károlyháza Szage hidró</name>
      <Style>
        <LineStyle>
          <color>ff6c3306</color>
          <width>2</width>
        </LineStyle>
        <PolyStyle>
          <color>ff6c3306</color>
        </PolyStyle>
      </Style>
      <Polygon>
        <outerBoundaryIs>
          <LinearRing>
            <coordinates>
              17.3499227,47.8037008
              17.3492789,47.8031531,0
              17.3580337,47.7981516,0
              17.3586774,47.798757,0
              17.3499227,47.8037008,0
            </coordinates>
          </LinearRing>
        </outerBoundaryIs>
      </Polygon>
    </Placemark>
    <Placemark>
      <name>Károlyi úton kicsi</name>
      <Style>
        <LineStyle>
          <color>ff8703ee</color>
          <width>2</width>
        </LineStyle>
        <PolyStyle>
          <color>ff8703ee</color>
        </PolyStyle>
      </Style>
      <Polygon>
        <outerBoundaryIs>
          <LinearRing>
            <coordinates>
              17.4659282,47.8298781
              17.4658585,47.8297233,0
              17.469635,47.8291363,0
              17.4694741,47.8293487,0
              17.4659282,47.8298781,0
            </coordinates>
          </LinearRing>
        </outerBoundaryIs>
      </Polygon>
    </Placemark>
    <Placemark>
      <name>Kavicsbányai - SA</name>
      <Style>
        <LineStyle>
          <color>ff8065b6</color>
          <width>2</width>
        </LineStyle>
        <PolyStyle>
          <color>ff8065b6</color>
        </PolyStyle>
      </Style>
      <Polygon>
        <outerBoundaryIs>
          <LinearRing>
            <coordinates>
              17.2016823,47.8572229
              17.2027659,47.8558551,0
              17.2031629,47.8552072,0
              17.2058344,47.852817,0
              17.2068536,47.8532994,0
              17.202208,47.8574749,0
              17.2016823,47.8572229,0
            </coordinates>
          </LinearRing>
        </outerBoundaryIs>
      </Polygon>
    </Placemark>
    <Placemark>
      <name>Kavicsbányai - LM</name>
      <Style>
        <LineStyle>
          <color>ffe13813</color>
          <width>2</width>
        </LineStyle>
        <PolyStyle>
          <color>ffe13813</color>
        </PolyStyle>
      </Style>
      <Polygon>
        <outerBoundaryIs>
          <LinearRing>
            <coordinates>
              17.203002,47.8577916
              17.202208,47.8574245,0
              17.2069287,47.8534074,0
              17.2079051,47.8538754,0
              17.203002,47.8577916,0
            </coordinates>
          </LinearRing>
        </outerBoundaryIs>
      </Polygon>
    </Placemark>
    <Placemark>
      <name>Kilva alsó</name>
      <Style>
        <LineStyle>
          <color>ff49bcfb</color>
          <width>2</width>
        </LineStyle>
        <PolyStyle>
          <color>ff49bcfb</color>
        </PolyStyle>
      </Style>
      <Polygon>
        <outerBoundaryIs>
          <LinearRing>
            <coordinates>
              17.3943186,47.8931471
              17.3910141,47.8959886,0
              17.3896837,47.8955282,0
              17.3893619,47.8953843,0
              17.389276,47.8952332,0
              17.3895764,47.8948304,0
              17.390027,47.8945427,0
              17.3909819,47.8942621,0
              17.3920548,47.8940031,0
              17.3939002,47.8930679,0
              17.3943186,47.8931471,0
            </coordinates>
          </LinearRing>
        </outerBoundaryIs>
      </Polygon>
    </Placemark>
    <Placemark>
      <name>Kilva felső K+F</name>
      <Style>
        <LineStyle>
          <color>ff2f4687</color>
          <width>2</width>
        </LineStyle>
        <PolyStyle>
          <color>ff2f4687</color>
        </PolyStyle>
      </Style>
      <Polygon>
        <outerBoundaryIs>
          <LinearRing>
            <coordinates>
              17.3941818,47.8933161
              17.3943293,47.8933989,0
              17.3936588,47.8939995,0
              17.3932725,47.8946182,0
              17.3930418,47.8951397,0
              17.3926234,47.895762,0
              17.3922586,47.8961792,0
              17.3919904,47.8963123,0
              17.391057,47.896003,0
              17.3941818,47.8933161,0
            </coordinates>
          </LinearRing>
        </outerBoundaryIs>
      </Polygon>
    </Placemark>
    <Placemark>
      <name>Kis Paptag</name>
      <Style>
        <LineStyle>
          <color>ff3b0c45</color>
          <width>2</width>
        </LineStyle>
        <PolyStyle>
          <color>ff3b0c45</color>
        </PolyStyle>
      </Style>
      <Polygon>
        <outerBoundaryIs>
          <LinearRing>
            <coordinates>
              17.4556661,47.8427512
              17.4549794,47.8433345,0
              17.4549043,47.8433345,0
              17.4532628,47.8442994,0
              17.4508703,47.8429601,0
              17.4529946,47.8409654,0
              17.4556661,47.8427512,0
            </coordinates>
          </LinearRing>
        </outerBoundaryIs>
      </Polygon>
    </Placemark>
    <Placemark>
      <name>Kishosszúosztály</name>
      <Style>
        <LineStyle>
          <color>fff52cc4</color>
          <width>2</width>
        </LineStyle>
        <PolyStyle>
          <color>fff52cc4</color>
        </PolyStyle>
      </Style>
      <Polygon>
        <outerBoundaryIs>
          <LinearRing>
            <coordinates>
              17.3688483,47.9034404
              17.3683548,47.9045768,0
              17.3677325,47.9053248,0
              17.3667884,47.906044,0
              17.3658013,47.9071085,0
              17.3653078,47.9078133,0
              17.3648572,47.9079715,0
              17.3642993,47.9076694,0
              17.3635054,47.9074968,0
              17.3620248,47.9074393,0
              17.3608875,47.90754,0
              17.3597932,47.9065906,0
              17.361145,47.9057276,0
              17.3688483,47.9034404,0
            </coordinates>
          </LinearRing>
        </outerBoundaryIs>
      </Polygon>
    </Placemark>
    <Placemark>
      <name>Kishosszúosztály 2</name>
      <Style>
        <LineStyle>
          <color>ffac087e</color>
          <width>2</width>
        </LineStyle>
        <PolyStyle>
          <color>ffac087e</color>
        </PolyStyle>
      </Style>
      <Polygon>
        <outerBoundaryIs>
          <LinearRing>
            <coordinates>
              17.3675519356907,47.90380586812777
              17.36867200544257,47.90348288206635,0
              17.36873842479308,47.90356553461189,0
              17.36815964614232,47.90463328323239,0
              17.36755193569072,47.90380586812777,0
            </coordinates>
          </LinearRing>
        </outerBoundaryIs>
      </Polygon>
    </Placemark>
    <Placemark>
      <name>Kis Makkszeg</name>
      <Style>
        <LineStyle>
          <color>ff478e94</color>
          <width>2</width>
        </LineStyle>
        <PolyStyle>
          <color>ff478e94</color>
        </PolyStyle>
      </Style>
      <Polygon>
        <outerBoundaryIs>
          <LinearRing>
            <coordinates>
              17.4349755393501,47.87883912617404
              17.43542347851972,47.87871792026119,0
              17.43570520187916,47.87896301876339,0
              17.43592914552861,47.87885397762616,0
              17.43567679694863,47.87859810989426,0
              17.43607328463956,47.87845692836881,0
              17.43857724761718,47.88082782897318,0
              17.43742037244904,47.88115938038933,0
              17.43497553935019,47.87883912617404,0
            </coordinates>
          </LinearRing>
        </outerBoundaryIs>
      </Polygon>
    </Placemark>
    <Placemark>
      <name>Kohány</name>
      <Style>
        <LineStyle>
          <color>ff06fca3</color>
          <width>2</width>
        </LineStyle>
        <PolyStyle>
          <color>ff06fca3</color>
        </PolyStyle>
      </Style>
      <Polygon>
        <outerBoundaryIs>
          <LinearRing>
            <coordinates>
              17.3848987,47.8830243
              17.3821521,47.8812687,0
              17.3843622,47.8800166,0
              17.3860359,47.8789948,0
              17.387023,47.8781169,0
              17.3878598,47.8774837,0
              17.3897481,47.8773542,0
              17.3919582,47.8779298,0
              17.3933315,47.8784911,0
              17.394104,47.8790236,0
              17.3939967,47.8799015,0
              17.393868,47.8802325,0
              17.3931813,47.8803476,0
              17.3924947,47.8809521,0
              17.3912501,47.8815997,0
              17.3891258,47.882938,0
              17.3879242,47.8825782,0
              17.3865938,47.8825926,0
              17.3855639,47.8828229,0
              17.3848987,47.8830243,0
            </coordinates>
          </LinearRing>
        </outerBoundaryIs>
      </Polygon>
    </Placemark>
    <Placemark>
      <name>Kohány fű</name>
      <Style>
        <LineStyle>
          <color>ff347aec</color>
          <width>2</width>
        </LineStyle>
        <PolyStyle>
          <color>ff347aec</color>
        </PolyStyle>
      </Style>
      <Polygon>
        <outerBoundaryIs>
          <LinearRing>
            <coordinates>
              17.3906386,47.8836503
              17.3904026,47.8834776,0
              17.3899841,47.883305,0
              17.3891258,47.882938,0
              17.3911643,47.881722,0
              17.391057,47.882938,0
              17.3910892,47.8835424,0
              17.3906386,47.8836503,0
            </coordinates>
          </LinearRing>
        </outerBoundaryIs>
      </Polygon>
    </Placemark>
    <Placemark>
      <name>Tökföld kozliki csatorna</name>
      <Style>
        <LineStyle>
          <color>ff394a84</color>
          <width>2</width>
        </LineStyle>
        <PolyStyle>
          <color>ff394a84</color>
        </PolyStyle>
      </Style>
      <Polygon>
        <outerBoundaryIs>
          <LinearRing>
            <coordinates>
              17.2513247,47.8218934
              17.2549403,47.8191271,0
              17.2605193,47.8221599,0
              17.2568607,47.8250197,0
              17.2513247,47.8218934,0
            </coordinates>
          </LinearRing>
        </outerBoundaryIs>
      </Polygon>
    </Placemark>
    <Placemark>
      <name>Kölesföld nagy jobb</name>
      <Style>
        <LineStyle>
          <color>ffe8246f</color>
          <width>2</width>
        </LineStyle>
        <PolyStyle>
          <color>ffe8246f</color>
        </PolyStyle>
      </Style>
      <Polygon>
        <outerBoundaryIs>
          <LinearRing>
            <coordinates>
              17.3938251,47.8924637
              17.3929882,47.89255,0
              17.3886752,47.89396,0
              17.3871732,47.8931111,0
              17.3866153,47.8927802,0
              17.3860574,47.8924061,0
              17.385993,47.8916148,0
              17.384727,47.8891687,0
              17.3852205,47.8880464,0
              17.385478,47.8874996,0
              17.385993,47.8872694,0
              17.3863578,47.8874852,0
              17.3876882,47.8881615,0
              17.38904,47.8885068,0
              17.3902202,47.8901615,0
              17.3919153,47.8895428,0
              17.3928809,47.8907946,0
              17.3935032,47.8908953,0
              17.3936319,47.8911112,0
              17.393117,47.8914565,0
              17.3931384,47.8916291,0
              17.3937392,47.8916148,0
              17.3938251,47.8924637,0
            </coordinates>
          </LinearRing>
        </outerBoundaryIs>
      </Polygon>
    </Placemark>
    <Placemark>
      <name>Kölesföld kicsi</name>
      <Style>
        <LineStyle>
          <color>ff454a99</color>
          <width>2</width>
        </LineStyle>
        <PolyStyle>
          <color>ff454a99</color>
        </PolyStyle>
      </Style>
      <Polygon>
        <outerBoundaryIs>
          <LinearRing>
            <coordinates>
              17.3924518,47.889363
              17.3915935,47.888327,0
              17.3922265,47.8878737,0
              17.3929453,47.8877442,0
              17.3934603,47.8874636,0
              17.3939967,47.8871327,0
              17.394222,47.8866003,0
              17.3971832,47.8865499,0
              17.3971832,47.8866938,0
              17.3957884,47.8873773,0
              17.3937178,47.8886579,0
              17.3930955,47.8890752,0
              17.3924518,47.889363,0
            </coordinates>
          </LinearRing>
        </outerBoundaryIs>
      </Polygon>
    </Placemark>
    <Placemark>
      <name>Kölesföld fű</name>
      <Style>
        <LineStyle>
          <color>ff531941</color>
          <width>2</width>
        </LineStyle>
        <PolyStyle>
          <color>ff531941</color>
        </PolyStyle>
      </Style>
      <Polygon>
        <outerBoundaryIs>
          <LinearRing>
            <coordinates>
              17.3918295,47.8939024
              17.3912716,47.8932766,0
              17.3916042,47.8931579,0
              17.392087,47.8929313,0
              17.392661,47.8927586,0
              17.3932993,47.8926687,0
              17.3931921,47.8932945,0
              17.3918295,47.8939024,0
            </coordinates>
          </LinearRing>
        </outerBoundaryIs>
      </Polygon>
    </Placemark>
    <Placemark>
      <name>Kölesföld tó</name>
      <Style>
        <LineStyle>
          <color>ff46ded7</color>
          <width>2</width>
        </LineStyle>
        <PolyStyle>
          <color>ff46ded7</color>
        </PolyStyle>
      </Style>
      <Polygon>
        <outerBoundaryIs>
          <LinearRing>
            <coordinates>
              17.3966038,47.8870895
              17.398932,47.8892335,0
              17.3989105,47.8893917,0
              17.3978269,47.8897587,0
              17.3953164,47.8907371,0
              17.3951018,47.8905356,0
              17.3943937,47.8908522,0
              17.3931277,47.8895141,0
              17.3930955,47.8892766,0
              17.3935997,47.8888738,0
              17.3949194,47.8880032,0
              17.3966038,47.8870895,0
            </coordinates>
          </LinearRing>
        </outerBoundaryIs>
      </Polygon>
    </Placemark>
    <Placemark>
      <name>Körtefai</name>
      <Style>
        <LineStyle>
          <color>ff53a1b5</color>
          <width>2</width>
        </LineStyle>
        <PolyStyle>
          <color>ff53a1b5</color>
        </PolyStyle>
      </Style>
      <Polygon>
        <outerBoundaryIs>
          <LinearRing>
            <coordinates>
              17.4340367,47.8246596
              17.4282539,47.8244507,0
              17.4288332,47.8239968,0
              17.429198,47.8235574,0
              17.4292839,47.8231901,0
              17.4307537,47.8223328,0
              17.4317622,47.8225922,0
              17.4327707,47.8225561,0
              17.4334359,47.8223904,0
              17.4340475,47.8221167,0
              17.4348092,47.8217061,0
              17.4340367,47.8246596,0
            </coordinates>
          </LinearRing>
        </outerBoundaryIs>
      </Polygon>
    </Placemark>
    <Placemark>
      <name>Külső lósziget</name>
      <Style>
        <LineStyle>
          <color>ff423f4c</color>
          <width>2</width>
        </LineStyle>
        <PolyStyle>
          <color>ff423f4c</color>
        </PolyStyle>
      </Style>
      <Polygon>
        <outerBoundaryIs>
          <LinearRing>
            <coordinates>
              17.3998225,47.9056629
              17.4002194,47.9053033,0
              17.4002945,47.9051666,0
              17.4008739,47.9054183,0
              17.4016035,47.9056413,0
              17.4025905,47.9056844,0
              17.4032986,47.9055766,0
              17.4040496,47.9054111,0
              17.404629,47.905181,0
              17.4053371,47.9047926,0
              17.4061954,47.9060512,0
              17.407161,47.9072882,0
              17.4042642,47.9072307,0
              17.4030519,47.9070725,0
              17.4021614,47.9068208,0
              17.3998225,47.9056629,0
            </coordinates>
          </LinearRing>
        </outerBoundaryIs>
      </Polygon>
    </Placemark>
    <Placemark>
      <name>Külsőkerekes</name>
      <Style>
        <LineStyle>
          <color>fff6bec1</color>
          <width>2</width>
        </LineStyle>
        <PolyStyle>
          <color>fff6bec1</color>
        </PolyStyle>
      </Style>
      <Polygon>
        <outerBoundaryIs>
          <LinearRing>
            <coordinates>
              17.4740124,47.8039169
              17.4745488,47.8032828,0
              17.4748707,47.8032251,0
              17.4747634,47.8028792,0
              17.4752355,47.8023171,0
              17.4760723,47.8016397,0
              17.4770379,47.8012794,0
              17.4771881,47.8030089,0
              17.4819946,47.8029225,0
              17.4824238,47.8073758,0
              17.4810076,47.8074046,0
              17.4805999,47.8073326,0
              17.4802995,47.8071741,0
              17.4800205,47.8068426,0
              17.479248,47.8063382,0
              17.4781108,47.8060499,0
              17.4769092,47.8057473,0
              17.4740124,47.8039169,0
            </coordinates>
          </LinearRing>
        </outerBoundaryIs>
      </Polygon>
    </Placemark>
    <Placemark>
      <name>Legelő</name>
      <Style>
        <LineStyle>
          <color>ff20175d</color>
          <width>2</width>
        </LineStyle>
        <PolyStyle>
          <color>ff20175d</color>
        </PolyStyle>
      </Style>
      <Polygon>
        <outerBoundaryIs>
          <LinearRing>
            <coordinates>
              17.4644423,47.8188317
              17.4710727,47.8235862,0
              17.470901,47.8239608,0
              17.470386,47.8240617,0
              17.4637127,47.8192928,0
              17.4644423,47.8188317,0
            </coordinates>
          </LinearRing>
        </outerBoundaryIs>
      </Polygon>
    </Placemark>
    <Placemark>
      <name>Lickói híd</name>
      <Style>
        <LineStyle>
          <color>ff73c498</color>
          <width>2</width>
        </LineStyle>
        <PolyStyle>
          <color>ff73c498</color>
        </PolyStyle>
      </Style>
      <Polygon>
        <outerBoundaryIs>
          <LinearRing>
            <coordinates>
              17.4348521,47.8125349
              17.4344444,47.8122323,0
              17.4341011,47.8114829,0
              17.4330711,47.8103877,0
              17.4356461,47.8096816,0
              17.4372983,47.8125637,0
              17.4365258,47.8135436,0
              17.4359679,47.8134859,0
              17.4348521,47.8125349,0
            </coordinates>
          </LinearRing>
        </outerBoundaryIs>
      </Polygon>
    </Placemark>
    <Placemark>
      <name>Lickói leágazó</name>
      <Style>
        <LineStyle>
          <color>ff3b41ab</color>
          <width>2</width>
        </LineStyle>
        <PolyStyle>
          <color>ff3b41ab</color>
        </PolyStyle>
      </Style>
      <Polygon>
        <outerBoundaryIs>
          <LinearRing>
            <coordinates>
              17.406292,47.7916937
              17.4032664,47.7895313,0
              17.4092746,47.7856964,0
              17.4102616,47.786374,0
              17.408309,47.788378,0
              17.4069786,47.7900503,0
              17.4067211,47.7906702,0
              17.4066782,47.7912324,0
              17.406292,47.7916937,0
            </coordinates>
          </LinearRing>
        </outerBoundaryIs>
      </Polygon>
    </Placemark>
    <Placemark>
      <name>Lucska</name>
      <Style>
        <LineStyle>
          <color>ff7b55f4</color>
          <width>2</width>
        </LineStyle>
        <PolyStyle>
          <color>ff7b55f4</color>
        </PolyStyle>
      </Style>
      <Polygon>
        <outerBoundaryIs>
          <LinearRing>
            <coordinates>
              17.369771,47.9001462
              17.3651147,47.8974992,0
              17.3665738,47.8969525,0
              17.3670459,47.8962188,0
              17.367003,47.8947225,0
              17.3676038,47.8937585,0
              17.3692346,47.8933125,0
              17.3705864,47.8934708,0
              17.3719811,47.8935283,0
              17.3733974,47.8937442,0
              17.3741698,47.8933845,0
              17.3757792,47.8944204,0
              17.3712516,47.8971971,0
              17.3735476,47.8987939,0
              17.3736334,47.899168,0
              17.374084,47.8996571,0
              17.3741484,47.9000167,0
              17.3741269,47.9004052,0
              17.3737192,47.9007216,0
              17.3731613,47.9009087,0
              17.3723888,47.9008799,0
              17.3717237,47.900736,0
              17.3709512,47.9002613,0
              17.3711872,47.9001174,0
              17.3705649,47.8996571,0
            </coordinates>
          </LinearRing>
        </outerBoundaryIs>
      </Polygon>
    </Placemark>
    <Placemark>
      <name>Makkszeg</name>
      <Style>
        <LineStyle>
          <color>ff8012b2</color>
          <width>2</width>
        </LineStyle>
        <PolyStyle>
          <color>ff8012b2</color>
        </PolyStyle>
      </Style>
      <Polygon>
        <outerBoundaryIs>
          <LinearRing>
            <coordinates>
              17.436270568835,47.88331238008482
              17.43518677526545,47.88324557951028,0
              17.43287691860688,47.88286774801907,0
              17.43520040880746,47.88203549348254,0
              17.43627056883507,47.88331238008482,0
            </coordinates>
          </LinearRing>
        </outerBoundaryIs>
      </Polygon>
    </Placemark>
    <Placemark>
      <name>Marsaltag bal</name>
      <Style>
        <LineStyle>
          <color>ff77ad1c</color>
          <width>2</width>
        </LineStyle>
        <PolyStyle>
          <color>ff77ad1c</color>
        </PolyStyle>
      </Style>
      <Polygon>
        <outerBoundaryIs>
          <LinearRing>
            <coordinates>
              17.394104,47.8760445
              17.3952842,47.8749075,0
              17.3962927,47.8756559,0
              17.3975158,47.8763611,0
              17.3979878,47.8760157,0
              17.3983955,47.8761452,0
              17.4002624,47.8768936,0
              17.4006271,47.8765194,0
              17.3999405,47.876174,0
              17.4005842,47.8755983,0
              17.4011636,47.8754832,0
              17.4017,47.8755695,0
              17.4030948,47.8757854,0
              17.4035668,47.8757278,0
              17.4040604,47.8757854,0
              17.4042964,47.8760589,0
              17.4044466,47.8767209,0
              17.4047899,47.8772534,0
              17.4032235,47.8792683,0
              17.394104,47.8760445,0
            </coordinates>
          </LinearRing>
        </outerBoundaryIs>
      </Polygon>
    </Placemark>
    <Placemark>
      <name>Marsaltag jobb</name>
      <Style>
        <LineStyle>
          <color>ffa961e9</color>
          <width>2</width>
        </LineStyle>
        <PolyStyle>
          <color>ffa961e9</color>
        </PolyStyle>
      </Style>
      <Polygon>
        <outerBoundaryIs>
          <LinearRing>
            <coordinates>
              17.3940825,47.8761884
              17.4045753,47.8799591,0
              17.4035454,47.880765,0
              17.4003482,47.8812974,0
              17.3986745,47.8818011,0
              17.3973441,47.8824775,0
              17.3963141,47.8825638,0
              17.3956919,47.8827365,0
              17.3951769,47.8830387,0
              17.3949194,47.882938,0
              17.3942757,47.8832546,0
              17.3933959,47.8829092,0
              17.3926663,47.883269,0
              17.391572,47.8828373,0
              17.3916578,47.881945,0
              17.3924732,47.8814126,0
              17.3937607,47.8808082,0
              17.3945332,47.8797144,0
              17.3941684,47.8785919,0
              17.393074,47.8779874,0
              17.3916364,47.8775557,0
              17.3929882,47.87698,0
              17.3940825,47.8761884,0
            </coordinates>
          </LinearRing>
        </outerBoundaryIs>
      </Polygon>
    </Placemark>
    <Placemark>
      <name>Mázsaház mögött</name>
      <Style>
        <LineStyle>
          <color>ff6670b4</color>
          <width>2</width>
        </LineStyle>
        <PolyStyle>
          <color>ff6670b4</color>
        </PolyStyle>
      </Style>
      <Polygon>
        <outerBoundaryIs>
          <LinearRing>
            <coordinates>
              17.397446,47.8864312
              17.3973173,47.8862441,0
              17.3973066,47.886147,0
              17.3973548,47.8860858,0
              17.3973548,47.8859024,0
              17.3971993,47.8857441,0
              17.3970491,47.885629,0
              17.3969579,47.8853843,0
              17.3969954,47.8853376,0
              17.3972744,47.88528,0
              17.3976713,47.8852081,0
              17.3980522,47.8851181,0
              17.3986369,47.8850677,0
              17.398755,47.8851865,0
              17.3989213,47.8854779,0
              17.398991,47.8857333,0
              17.3988193,47.8859239,0
              17.3985189,47.8860499,0
              17.3983204,47.8862621,0
              17.397961,47.8864276,0
              17.397446,47.8864312,0
            </coordinates>
          </LinearRing>
        </outerBoundaryIs>
      </Polygon>
    </Placemark>
    <Placemark>
      <name>Mecséri út mellett</name>
      <Style>
        <LineStyle>
          <color>ffeeaff4</color>
          <width>2</width>
        </LineStyle>
        <PolyStyle>
          <color>ffeeaff4</color>
        </PolyStyle>
      </Style>
      <Polygon>
        <outerBoundaryIs>
          <LinearRing>
            <coordinates>
              17.4825096,47.8058626
              17.4818444,47.7998813,0
              17.4822736,47.7998381,0
              17.4835181,47.8002272,0
              17.4844623,47.8005011,0
              17.4854708,47.8008326,0
              17.4874449,47.8009623,0
              17.4925947,47.801265,0
              17.4928093,47.804652,0
              17.4903202,47.805387,0
              17.4890327,47.8058626,0
              17.4881101,47.8055023,0
              17.4872947,47.8049979,0
              17.4866724,47.8048537,0
              17.4859214,47.8048105,0
              17.4850845,47.8049835,0
              17.4843979,47.8051996,0
              17.4825096,47.8058626,0
            </coordinates>
          </LinearRing>
        </outerBoundaryIs>
      </Polygon>
    </Placemark>
    <Placemark>
      <name>Meggyes</name>
      <Style>
        <LineStyle>
          <color>ff3a160b</color>
          <width>2</width>
        </LineStyle>
        <PolyStyle>
          <color>ff3a160b</color>
        </PolyStyle>
      </Style>
      <Polygon>
        <outerBoundaryIs>
          <LinearRing>
            <coordinates>
              17.4690449,47.8407062
              17.4724674,47.8382433,0
              17.4728215,47.8382505,0
              17.4730146,47.8380345,0
              17.4737227,47.837552,0
              17.4740553,47.8379048,0
              17.4695277,47.8410374,0
              17.4690449,47.8407062,0
            </coordinates>
          </LinearRing>
        </outerBoundaryIs>
      </Polygon>
    </Placemark>
    <Placemark>
      <name>Micsótag</name>
      <Style>
        <LineStyle>
          <color>ffee9845</color>
          <width>2</width>
        </LineStyle>
        <PolyStyle>
          <color>ffee9845</color>
        </PolyStyle>
      </Style>
      <Polygon>
        <outerBoundaryIs>
          <LinearRing>
            <coordinates>
              17.4678326,47.8114685
              17.4676824,47.8106904,0
              17.4677682,47.8092925,0
              17.4677253,47.8076641,0
              17.4680042,47.8054014,0
              17.4680686,47.8047673,0
              17.4681759,47.8040178,0
              17.468605,47.8032251,0
              17.470665,47.8045079,0
              17.4701071,47.8053293,0
              17.4690986,47.8059347,0
              17.4684763,47.8064535,0
              17.4684548,47.8073038,0
              17.4691415,47.808082,0
              17.4699998,47.808889,0
              17.4704075,47.8098113,0
              17.4703646,47.8107048,0
              17.4696565,47.8116126,0
              17.4687552,47.8120305,0
              17.4678326,47.8114685,0
            </coordinates>
          </LinearRing>
        </outerBoundaryIs>
      </Polygon>
    </Placemark>
    <Placemark>
      <name>Mosonszolnok belső</name>
      <Style>
        <LineStyle>
          <color>ff5f4a62</color>
          <width>2</width>
        </LineStyle>
        <PolyStyle>
          <color>ff5f4a62</color>
        </PolyStyle>
      </Style>
      <Polygon>
        <outerBoundaryIs>
          <LinearRing>
            <coordinates>
              17.1227932,47.8697402
              17.1221495,47.8668613,0
              17.1285868,47.8660551,0
              17.1294022,47.8689485,0
              17.1227932,47.8697402,0
            </coordinates>
          </LinearRing>
        </outerBoundaryIs>
      </Polygon>
    </Placemark>
    <Placemark>
      <name>Mosonszolnok külső</name>
      <Style>
        <LineStyle>
          <color>ff50b6ad</color>
          <width>2</width>
        </LineStyle>
        <PolyStyle>
          <color>ff50b6ad</color>
        </PolyStyle>
      </Style>
      <Polygon>
        <outerBoundaryIs>
          <LinearRing>
            <coordinates>
              17.1212053,47.8628737
              17.120347,47.8595481,0
              17.1266341,47.8587994,0
              17.1275568,47.8620963,0
              17.1212053,47.8628737,0
            </coordinates>
          </LinearRing>
        </outerBoundaryIs>
      </Polygon>
    </Placemark>
    <Placemark>
      <name>Motus földjénél</name>
      <Style>
        <LineStyle>
          <color>ff1f8d6e</color>
          <width>2</width>
        </LineStyle>
        <PolyStyle>
          <color>ff1f8d6e</color>
        </PolyStyle>
      </Style>
      <Polygon>
        <outerBoundaryIs>
          <LinearRing>
            <coordinates>
              17.2886074,47.8118972
              17.288028,47.8114145,0
              17.2890258,47.81073,0
              17.2893798,47.8108381,0
              17.2912306,47.8099158,0
              17.2920138,47.8103013,0
              17.2886074,47.8118972,0
            </coordinates>
          </LinearRing>
        </outerBoundaryIs>
      </Polygon>
    </Placemark>
    <Placemark>
      <name>Novák Rákóczy</name>
      <Style>
        <LineStyle>
          <color>ff9c75e3</color>
          <width>2</width>
        </LineStyle>
        <PolyStyle>
          <color>ff9c75e3</color>
        </PolyStyle>
      </Style>
      <Polygon>
        <outerBoundaryIs>
          <LinearRing>
            <coordinates>
              17.4171495,47.8269358
              17.4171066,47.8263883,0
              17.4173641,47.8262155,0
              17.4180508,47.8260282,0
              17.4191022,47.8258193,0
              17.4221063,47.8255528,0
              17.422353,47.825704,0
              17.4228036,47.8258337,0
              17.4235868,47.8257184,0
              17.4244022,47.8257328,0
              17.4243593,47.8272383,0
              17.4171495,47.8269358,0
            </coordinates>
          </LinearRing>
        </outerBoundaryIs>
      </Polygon>
    </Placemark>
    <Placemark>
      <name>Nováki</name>
      <Style>
        <LineStyle>
          <color>ff92fa09</color>
          <width>2</width>
        </LineStyle>
        <PolyStyle>
          <color>ff92fa09</color>
        </PolyStyle>
      </Style>
      <Polygon>
        <outerBoundaryIs>
          <LinearRing>
            <coordinates>
              17.4106264,47.8300762
              17.4093604,47.8318336,0
              17.4083519,47.8316031,0
              17.4078369,47.8323666,0
              17.407161,47.8320929,0
              17.4093819,47.8281531,0
              17.4106264,47.8300762,0
            </coordinates>
          </LinearRing>
        </outerBoundaryIs>
      </Polygon>
    </Placemark>
    <Placemark>
      <name>Nováki pulykásnál</name>
      <Style>
        <LineStyle>
          <color>ff579a9b</color>
          <width>2</width>
        </LineStyle>
        <PolyStyle>
          <color>ff579a9b</color>
        </PolyStyle>
      </Style>
      <Polygon>
        <outerBoundaryIs>
          <LinearRing>
            <coordinates>
              17.414190512549,47.81582999260596
              17.41457066635199,47.8147128279074,0
              17.41968895794632,47.81552834218094,0
              17.41907097599185,47.81656390589679,0
              17.41419051254907,47.81582999260596,0
            </coordinates>
          </LinearRing>
        </outerBoundaryIs>
      </Polygon>
    </Placemark>
    <Placemark>
      <name>Orbánlucska PM</name>
      <Style>
        <LineStyle>
          <color>ff77000a</color>
          <width>2</width>
        </LineStyle>
        <PolyStyle>
          <color>ff77000a</color>
        </PolyStyle>
      </Style>
      <Polygon>
        <outerBoundaryIs>
          <LinearRing>
            <coordinates>
              17.3781824,47.8958879
              17.3741269,47.8933197,0
              17.3751891,47.8924924,0
              17.3777103,47.8908306,0
              17.379384,47.8916795,0
              17.3799419,47.8921903,0
              17.3802423,47.8931543,0
              17.3803174,47.8938377,0
              17.3798561,47.8943484,0
              17.3795021,47.8946937,0
              17.3794484,47.8950606,0
              17.3790836,47.8953412,0
              17.3781824,47.8958879,0
            </coordinates>
          </LinearRing>
        </outerBoundaryIs>
      </Polygon>
    </Placemark>
    <Placemark>
      <name>Oroserdő</name>
      <Style>
        <LineStyle>
          <color>ffb652fc</color>
          <width>2</width>
        </LineStyle>
        <PolyStyle>
          <color>ffb652fc</color>
        </PolyStyle>
      </Style>
      <Polygon>
        <outerBoundaryIs>
          <LinearRing>
            <coordinates>
              17.4348307,47.8215116
              17.4309039,47.8211082,0
              17.4316549,47.8187741,0
              17.4350238,47.8204166,0
              17.4348307,47.8215116,0
            </coordinates>
          </LinearRing>
        </outerBoundaryIs>
      </Polygon>
    </Placemark>
    <Placemark>
      <name>Heveder</name>
      <Style>
        <LineStyle>
          <color>ffdbdf2d</color>
          <width>2</width>
        </LineStyle>
        <PolyStyle>
          <color>ffdbdf2d</color>
        </PolyStyle>
      </Style>
      <Polygon>
        <outerBoundaryIs>
          <LinearRing>
            <coordinates>
              17.3354303262244,47.87358778947357
              17.33701032377115,47.87228319843138,0
              17.34180218507954,47.87735347910964,0
              17.33984098409734,47.87822113111578,0
              17.33543032622443,47.87358778947357,0
            </coordinates>
          </LinearRing>
        </outerBoundaryIs>
      </Polygon>
    </Placemark>
    <Placemark>
      <name>Pajtaföld telek</name>
      <Style>
        <LineStyle>
          <color>ff2e4c4a</color>
          <width>2</width>
        </LineStyle>
        <PolyStyle>
          <color>ff2e4c4a</color>
        </PolyStyle>
      </Style>
      <Polygon>
        <outerBoundaryIs>
          <LinearRing>
            <coordinates>
              17.3868406,47.9038145
              17.3870015,47.9034045,0
              17.3893833,47.9033469,0
              17.3887503,47.9039727,0
              17.3879778,47.9039727,0
              17.3875165,47.9038145,0
              17.3868406,47.9038145,0
            </coordinates>
          </LinearRing>
        </outerBoundaryIs>
      </Polygon>
    </Placemark>
    <Placemark>
      <name>Papház</name>
      <Style>
        <LineStyle>
          <color>ff1af192</color>
          <width>2</width>
        </LineStyle>
        <PolyStyle>
          <color>ff1af192</color>
        </PolyStyle>
      </Style>
      <Polygon>
        <outerBoundaryIs>
          <LinearRing>
            <coordinates>
              17.4756968,47.8431905
              17.4771237,47.8423048,0
              17.4797416,47.8432913,0
              17.478261,47.8442202,0
              17.4756968,47.8431905,0
            </coordinates>
          </LinearRing>
        </outerBoundaryIs>
      </Polygon>
    </Placemark>
    <Placemark>
      <name>Paprét kicsi</name>
      <Style>
        <LineStyle>
          <color>ff190e5e</color>
          <width>2</width>
        </LineStyle>
        <PolyStyle>
          <color>ff190e5e</color>
        </PolyStyle>
      </Style>
      <Polygon>
        <outerBoundaryIs>
          <LinearRing>
            <coordinates>
              17.2503376,47.9397063
              17.2518611,47.9375213,0
              17.2521186,47.9376075,0
              17.2522044,47.9378375,0
              17.2524834,47.9382688,0
              17.252934,47.9386282,0
              17.253406,47.9387432,0
              17.2532988,47.9391169,0
              17.2527623,47.939735,0
              17.2526979,47.9410575,0
              17.2526121,47.9411581,0
              17.2517538,47.94077,0
              17.2515178,47.9403819,0
              17.2503376,47.9397063,0
            </coordinates>
          </LinearRing>
        </outerBoundaryIs>
      </Polygon>
    </Placemark>
    <Placemark>
      <name>Paprét fácános</name>
      <Style>
        <LineStyle>
          <color>ff43fc6a</color>
          <width>2</width>
        </LineStyle>
        <PolyStyle>
          <color>ff43fc6a</color>
        </PolyStyle>
      </Style>
      <Polygon>
        <outerBoundaryIs>
          <LinearRing>
            <coordinates>
              17.2180867,47.9364791
              17.2304463,47.9410431,0
              17.2300279,47.9417547,0
              17.2174752,47.9372194,0
              17.2180867,47.9364791,0
            </coordinates>
          </LinearRing>
        </outerBoundaryIs>
      </Polygon>
    </Placemark>
    <Placemark>
      <name>Paprét középső</name>
      <Style>
        <LineStyle>
          <color>ff59b8dd</color>
          <width>2</width>
        </LineStyle>
        <PolyStyle>
          <color>ff59b8dd</color>
        </PolyStyle>
      </Style>
      <Polygon>
        <outerBoundaryIs>
          <LinearRing>
            <coordinates>
              17.242012,47.9366444
              17.2378707,47.9351205,0
              17.2403598,47.9311095,0
              17.2439861,47.9323747,0
              17.2445226,47.9332085,0
              17.242012,47.9366444,0
            </coordinates>
          </LinearRing>
        </outerBoundaryIs>
      </Polygon>
    </Placemark>
    <Placemark>
      <name>Paprét nagy SA</name>
      <Style>
        <LineStyle>
          <color>ff4c553e</color>
          <width>2</width>
        </LineStyle>
        <PolyStyle>
          <color>ff4c553e</color>
        </PolyStyle>
      </Style>
      <Polygon>
        <outerBoundaryIs>
          <LinearRing>
            <coordinates>
              17.2375274,47.9295136
              17.2398663,47.9258184,0
              17.2406602,47.9245243,0
              17.2411752,47.923259,0
              17.2411537,47.922425,0
              17.2424197,47.9234315,0
              17.2432995,47.9237766,0
              17.2443295,47.9245675,0
              17.244029,47.9254877,0
              17.2440076,47.9267818,0
              17.2435784,47.9299018,0
              17.2417545,47.9311814,0
              17.2375274,47.9295136,0
            </coordinates>
          </LinearRing>
        </outerBoundaryIs>
      </Polygon>
    </Placemark>
    <Placemark>
      <name>Paptag - HM</name>
      <Style>
        <LineStyle>
          <color>ffe2b616</color>
          <width>2</width>
        </LineStyle>
        <PolyStyle>
          <color>ffe2b616</color>
        </PolyStyle>
      </Style>
      <Polygon>
        <outerBoundaryIs>
          <LinearRing>
            <coordinates>
              17.4567282,47.8418583
              17.4612451,47.8448178,0
              17.4613631,47.8449331,0
              17.4612772,47.8452859,0
              17.4605584,47.8459699,0
              17.4591637,47.8473812,0
              17.4590778,47.8473308,0
              17.4550009,47.8456603,0
              17.4544752,47.8454011,0
              17.4541962,47.8450411,0
              17.4540889,47.8447458,0
              17.4553227,47.8436369,0
              17.4550653,47.8433921,0
              17.4567175,47.8419231,0
              17.4567282,47.8418583,0
            </coordinates>
          </LinearRing>
        </outerBoundaryIs>
      </Polygon>
    </Placemark>
    <Placemark>
      <name>Paptag - PM</name>
      <Style>
        <LineStyle>
          <color>ff6967de</color>
          <width>2</width>
        </LineStyle>
        <PolyStyle>
          <color>ff6967de</color>
        </PolyStyle>
      </Style>
      <Polygon>
        <outerBoundaryIs>
          <LinearRing>
            <coordinates>
              17.4072361,47.875037
              17.4062276,47.8747995,0
              17.4061954,47.8745548,0
              17.4055409,47.8744757,0
              17.4054122,47.8746412,0
              17.4051225,47.8745764,0
              17.4047577,47.8750082,0
              17.4042428,47.8753896,0
              17.4036956,47.8753752,0
              17.4028265,47.87544,0
              17.4019039,47.8752745,0
              17.4020541,47.8747779,0
              17.4027944,47.8748859,0
              17.4047363,47.8722951,0
              17.4084377,47.8731083,0
              17.4072361,47.875037,0
            </coordinates>
          </LinearRing>
        </outerBoundaryIs>
      </Polygon>
    </Placemark>
    <Placemark>
      <name>Parázsszegi</name>
      <Style>
        <LineStyle>
          <color>ff1a515a</color>
          <width>2</width>
        </LineStyle>
        <PolyStyle>
          <color>ff1a515a</color>
        </PolyStyle>
      </Style>
      <Polygon>
        <outerBoundaryIs>
          <LinearRing>
            <coordinates>
              17.4278355,47.827548
              17.4334359,47.8278001,0
              17.4333608,47.8284556,0
              17.4334681,47.8285564,0
              17.4336076,47.8292047,0
              17.433393,47.8298097,0
              17.4332428,47.83053,0
              17.4378347,47.8305012,0
              17.4376738,47.8308613,0
              17.4313867,47.8307172,0
              17.4273258,47.8300906,0
              17.4278355,47.827548,0
            </coordinates>
          </LinearRing>
        </outerBoundaryIs>
      </Polygon>
    </Placemark>
    <Placemark>
      <name>Pedagógusföld</name>
      <Style>
        <LineStyle>
          <color>ff3b35c0</color>
          <width>2</width>
        </LineStyle>
        <PolyStyle>
          <color>ff3b35c0</color>
        </PolyStyle>
      </Style>
      <Polygon>
        <outerBoundaryIs>
          <LinearRing>
            <coordinates>
              17.4508864,47.8372855
              17.4529248,47.8352654,0
              17.4558538,47.8363025,0
              17.4539387,47.8381533,0
              17.4508864,47.8372855,0
            </coordinates>
          </LinearRing>
        </outerBoundaryIs>
      </Polygon>
    </Placemark>
    <Placemark>
      <name>Présházi</name>
      <Style>
        <LineStyle>
          <color>ffd71236</color>
          <width>2</width>
        </LineStyle>
        <PolyStyle>
          <color>ffd71236</color>
        </PolyStyle>
      </Style>
      <Polygon>
        <outerBoundaryIs>
          <LinearRing>
            <coordinates>
              17.469399,47.8062805
              17.4693131,47.8061076,0
              17.4696779,47.8058914,0
              17.4704289,47.8054735,0
              17.4707723,47.8049979,0
              17.471416,47.8044646,0
              17.472403,47.8042196,0
              17.4753213,47.8060067,0
              17.4742913,47.8065544,0
              17.4739909,47.8075199,0
              17.4743772,47.8084423,0
              17.4751067,47.8090475,0
              17.4749351,47.8092493,0
              17.469399,47.8062805,0
            </coordinates>
          </LinearRing>
        </outerBoundaryIs>
      </Polygon>
    </Placemark>
    <Placemark>
      <name>Proletár bal 1</name>
      <Style>
        <LineStyle>
          <color>fff43edd</color>
          <width>2</width>
        </LineStyle>
        <PolyStyle>
          <color>fff43edd</color>
        </PolyStyle>
      </Style>
      <Polygon>
        <outerBoundaryIs>
          <LinearRing>
            <coordinates>
              17.4772525,47.8242346
              17.4719739,47.8256176,0
              17.4729395,47.8236727,0
              17.4772525,47.8242346,0
            </coordinates>
          </LinearRing>
        </outerBoundaryIs>
      </Polygon>
    </Placemark>
    <Placemark>
      <name>Proletár bal 2</name>
      <Style>
        <LineStyle>
          <color>ff55e912</color>
          <width>2</width>
        </LineStyle>
        <PolyStyle>
          <color>ff55e912</color>
        </PolyStyle>
      </Style>
      <Polygon>
        <outerBoundaryIs>
          <LinearRing>
            <coordinates>
              17.4738729,47.8228659
              17.474184,47.8226426,0
              17.4743128,47.8224913,0
              17.4743021,47.8223688,0
              17.473712,47.822304,0
              17.4738407,47.821987,0
              17.4787116,47.8226642,0
              17.4786472,47.8231252,0
              17.4787331,47.8234998,0
              17.4738729,47.8228659,0
            </coordinates>
          </LinearRing>
        </outerBoundaryIs>
      </Polygon>
    </Placemark>
    <Placemark>
      <name>Proletár bal 3</name>
      <Style>
        <LineStyle>
          <color>fffa2a91</color>
          <width>2</width>
        </LineStyle>
        <PolyStyle>
          <color>fffa2a91</color>
        </PolyStyle>
      </Style>
      <Polygon>
        <outerBoundaryIs>
          <LinearRing>
            <coordinates>
              17.4805892,47.820467
              17.4772418,47.8186516,0
              17.4774134,47.8185291,0
              17.4761474,47.8177655,0
              17.4760187,47.8175566,0
              17.4763083,47.8171387,0
              17.4815011,47.820078,0
              17.4805892,47.820467,0
            </coordinates>
          </LinearRing>
        </outerBoundaryIs>
      </Polygon>
    </Placemark>
    <Placemark>
      <name>Proletár bal 4</name>
      <Style>
        <LineStyle>
          <color>fff5490e</color>
          <width>2</width>
        </LineStyle>
        <PolyStyle>
          <color>fff5490e</color>
        </PolyStyle>
      </Style>
      <Polygon>
        <outerBoundaryIs>
          <LinearRing>
            <coordinates>
              17.4824023,47.8197754
              17.4768233,47.8165696,0
              17.4775743,47.8156546,0
              17.4830246,47.8195233,0
              17.4824023,47.8197754,0
            </coordinates>
          </LinearRing>
        </outerBoundaryIs>
      </Polygon>
    </Placemark>
    <Placemark>
      <name>Püski föld nagy</name>
      <Style>
        <LineStyle>
          <color>fffe5dcb</color>
          <width>2</width>
        </LineStyle>
        <PolyStyle>
          <color>fffe5dcb</color>
        </PolyStyle>
      </Style>
      <Polygon>
        <outerBoundaryIs>
          <LinearRing>
            <coordinates>
              17.4102829294731,47.88413486924471
              17.41314113886636,47.88287028400275,0
              17.41253231865829,47.8821152862223,0
              17.41773044010677,47.88008317654251,0
              17.42123977185145,47.88427188216282,0
              17.41311975576477,47.88710373305908,0
              17.41028292947314,47.88413486924471,0
            </coordinates>
          </LinearRing>
        </outerBoundaryIs>
      </Polygon>
    </Placemark>
    <Placemark>
      <name>Lóvári erdő + Litresits</name>
      <Style>
        <LineStyle>
          <color>ff5879a9</color>
          <width>2</width>
        </LineStyle>
        <PolyStyle>
          <color>ff5879a9</color>
        </PolyStyle>
      </Style>
      <Polygon>
        <outerBoundaryIs>
          <LinearRing>
            <coordinates>
              17.2387934,47.9089064
              17.2394156,47.9083311,0
              17.2493505,47.9118405,0
              17.2481704,47.912387,0
              17.2386217,47.9089495,0
              17.2387934,47.9089064,0
            </coordinates>
          </LinearRing>
        </outerBoundaryIs>
      </Polygon>
    </Placemark>
    <Placemark>
      <name>Remetei gyep 1</name>
      <Style>
        <LineStyle>
          <color>ffe68a9e</color>
          <width>2</width>
        </LineStyle>
        <PolyStyle>
          <color>ffe68a9e</color>
        </PolyStyle>
      </Style>
      <Polygon>
        <outerBoundaryIs>
          <LinearRing>
            <coordinates>
              17.4534345,47.8781529
              17.4535954,47.8774261,0
              17.4537456,47.876469,0
              17.4546146,47.8765626,0
              17.4556339,47.8768648,0
              17.4560738,47.8770951,0
              17.4562025,47.8770447,0
              17.4559772,47.8766633,0
              17.4569428,47.8760229,0
              17.4585092,47.8767281,0
              17.4588847,47.876577,0
              17.4597859,47.876944,0
              17.4605048,47.8774621,0
              17.460655,47.8782393,0
              17.4601722,47.878448,0
              17.4596894,47.8787502,0
              17.4575758,47.8790812,0
              17.4563527,47.8790668,0
              17.4535096,47.8781889,0
              17.4534345,47.8781529,0
            </coordinates>
          </LinearRing>
        </outerBoundaryIs>
      </Polygon>
    </Placemark>
    <Placemark>
      <name>Remetei gyep 2</name>
      <Style>
        <LineStyle>
          <color>ff404e25</color>
          <width>2</width>
        </LineStyle>
        <PolyStyle>
          <color>ff404e25</color>
        </PolyStyle>
      </Style>
      <Polygon>
        <outerBoundaryIs>
          <LinearRing>
            <coordinates>
              17.4532521,47.8781241
              17.4465466,47.8773254,0
              17.4465358,47.8772246,0
              17.4470615,47.8769584,0
              17.4477053,47.8766633,0
              17.448746,47.8764043,0
              17.4506021,47.876246,0
              17.4520934,47.876138,0
              17.4530482,47.876138,0
              17.4536061,47.8763611,0
              17.4534774,47.8773686,0
              17.4532521,47.8781241,0
            </coordinates>
          </LinearRing>
        </outerBoundaryIs>
      </Polygon>
    </Placemark>
    <Placemark>
      <name>Salamon K+F</name>
      <Style>
        <LineStyle>
          <color>ff765f58</color>
          <width>2</width>
        </LineStyle>
        <PolyStyle>
          <color>ff765f58</color>
        </PolyStyle>
      </Style>
      <Polygon>
        <outerBoundaryIs>
          <LinearRing>
            <coordinates>
              17.3857945,47.8854383
              17.3851722,47.8844634,0
              17.3876774,47.883823,0
              17.3882836,47.8847656,0
              17.3857945,47.8854383,0
            </coordinates>
          </LinearRing>
        </outerBoundaryIs>
      </Polygon>
    </Placemark>
    <Placemark>
      <name>Sorjás</name>
      <Style>
        <LineStyle>
          <color>fff99cac</color>
          <width>2</width>
        </LineStyle>
        <PolyStyle>
          <color>fff99cac</color>
        </PolyStyle>
      </Style>
      <Polygon>
        <outerBoundaryIs>
          <LinearRing>
            <coordinates>
              17.4623716,47.8781745
              17.4621141,47.8782393,0
              17.4617708,47.8781025,0
              17.4611592,47.8776204,0
              17.4605048,47.8772174,0
              17.4598289,47.8765914,0
              17.4584234,47.8755911,0
              17.461642,47.8763827,0
              17.4658906,47.8771527,0
              17.4658585,47.8773182,0
              17.4623716,47.8781745,0
            </coordinates>
          </LinearRing>
        </outerBoundaryIs>
      </Polygon>
    </Placemark>
    <Placemark>
      <name>Vámkerék 1</name>
      <Style>
        <LineStyle>
          <color>ffaca278</color>
          <width>2</width>
        </LineStyle>
        <PolyStyle>
          <color>ffaca278</color>
        </PolyStyle>
      </Style>
      <Polygon>
        <outerBoundaryIs>
          <LinearRing>
            <coordinates>
              17.4346231841602,47.81576278279243
              17.44668435132381,47.82212315070546,0
              17.44417475391869,47.82451574341491,0
              17.43182421279402,47.81866999555271,0
              17.43462318416028,47.81576278279243,0
            </coordinates>
          </LinearRing>
        </outerBoundaryIs>
      </Polygon>
    </Placemark>
    <Placemark>
      <name>Szélesföld 1</name>
      <Style>
        <LineStyle>
          <color>fff5d5a1</color>
          <width>2</width>
        </LineStyle>
        <PolyStyle>
          <color>fff5d5a1</color>
        </PolyStyle>
      </Style>
      <Polygon>
        <outerBoundaryIs>
          <LinearRing>
            <coordinates>
              17.4302387,47.8779298
              17.4281144,47.8752961,0
              17.4302387,47.8740727,0
              17.4317408,47.8735833,0
              17.4338865,47.8764475,0
              17.4302387,47.8779298,0
            </coordinates>
          </LinearRing>
        </outerBoundaryIs>
      </Polygon>
    </Placemark>
    <Placemark>
      <name>Szélesföld 2</name>
      <Style>
        <LineStyle>
          <color>ffce5de8</color>
          <width>2</width>
        </LineStyle>
        <PolyStyle>
          <color>ffce5de8</color>
        </PolyStyle>
      </Style>
      <Polygon>
        <outerBoundaryIs>
          <LinearRing>
            <coordinates>
              17.4262476,47.8789661
              17.4259686,47.8766202,0
              17.4281359,47.8753392,0
              17.4302173,47.8780306,0
              17.4262476,47.8789661,0
            </coordinates>
          </LinearRing>
        </outerBoundaryIs>
      </Polygon>
    </Placemark>
    <Placemark>
      <name>Szélesföld gyep</name>
      <Style>
        <LineStyle>
          <color>ff41f760</color>
          <width>2</width>
        </LineStyle>
        <PolyStyle>
          <color>ff41f760</color>
        </PolyStyle>
      </Style>
      <Polygon>
        <outerBoundaryIs>
          <LinearRing>
            <coordinates>
              17.4257326,47.8760373
              17.4256039,47.8756631,0
              17.4258077,47.8755695,0
              17.4261832,47.8753824,0
              17.4266875,47.8751665,0
              17.4273205,47.8747851,0
              17.4281251,47.8744253,0
              17.4291444,47.8740223,0
              17.4293911,47.8744541,0
              17.4280715,47.8752241,0
              17.4275887,47.8754832,0
              17.4270308,47.875771,0
              17.4264407,47.8759437,0
              17.4257326,47.8760373,0
            </coordinates>
          </LinearRing>
        </outerBoundaryIs>
      </Polygon>
    </Placemark>
    <Placemark>
      <name>Széleslapos</name>
      <Style>
        <LineStyle>
          <color>ff1631bb</color>
          <width>2</width>
        </LineStyle>
        <PolyStyle>
          <color>ff1631bb</color>
        </PolyStyle>
      </Style>
      <Polygon>
        <outerBoundaryIs>
          <LinearRing>
            <coordinates>
              17.3962712,47.898535
              17.3990393,47.9008223,0
              17.3990393,47.9015416,0
              17.4001551,47.9028507,0
              17.4012494,47.9032534,0
              17.4012494,47.9034548,0
              17.4003482,47.9042891,0
              17.4001765,47.9045193,0
              17.4002194,47.9051666,0
              17.3997688,47.9054831,0
              17.3994684,47.9055406,0
              17.3927951,47.9023616,0
              17.3962712,47.898535,0
            </coordinates>
          </LinearRing>
        </outerBoundaryIs>
      </Polygon>
    </Placemark>
    <Placemark>
      <name>Szérűskert</name>
      <Style>
        <LineStyle>
          <color>ffa21ab1</color>
          <width>2</width>
        </LineStyle>
        <PolyStyle>
          <color>ffa21ab1</color>
        </PolyStyle>
      </Style>
      <Polygon>
        <outerBoundaryIs>
          <LinearRing>
            <coordinates>
              17.3935086,47.8854419
              17.3938143,47.8847044,0
              17.3942435,47.8847692,0
              17.3943615,47.8849994,0
              17.3941469,47.8851325,0
              17.3940825,47.8853052,0
              17.3941737,47.8854239,0
              17.3943293,47.8854347,0
              17.3944098,47.8853807,0
              17.3951823,47.8853735,0
              17.3949462,47.8859203,0
              17.3949516,47.8860642,0
              17.3951769,47.8864456,0
              17.394222,47.8864312,0
              17.393927,47.8863305,0
              17.3937446,47.8859707,0
              17.3934603,47.8857693,0
              17.3932189,47.8856937,0
              17.3933423,47.885334,0
              17.3935086,47.8854419,0
            </coordinates>
          </LinearRing>
        </outerBoundaryIs>
      </Polygon>
    </Placemark>
    <Placemark>
      <name>Szőlőgyöp</name>
      <Style>
        <LineStyle>
          <color>ff48c683</color>
          <width>2</width>
        </LineStyle>
        <PolyStyle>
          <color>ff48c683</color>
        </PolyStyle>
      </Style>
      <Polygon>
        <outerBoundaryIs>
          <LinearRing>
            <coordinates>
              17.4388647,47.8277641
              17.4335432,47.8275768,0
              17.4351954,47.8205607,0
              17.4411821,47.8233845,0
              17.4407101,47.8245515,0
              17.4383712,47.8242634,0
              17.4382854,47.82471,0
              17.4406242,47.8249837,0
              17.4405384,47.8253151,0
              17.4402595,47.8252862,0
              17.4401736,47.8255312,0
              17.4383497,47.8253151,0
              17.4385643,47.8259489,0
              17.4391007,47.8264532,0
              17.4390149,47.8270438,0
              17.4388647,47.8277641,0
            </coordinates>
          </LinearRing>
        </outerBoundaryIs>
      </Polygon>
    </Placemark>
    <Placemark>
      <name>Tagok /Dunaremete/</name>
      <Style>
        <LineStyle>
          <color>ff094d97</color>
          <width>2</width>
        </LineStyle>
        <PolyStyle>
          <color>ff094d97</color>
        </PolyStyle>
      </Style>
      <Polygon>
        <outerBoundaryIs>
          <LinearRing>
            <coordinates>
              17.4489764072548,47.87600435467665
              17.44946861351044,47.87561213856575,0
              17.44978872899184,47.87552944762728,0
              17.4500719530838,47.8753891489384,0
              17.45038491522005,47.8752077661431,0
              17.45074086691135,47.87509819494025,0
              17.45113405697845,47.87489277971589,0
              17.45145364432127,47.87484898311652,0
              17.45160792758293,47.87498834416657,0
              17.45170879776352,47.87515192711502,0
              17.45156137246155,47.87530277084507,0
              17.45154797252064,47.87544579926694,0
              17.45168994079531,47.87552932674167,0
              17.45180428678063,47.87569124255874,0
              17.45198860262868,47.87583990167544,0
              17.45204616242932,47.87597340607185,0
              17.45143833743858,47.87606181303374,0
              17.4506507547461,47.87614208891345,0
              17.45032586726192,47.87621965588064,0
              17.44936723567236,47.876208986233,0
              17.44897270174395,47.8761289996853,0
              17.4489764072548,47.87600435467665,0
            </coordinates>
          </LinearRing>
        </outerBoundaryIs>
      </Polygon>
    </Placemark>
    <Placemark>
      <name>Telek bal</name>
      <Style>
        <LineStyle>
          <color>ff39c8f0</color>
          <width>2</width>
        </LineStyle>
        <PolyStyle>
          <color>ff39c8f0</color>
        </PolyStyle>
      </Style>
      <Polygon>
        <outerBoundaryIs>
          <LinearRing>
            <coordinates>
              17.4006486,47.8933413
              17.392602,47.9023472,0
              17.3921943,47.9022896,0
              17.391293,47.9022609,0
              17.3902845,47.9025917,0
              17.3893189,47.9032822,0
              17.3868942,47.9033541,0
              17.3871088,47.9025486,0
              17.3873448,47.902117,0
              17.3879671,47.9018869,0
              17.3887825,47.9015704,0
              17.3892975,47.9011388,0
              17.3894906,47.9005922,0
              17.3893189,47.8999592,0
              17.3891473,47.8991824,0
              17.3913145,47.8974992,0
              17.3919582,47.8973697,0
              17.3931384,47.8967511,0
              17.3939967,47.8959598,0
              17.3944902,47.8949383,0
              17.4006486,47.8933413,0
            </coordinates>
          </LinearRing>
        </outerBoundaryIs>
      </Polygon>
    </Placemark>
    <Placemark>
      <name>Telek jobb</name>
      <Style>
        <LineStyle>
          <color>ff889802</color>
          <width>2</width>
        </LineStyle>
        <PolyStyle>
          <color>ff889802</color>
        </PolyStyle>
      </Style>
      <Polygon>
        <outerBoundaryIs>
          <LinearRing>
            <coordinates>
              17.3982239,47.8962619
              17.4020004,47.8920464,0
              17.4059057,47.8952692,0
              17.4032235,47.896636,0
              17.4006057,47.8984918,0
              17.3982239,47.8962619,0
            </coordinates>
          </LinearRing>
        </outerBoundaryIs>
      </Polygon>
    </Placemark>
    <Placemark>
      <name>Telek jobb kis darab</name>
      <Style>
        <LineStyle>
          <color>ff877efb</color>
          <width>2</width>
        </LineStyle>
        <PolyStyle>
          <color>ff877efb</color>
        </PolyStyle>
      </Style>
      <Polygon>
        <outerBoundaryIs>
          <LinearRing>
            <coordinates>
              17.3969612978714,47.89745704875188
              17.39795711737194,47.89635175064599,0
              17.40039882734629,47.89854433802549,0
              17.39936282108589,47.89953723003298,0
              17.3969612978714,47.89745704875188,0
            </coordinates>
          </LinearRing>
        </outerBoundaryIs>
      </Polygon>
    </Placemark>
    <Placemark>
      <name>Temetői tábla</name>
      <Style>
        <LineStyle>
          <color>ffc86395</color>
          <width>2</width>
        </LineStyle>
        <PolyStyle>
          <color>ffc86395</color>
        </PolyStyle>
      </Style>
      <Polygon>
        <outerBoundaryIs>
          <LinearRing>
            <coordinates>
              17.4648017,47.8357515
              17.465094,47.8352996,0
              17.4648875,47.8350386,0
              17.4650484,47.8348585,0
              17.4653596,47.834628,0
              17.4657136,47.8343544,0
              17.4661642,47.834304,0
              17.4663895,47.8342103,0
              17.4664593,47.8346749,0
              17.4648017,47.8357515,0
            </coordinates>
          </LinearRing>
        </outerBoundaryIs>
      </Polygon>
    </Placemark>
    <Placemark>
      <name>Vajaslapos</name>
      <Style>
        <LineStyle>
          <color>ffc36531</color>
          <width>2</width>
        </LineStyle>
        <PolyStyle>
          <color>ffc36531</color>
        </PolyStyle>
      </Style>
      <Polygon>
        <outerBoundaryIs>
          <LinearRing>
            <coordinates>
              17.4169242,47.9000887
              17.4178576,47.899765,0
              17.4196279,47.9008295,0
              17.4216771,47.9032103,0
              17.4198961,47.9037857,0
              17.4196064,47.9035771,0
              17.4193382,47.9035555,0
              17.4184048,47.9039295,0
              17.4178469,47.903311,0
              17.4177074,47.9029226,0
              17.4173748,47.9026133,0
              17.4182224,47.9022609,0
              17.4173534,47.9012251,0
              17.4170208,47.9006066,0
              17.4169242,47.9000887,0
            </coordinates>
          </LinearRing>
        </outerBoundaryIs>
      </Polygon>
    </Placemark>
    <Placemark>
      <name>Vámkerék 2</name>
      <Style>
        <LineStyle>
          <color>ff40e10f</color>
          <width>2</width>
        </LineStyle>
        <PolyStyle>
          <color>ff40e10f</color>
        </PolyStyle>
      </Style>
      <Polygon>
        <outerBoundaryIs>
          <LinearRing>
            <coordinates>
              17.4346477637241,47.81576988909158
              17.43750517315,47.81282150523406,0
              17.43972120046992,47.81589980839395,0
              17.43958000034479,47.81610357688494,0
              17.44431733133328,47.82083033723998,0
              17.44062367964399,47.8189304703946,0
              17.44067029912275,47.81891485702369,0
              17.43464776372416,47.81576988909158,0
            </coordinates>
          </LinearRing>
        </outerBoundaryIs>
      </Polygon>
    </Placemark>
    <Placemark>
      <name>Vámkerék köztes</name>
      <Style>
        <LineStyle>
          <color>ff0ddbec</color>
          <width>2</width>
        </LineStyle>
        <PolyStyle>
          <color>ff0ddbec</color>
        </PolyStyle>
      </Style>
      <Polygon>
        <outerBoundaryIs>
          <LinearRing>
            <coordinates>
              17.4442555616603,47.82458681678417
              17.44677601880712,47.82216214913639,0
              17.44784781786412,47.82275351504219,0
              17.4479842,47.8238023,0
              17.4476838,47.8241625,0
              17.44811992519707,47.82441939408508,0
              17.4480793452536,47.82481156110221,0
              17.44778722060957,47.82472372506984,0
              17.44763704189926,47.82538298478974,0
              17.44696535035726,47.82597129540569,0
              17.44425556166031,47.82458681678417,0
            </coordinates>
          </LinearRing>
        </outerBoundaryIs>
      </Polygon>
    </Placemark>
    <Placemark>
      <name>Vámosszabadi</name>
      <Style>
        <LineStyle>
          <color>ffad1fce</color>
          <width>2</width>
        </LineStyle>
        <PolyStyle>
          <color>ffad1fce</color>
        </PolyStyle>
      </Style>
      <Polygon>
        <outerBoundaryIs>
          <LinearRing>
            <coordinates>
              17.6102579,47.7572356
              17.6191736,47.7561392,0
              17.6182187,47.7587503,0
              17.6093459,47.7599115,0
              17.6102579,47.7572356,0
            </coordinates>
          </LinearRing>
        </outerBoundaryIs>
      </Polygon>
    </Placemark>
    <Placemark>
      <name>Vasút mellett kicsi SA</name>
      <Style>
        <LineStyle>
          <color>ff76e43e</color>
          <width>2</width>
        </LineStyle>
        <PolyStyle>
          <color>ff76e43e</color>
        </PolyStyle>
      </Style>
      <Polygon>
        <outerBoundaryIs>
          <LinearRing>
            <coordinates>
              17.2760546,47.8432121
              17.273308,47.8418295,0
              17.2754323,47.8405621,0
              17.2780395,47.8417863,0
              17.2760546,47.8432121,0
            </coordinates>
          </LinearRing>
        </outerBoundaryIs>
      </Polygon>
    </Placemark>
    <Placemark>
      <name>Vasút mellett - LM</name>
      <Style>
        <LineStyle>
          <color>ff9a8085</color>
          <width>2</width>
        </LineStyle>
        <PolyStyle>
          <color>ff9a8085</color>
        </PolyStyle>
      </Style>
      <Polygon>
        <outerBoundaryIs>
          <LinearRing>
            <coordinates>
              17.2863845530198,47.82610193378883
              17.28854008255067,47.82551440306326,0
              17.2956115910028,47.8307985134503,0
              17.29406188297421,47.831807927949,0
              17.2863845530198,47.82610193378883,0
            </coordinates>
          </LinearRing>
        </outerBoundaryIs>
      </Polygon>
    </Placemark>
    <Placemark>
      <name>Vasút mellett nagy SA</name>
      <Style>
        <LineStyle>
          <color>ff213a42</color>
          <width>2</width>
        </LineStyle>
        <PolyStyle>
          <color>ff213a42</color>
        </PolyStyle>
      </Style>
      <Polygon>
        <outerBoundaryIs>
          <LinearRing>
            <coordinates>
              17.2781897,47.8416639
              17.2735977,47.8394027,0
              17.2766447,47.8367382,0
              17.2816658,47.8392155,0
              17.2781897,47.8416639,0
            </coordinates>
          </LinearRing>
        </outerBoundaryIs>
      </Polygon>
    </Placemark>
    <Placemark>
      <name>Vasvázas mögött</name>
      <Style>
        <LineStyle>
          <color>ffa8157b</color>
          <width>2</width>
        </LineStyle>
        <PolyStyle>
          <color>ffa8157b</color>
        </PolyStyle>
      </Style>
      <Polygon>
        <outerBoundaryIs>
          <LinearRing>
            <coordinates>
              17.3927468,47.8843123
              17.3924786,47.8849346,0
              17.3922426,47.8848699,0
              17.3925698,47.8843087,0
              17.3924249,47.8842727,0
              17.3922426,47.8844274,0
              17.3919421,47.8847152,0
              17.3915666,47.8850318,0
              17.3914325,47.8853591,0
              17.3911536,47.885226,0
              17.3910463,47.8850713,0
              17.3910302,47.8847692,0
              17.3909551,47.8845821,0
              17.3907834,47.8842871,0
              17.3906493,47.8840245,0
              17.3907351,47.883823,0
              17.3911053,47.8837223,0
              17.3915076,47.8837403,0
              17.3919475,47.883877,0
              17.3928595,47.8841144,0
              17.3939431,47.8842655,0
              17.3940504,47.8843878,0
              17.3945385,47.8843662,0
              17.3946297,47.8845137,0
              17.3949194,47.8844706,0
            </coordinates>
          </LinearRing>
        </outerBoundaryIs>
      </Polygon>
    </Placemark>
    <Placemark>
      <name>Világirét</name>
      <Style>
        <LineStyle>
          <color>ffb17090</color>
          <width>2</width>
        </LineStyle>
        <PolyStyle>
          <color>ffb17090</color>
        </PolyStyle>
      </Style>
      <Polygon>
        <outerBoundaryIs>
          <LinearRing>
            <coordinates>
              17.4242306,47.9032966
              17.4221921,47.9008223,0
              17.42275,47.9004915,0
              17.4226427,47.8999736,0
              17.4223208,47.8995708,0
              17.4220419,47.8994269,0
              17.4222779,47.8990817,0
              17.4230504,47.8989234,0
              17.4244881,47.900808,0
              17.424016,47.9010957,0
              17.4245524,47.9030952,0
              17.4242306,47.9032966,0
            </coordinates>
          </LinearRing>
        </outerBoundaryIs>
      </Polygon>
    </Placemark>
    <Placemark>
      <name>Vízeső</name>
      <Style>
        <LineStyle>
          <color>ff23004a</color>
          <width>2</width>
        </LineStyle>
        <PolyStyle>
          <color>ff23004a</color>
        </PolyStyle>
      </Style>
      <Polygon>
        <outerBoundaryIs>
          <LinearRing>
            <coordinates>
              17.4259686,47.8833121
              17.425561,47.8822472,0
              17.425518,47.8809233,0
              17.4304318,47.8797576,0
              17.4305606,47.8803332,0
              17.4307537,47.8812399,0
              17.4312043,47.8823048,0
              17.4310327,47.882607,0
              17.4294877,47.8825494,0
              17.4285865,47.8824919,0
              17.4259686,47.8833121,0
            </coordinates>
          </LinearRing>
        </outerBoundaryIs>
      </Polygon>
    </Placemark>
    <Placemark>
      <name>Vízmű Feketeerdő</name>
      <Style>
        <LineStyle>
          <color>ff519ff4</color>
          <width>2</width>
        </LineStyle>
        <PolyStyle>
          <color>ff519ff4</color>
        </PolyStyle>
      </Style>
      <Polygon>
        <outerBoundaryIs>
          <LinearRing>
            <coordinates>
              17.2827333,47.9195022
              17.2772563,47.9175249,0
              17.2779912,47.9169604,0
              17.2828192,47.918794,0
              17.2827333,47.9195022,0
            </coordinates>
          </LinearRing>
        </outerBoundaryIs>
      </Polygon>
    </Placemark>
    <Placemark>
      <name>Zsejke bal</name>
      <Style>
        <LineStyle>
          <color>ff6f6b3a</color>
          <width>2</width>
        </LineStyle>
        <PolyStyle>
          <color>ff6f6b3a</color>
        </PolyStyle>
      </Style>
      <Polygon>
        <outerBoundaryIs>
          <LinearRing>
            <coordinates>
              17.5189018,47.8001407
              17.5106835,47.8004146,0
              17.5106406,47.7983534,0
              17.5100183,47.7983678,0
              17.5101042,47.7964219,0
              17.5104475,47.7961913,0
              17.5187516,47.7960471,0
              17.5189018,47.8001407,0
            </coordinates>
          </LinearRing>
        </outerBoundaryIs>
      </Polygon>
    </Placemark>
    <Placemark>
      <name>Zsejke jobb</name>
      <Style>
        <LineStyle>
          <color>ff7a1e09</color>
          <width>2</width>
        </LineStyle>
        <PolyStyle>
          <color>ff7a1e09</color>
        </PolyStyle>
      </Style>
      <Polygon>
        <outerBoundaryIs>
          <LinearRing>
            <coordinates>
              17.5105977,47.7961336
              17.5130224,47.7941804,0
              17.5130975,47.7961048,0
              17.5105977,47.7961336,0
            </coordinates>
          </LinearRing>
        </outerBoundaryIs>
      </Polygon>
    </Placemark>
    <Placemark>
      <name>Ásvány előtt jobbra 2</name>
      <Style>
        <LineStyle>
          <color>ffcbbb6e</color>
          <width>2</width>
        </LineStyle>
        <PolyStyle>
          <color>ffcbbb6e</color>
        </PolyStyle>
      </Style>
      <Polygon>
        <outerBoundaryIs>
          <LinearRing>
            <coordinates>
              17.4802036488153,47.82612574211117
              17.47984393684279,47.82609953717409,0
              17.47967343016346,47.82587916706377,0
              17.47958995904158,47.8257309308034,0
              17.47947990652987,47.82566507820167,0
              17.47922519240776,47.82552797040454,0
              17.478923608868,47.82555149475864,0
              17.47892465611049,47.82556581984,0
              17.4785435713008,47.82570583924045,0
              17.47761778500612,47.82418537884168,0
              17.47760929328885,47.8241912440089,0
              17.47872712542368,47.8238771426602,0
              17.48020364881534,47.82612574211117,0
            </coordinates>
          </LinearRing>
        </outerBoundaryIs>
      </Polygon>
    </Placemark>
    <Placemark>
      <name>Hosszúnyilas HM</name>
      <Style>
        <LineStyle>
          <color>ff0b37a5</color>
          <width>2</width>
        </LineStyle>
        <PolyStyle>
          <color>ff0b37a5</color>
        </PolyStyle>
      </Style>
      <Polygon>
        <outerBoundaryIs>
          <LinearRing>
            <coordinates>
              17.3867011,47.7924145
              17.3956275,47.7854369,0
              17.3957777,47.7852206,0
              17.3984385,47.7867921,0
              17.389555,47.7935389,0
              17.3884177,47.7929046,0
              17.3867011,47.7924145,0
            </coordinates>
          </LinearRing>
        </outerBoundaryIs>
      </Polygon>
    </Placemark>
    <Placemark>
      <name>Püski föld kicsi</name>
      <Style>
        <LineStyle>
          <color>ffe56c82</color>
          <width>2</width>
        </LineStyle>
        <PolyStyle>
          <color>ffe56c82</color>
        </PolyStyle>
      </Style>
      <Polygon>
        <outerBoundaryIs>
          <LinearRing>
            <coordinates>
              17.4102829294731,47.88413486924471
              17.41314113886636,47.88287028400275,0
              17.41253231865829,47.8821152862223,0
              17.41773044010677,47.88008317654251,0
              17.42123977185145,47.88427188216282,0
              17.41311975576477,47.88710373305908,0
              17.41028292947314,47.88413486924471,0
            </coordinates>
          </LinearRing>
        </outerBoundaryIs>
      </Polygon>
    </Placemark>
    <Placemark>
      <name>Kölesföld nagy bal</name>
      <Style>
        <LineStyle>
          <color>ff1dafa8</color>
          <width>2</width>
        </LineStyle>
        <PolyStyle>
          <color>ff1dafa8</color>
        </PolyStyle>
      </Style>
      <Polygon>
        <outerBoundaryIs>
          <LinearRing>
            <coordinates>
              17.3938251,47.8924637
              17.3929882,47.89255,0
              17.3886752,47.89396,0
              17.3871732,47.8931111,0
              17.3866153,47.8927802,0
              17.3860574,47.8924061,0
              17.385993,47.8916148,0
              17.384727,47.8891687,0
              17.3852205,47.8880464,0
              17.385478,47.8874996,0
              17.385993,47.8872694,0
              17.3863578,47.8874852,0
              17.3876882,47.8881615,0
              17.38904,47.8885068,0
              17.3902202,47.8901615,0
              17.3919153,47.8895428,0
              17.3928809,47.8907946,0
              17.3935032,47.8908953,0
              17.3936319,47.8911112,0
              17.393117,47.8914565,0
              17.3931384,47.8916291,0
              17.3937392,47.8916148,0
              17.3938251,47.8924637,0
            </coordinates>
          </LinearRing>
        </outerBoundaryIs>
      </Polygon>
    </Placemark>
    <Placemark>
      <name>Agg-Duna kicsi</name>
      <Style>
        <LineStyle>
          <color>ffdb5263</color>
          <width>2</width>
        </LineStyle>
        <PolyStyle>
          <color>ffdb5263</color>
        </PolyStyle>
      </Style>
      <Polygon>
        <outerBoundaryIs>
          <LinearRing>
            <coordinates>
              17.4186087,47.8920752
              17.4189734,47.8912694,0
              17.4225354,47.892032,0
              17.4228787,47.8926219,0
              17.4221063,47.8924349,0
              17.4218702,47.8927946,0
              17.4186087,47.8920752,0
            </coordinates>
          </LinearRing>
        </outerBoundaryIs>
      </Polygon>
    </Placemark>
    <Placemark>
      <name>Agg-Duna nagy</name>
      <Style>
        <LineStyle>
          <color>ff6433f7</color>
          <width>2</width>
        </LineStyle>
        <PolyStyle>
          <color>ff6433f7</color>
        </PolyStyle>
      </Style>
      <Polygon>
        <outerBoundaryIs>
          <LinearRing>
            <coordinates>
              17.4191666,47.8908953
              17.4192953,47.8903918,0
              17.420733,47.8899025,0
              17.4215484,47.890032,0
              17.4169779,47.8859167,0
              17.4182224,47.8854707,0
              17.4196815,47.8868377,0
              17.4204326,47.8858592,0
              17.4211192,47.8855858,0
              17.4227715,47.8856002,0
              17.4222565,47.8862045,0
              17.4220204,47.8870247,0
              17.419982,47.8868809,0
              17.4198532,47.8874852,0
              17.420218,47.8879313,0
              17.4222136,47.8881903,0
              17.4219346,47.8903198,0
              17.421999,47.8910248,0
              17.4223638,47.8917299,0
              17.4191666,47.8908953,0
            </coordinates>
          </LinearRing>
        </outerBoundaryIs>
      </Polygon>
    </Placemark>
    <Placemark>
      <name>Allesdorfi</name>
      <Style>
        <LineStyle>
          <color>ffdb9126</color>
          <width>2</width>
        </LineStyle>
        <PolyStyle>
          <color>ffdb9126</color>
        </PolyStyle>
      </Style>
      <Polygon>
        <outerBoundaryIs>
          <LinearRing>
            <coordinates>
              17.2777176,47.8283187
              17.2779644,47.828434,0
              17.2722459,47.8335621,0
              17.2711623,47.8329788,0
              17.2756255,47.8288878,0
              17.2777176,47.8283187,0
            </coordinates>
          </LinearRing>
        </outerBoundaryIs>
      </Polygon>
    </Placemark>
    <Placemark>
      <name>Angol mellett</name>
      <Style>
        <LineStyle>
          <color>ff509b61</color>
          <width>2</width>
        </LineStyle>
        <PolyStyle>
          <color>ff509b61</color>
        </PolyStyle>
      </Style>
      <Polygon>
        <outerBoundaryIs>
          <LinearRing>
            <coordinates>
              17.4012709,47.8908018
              17.400434,47.890032,0
              17.4013567,47.8895788,0
              17.4023652,47.8904709,0
              17.4012709,47.8908018,0
            </coordinates>
          </LinearRing>
        </outerBoundaryIs>
      </Polygon>
    </Placemark>
    <Placemark>
      <name>Ároki</name>
      <Style>
        <LineStyle>
          <color>ff3e3e7a</color>
          <width>2</width>
        </LineStyle>
        <PolyStyle>
          <color>ff3e3e7a</color>
        </PolyStyle>
      </Style>
      <Polygon>
        <outerBoundaryIs>
          <LinearRing>
            <coordinates>
              17.4520183,47.8410446
              17.4465466,47.8395036,0
              17.4491429,47.836911,0
              17.4539709,47.8381929,0
              17.4531984,47.8389995,0
              17.4536705,47.83959,0
              17.4520183,47.8410446,0
            </coordinates>
          </LinearRing>
        </outerBoundaryIs>
      </Polygon>
    </Placemark>
    <Placemark>
      <name>Ásvány előtt balra</name>
      <Style>
        <LineStyle>
          <color>ff157ae4</color>
          <width>2</width>
        </LineStyle>
        <PolyStyle>
          <color>ff157ae4</color>
        </PolyStyle>
      </Style>
      <Polygon>
        <outerBoundaryIs>
          <LinearRing>
            <coordinates>
              17.4791515,47.8290966
              17.4802673,47.8286933,0
              17.4827564,47.8273968,0
              17.4842799,47.8297881,0
              17.4826813,47.8314591,0
              17.4825525,47.83192,0
              17.4809325,47.8317904,0
              17.4791515,47.8290966,0
            </coordinates>
          </LinearRing>
        </outerBoundaryIs>
      </Polygon>
    </Placemark>
    <Placemark>
      <name>Ásvány előtt jobbra 1</name>
      <Style>
        <LineStyle>
          <color>ff7c8d2a</color>
          <width>2</width>
        </LineStyle>
        <PolyStyle>
          <color>ff7c8d2a</color>
        </PolyStyle>
      </Style>
      <Polygon>
        <outerBoundaryIs>
          <LinearRing>
            <coordinates>
              17.482928,47.8269502
              17.4792588,47.8287941,0
              17.47627334893689,47.82946865228914,0
              17.47343029733706,47.82527528611624,0
              17.47666860311631,47.82443639009848,0
              17.47812518674574,47.82650013293549,0
              17.4778318,47.8266548,0
              17.4776495,47.8270006,0
              17.4777567,47.82725989999999,0
              17.4783468,47.8272815,0
              17.4789047,47.8271158,0
              17.479409,47.8268998,0
              17.4796665,47.8269358,0
              17.4801707,47.8270006,0
              17.4804819,47.8267053,0
              17.4805892,47.8263091,0
              17.4821556,47.82579770000001,0
              17.482928,47.8269502,0
            </coordinates>
          </LinearRing>
        </outerBoundaryIs>
      </Polygon>
    </Placemark>
    <Placemark>
      <name>Autópályai</name>
      <Style>
        <LineStyle>
          <color>ffb6e157</color>
          <width>2</width>
        </LineStyle>
        <PolyStyle>
          <color>ffb6e157</color>
        </PolyStyle>
      </Style>
      <Polygon>
        <outerBoundaryIs>
          <LinearRing>
            <coordinates>
              17.2749067,47.8286138
              17.2744775,47.8259343,0
              17.2854639,47.816627,0
              17.288146,47.8178662,0
              17.2790695,47.8273317,0
              17.2749067,47.8286138,0
            </coordinates>
          </LinearRing>
        </outerBoundaryIs>
      </Polygon>
    </Placemark>
    <Placemark>
      <name>Bagics</name>
      <Style>
        <LineStyle>
          <color>ffa93437</color>
          <width>2</width>
        </LineStyle>
        <PolyStyle>
          <color>ffa93437</color>
        </PolyStyle>
      </Style>
      <Polygon>
        <outerBoundaryIs>
          <LinearRing>
            <coordinates>
              17.4620605,47.8447026
              17.4600649,47.8432913,0
              17.4643779,47.8388554,0
              17.4642706,47.8386682,0
              17.4648285,47.8380489,0
              17.4659228,47.8384234,0
              17.4665666,47.8389419,0
              17.4671674,47.8396332,0
              17.4681974,47.8402525,0
              17.4643135,47.8440834,0
              17.4620605,47.8447026,0
            </coordinates>
          </LinearRing>
        </outerBoundaryIs>
      </Polygon>
    </Placemark>
    <Placemark>
      <name>Belső Károlymajor</name>
      <Style>
        <LineStyle>
          <color>ff621bcd</color>
          <width>2</width>
        </LineStyle>
        <PolyStyle>
          <color>ff621bcd</color>
        </PolyStyle>
      </Style>
      <Polygon>
        <outerBoundaryIs>
          <LinearRing>
            <coordinates>
              17.4909103,47.8125061
              17.4874341,47.8162598,0
              17.4859536,47.8154096,0
              17.4843335,47.8141992,0
              17.4849021,47.8134139,0
              17.4854279,47.8135868,0
              17.4858463,47.8137309,0
              17.4864578,47.813875,0
              17.4868655,47.8139038,0
              17.4870265,47.8137381,0
              17.4860072,47.813277,0
              17.4852133,47.8128807,0
              17.4853528,47.8124556,0
              17.4854064,47.8122035,0
              17.4850845,47.8117856,0
              17.4859965,47.8111587,0
              17.4866509,47.8105174,0
              17.4877131,47.8108345,0
              17.4881315,47.8104094,0
              17.4888182,47.810676,0
              17.4892795,47.8110146,0
              17.4897087,47.8116054,0
              17.4897838,47.8118864,0
              17.4901271,47.8122179,0
              17.4909103,47.8125061,0
            </coordinates>
          </LinearRing>
        </outerBoundaryIs>
      </Polygon>
    </Placemark>
    <Placemark>
      <name>Belső kerekes</name>
      <Style>
        <LineStyle>
          <color>ff8eaf7a</color>
          <width>2</width>
        </LineStyle>
        <PolyStyle>
          <color>ff8eaf7a</color>
        </PolyStyle>
      </Style>
      <Polygon>
        <outerBoundaryIs>
          <LinearRing>
            <coordinates>
              17.482338,47.808644
              17.4811471,47.8088458,0
              17.479291,47.8089683,0
              17.4782825,47.8090115,0
              17.4767697,47.8088386,0
              17.4757183,47.8085215,0
              17.4752676,47.8082405,0
              17.4750531,47.8077793,0
              17.4750638,47.8072821,0
              17.4752998,47.8068354,0
              17.4758792,47.8065039,0
              17.4766409,47.8064463,0
              17.4774992,47.806576,0
              17.4784648,47.8070155,0
              17.4791515,47.8073614,0
              17.4796879,47.8078586,0
              17.480042,47.8080748,0
              17.4808466,47.8082045,0
              17.4824452,47.8084567,0
              17.4823701,47.8085864,0
              17.482338,47.808644,0
            </coordinates>
          </LinearRing>
        </outerBoundaryIs>
      </Polygon>
    </Placemark>
    <Placemark>
      <name>Bögyöleg</name>
      <Style>
        <LineStyle>
          <color>ff223fe9</color>
          <width>2</width>
        </LineStyle>
        <PolyStyle>
          <color>ff223fe9</color>
        </PolyStyle>
      </Style>
      <Polygon>
        <outerBoundaryIs>
          <LinearRing>
            <coordinates>
              17.4676867201364,47.83827354868261
              17.46751721740758,47.83789184014469,0
              17.46770202421764,47.83760546079043,0
              17.46786914968522,47.83733375353638,0
              17.46777115507919,47.83699530593033,0
              17.46793715150406,47.83665771907785,0
              17.46835606967675,47.83644179726684,0
              17.46867325528689,47.83630270375613,0
              17.46904227092416,47.83646228638427,0
              17.46890394201798,47.83666115066095,0
              17.46879176559356,47.8368438483044,0
              17.46876142753855,47.83710805345424,0
              17.46880177362274,47.83731796195426,0
              17.46911337415814,47.83753045051668,0
              17.46935743637248,47.83771458932957,0
              17.46973250930033,47.83781830548007,0
              17.46998283548325,47.83800615560888,0
              17.47006563004322,47.83833276688108,0
              17.46980918635646,47.83861329714856,0
              17.46941311357288,47.83881917503777,0
              17.4690122144874,47.83900354319508,0
              17.46865308169781,47.83910218753768,0
              17.46829635358278,47.83899284778101,0
              17.46789747308425,47.83890159465661,0
              17.46762607609919,47.83898093823123,0
            </coordinates>
          </LinearRing>
        </outerBoundaryIs>
      </Polygon>
    </Placemark>
    <Placemark>
      <name>Benzinkút mögött</name>
      <Style>
        <LineStyle>
          <color>ff8be9ec</color>
          <width>2</width>
        </LineStyle>
        <PolyStyle>
          <color>ff8be9ec</color>
        </PolyStyle>
      </Style>
      <Polygon>
        <outerBoundaryIs>
          <LinearRing>
            <coordinates>
              17.4710727,47.8352186
              17.4704504,47.8353987,0
              17.4700534,47.8355715,0
              17.4692166,47.8364717,0
              17.4690878,47.8365293,0
              17.4689698,47.8364213,0
              17.4684656,47.835838,0
              17.4677682,47.8353915,0
              17.4676824,47.8344696,0
              17.4672747,47.8339511,0
              17.4673069,47.833843,0
              17.4682724,47.8334685,0
              17.4684012,47.8333677,0
              17.4684119,47.8331948,0
              17.4682832,47.833022,0
              17.4688625,47.8327843,0
              17.4689698,47.8326907,0
              17.4689806,47.8325898,0
              17.4693775,47.832489,0
              17.4710727,47.8352186,0
            </coordinates>
          </LinearRing>
        </outerBoundaryIs>
      </Polygon>
    </Placemark>
    <Placemark>
      <name>Biotechnikai - LM</name>
      <Style>
        <LineStyle>
          <color>ff01309b</color>
          <width>2</width>
        </LineStyle>
        <PolyStyle>
          <color>ff01309b</color>
        </PolyStyle>
      </Style>
      <Polygon>
        <outerBoundaryIs>
          <LinearRing>
            <coordinates>
              17.2356391,47.850398
              17.2393727,47.8473884,0
              17.2417867,47.848418,0
              17.2375918,47.8515643,0
              17.2356391,47.850398,0
            </coordinates>
          </LinearRing>
        </outerBoundaryIs>
      </Polygon>
    </Placemark>
    <Placemark>
      <name>Biotechnikai - SA</name>
      <Style>
        <LineStyle>
          <color>ff18f8c4</color>
          <width>2</width>
        </LineStyle>
        <PolyStyle>
          <color>ff18f8c4</color>
        </PolyStyle>
      </Style>
      <Polygon>
        <outerBoundaryIs>
          <LinearRing>
            <coordinates>
              17.2418189,47.8484684
              17.2431707,47.8490012,0
              17.2390187,47.8524283,0
              17.2375703,47.8516579,0
              17.2418189,47.8484684,0
            </coordinates>
          </LinearRing>
        </outerBoundaryIs>
      </Polygon>
    </Placemark>
    <Placemark>
      <name>Birkahíd</name>
      <Style>
        <LineStyle>
          <color>ffe0dc43</color>
          <width>2</width>
        </LineStyle>
        <PolyStyle>
          <color>ffe0dc43</color>
        </PolyStyle>
      </Style>
      <Polygon>
        <outerBoundaryIs>
          <LinearRing>
            <coordinates>
              17.4410641,47.8326187
              17.441268,47.8327915,0
              17.4478555,47.8346064,0
              17.4463534,47.8368534,0
              17.4450231,47.8382073,0
              17.4435639,47.8395324,0
              17.4426627,47.8402957,0
              17.4421048,47.8402669,0
              17.4416113,47.839662,0
              17.4407744,47.8389707,0
              17.439723,47.8384378,0
              17.4383068,47.8383513,0
              17.4374485,47.8384378,0
              17.4369979,47.8381929,0
              17.4368906,47.8378472,0
              17.4376416,47.8360324,0
              17.4381137,47.8354563,0
              17.4387789,47.8350098,0
              17.4396586,47.8342607,0
              17.4403453,47.8336126,0
              17.4410641,47.8326187,0
            </coordinates>
          </LinearRing>
        </outerBoundaryIs>
      </Polygon>
    </Placemark>
    <Placemark>
      <name>Bírótanya - LM</name>
      <Style>
        <LineStyle>
          <color>ffa94fce</color>
          <width>2</width>
        </LineStyle>
        <PolyStyle>
          <color>ffa94fce</color>
        </PolyStyle>
      </Style>
      <Polygon>
        <outerBoundaryIs>
          <LinearRing>
            <coordinates>
              17.1662879,47.8304723
              17.1651936,47.8298673,0
              17.1708584,47.8242346,0
              17.1720386,47.8247244,0
              17.1662879,47.8304723,0
            </coordinates>
          </LinearRing>
        </outerBoundaryIs>
      </Polygon>
    </Placemark>
    <Placemark>
      <name>Bírótanya - SA</name>
      <Style>
        <LineStyle>
          <color>ffb341d9</color>
          <width>2</width>
        </LineStyle>
        <PolyStyle>
          <color>ffb341d9</color>
        </PolyStyle>
      </Style>
      <Polygon>
        <outerBoundaryIs>
          <LinearRing>
            <coordinates>
              17.1643353,47.829464
              17.169764,47.8237447,0
              17.1709228,47.824249,0
              17.1652365,47.8299249,0
              17.1643353,47.829464,0
            </coordinates>
          </LinearRing>
        </outerBoundaryIs>
      </Polygon>
    </Placemark>
    <Placemark>
      <name>Bordacsipart</name>
      <Style>
        <LineStyle>
          <color>ff8472f5</color>
          <width>2</width>
        </LineStyle>
        <PolyStyle>
          <color>ff8472f5</color>
        </PolyStyle>
      </Style>
      <Polygon>
        <outerBoundaryIs>
          <LinearRing>
            <coordinates>
              17.3132515,47.8157194
              17.3107624,47.8170162,0
              17.3071039,47.8139687,0
              17.3103118,47.8130536,0
              17.3132515,47.8157194,0
            </coordinates>
          </LinearRing>
        </outerBoundaryIs>
      </Polygon>
    </Placemark>
    <Placemark>
      <name>Bumi</name>
      <Style>
        <LineStyle>
          <color>ff929a48</color>
          <width>2</width>
        </LineStyle>
        <PolyStyle>
          <color>ff929a48</color>
        </PolyStyle>
      </Style>
      <Polygon>
        <outerBoundaryIs>
          <LinearRing>
            <coordinates>
              17.4525118,47.8413183
              17.450881,47.8429169,0
              17.4492073,47.8426288,0
              17.4477053,47.8424416,0
              17.4473619,47.8429601,0
              17.4434352,47.8419375,0
              17.4446797,47.8406125,0
              17.4460316,47.8408862,0
              17.4470401,47.8398924,0
              17.4525118,47.8413183,0
            </coordinates>
          </LinearRing>
        </outerBoundaryIs>
      </Polygon>
    </Placemark>
    <Placemark>
      <name>Cinek</name>
      <Style>
        <LineStyle>
          <color>ffdc2139</color>
          <width>2</width>
        </LineStyle>
        <PolyStyle>
          <color>ffdc2139</color>
        </PolyStyle>
      </Style>
      <Polygon>
        <outerBoundaryIs>
          <LinearRing>
            <coordinates>
              17.3976016,47.8838662
              17.3976445,47.883787,0
              17.3979396,47.8836719,0
              17.398138,47.8835244,0
              17.3983365,47.8831359,0
              17.3986101,47.8830171,0
              17.3989588,47.882884,0
              17.3991197,47.8826574,0
              17.3989588,47.8824811,0
              17.3991197,47.8823156,0
              17.3998117,47.8818947,0
              17.4002409,47.881758,0
              17.4006164,47.8818047,0
              17.4008042,47.882366,0
              17.400713,47.8828409,0
              17.4003053,47.8830135,0
              17.3999619,47.8831431,0
              17.3999244,47.8832834,0
              17.3992217,47.8832474,0
              17.3988032,47.8834704,0
              17.398476,47.8835244,0
              17.3985618,47.8836467,0
              17.3976606,47.8838662,0
              17.3976016,47.8838662,0
            </coordinates>
          </LinearRing>
        </outerBoundaryIs>
      </Polygon>
    </Placemark>
    <Placemark>
      <name>Csöndérlósziget 1</name>
      <Style>
        <LineStyle>
          <color>ffee8fc8</color>
          <width>2</width>
        </LineStyle>
        <PolyStyle>
          <color>ffee8fc8</color>
        </PolyStyle>
      </Style>
      <Polygon>
        <outerBoundaryIs>
          <LinearRing>
            <coordinates>
              17.4039745,47.9030305
              17.4033844,47.9032319,0
              17.4021828,47.9033973,0
              17.4016356,47.9033398,0
              17.4009275,47.9031671,0
              17.4000263,47.9027644,0
              17.3990607,47.9015344,0
              17.3992646,47.9006857,0
              17.3994577,47.8998945,0
              17.3999405,47.8991824,0
              17.4006701,47.8985925,0
              17.4009168,47.8988371,0
              17.4039745,47.9030305,0
            </coordinates>
          </LinearRing>
        </outerBoundaryIs>
      </Polygon>
    </Placemark>
    <Placemark>
      <name>Csöndérlósziget 2</name>
      <Style>
        <LineStyle>
          <color>ffad65a9</color>
          <width>2</width>
        </LineStyle>
        <PolyStyle>
          <color>ffad65a9</color>
        </PolyStyle>
      </Style>
      <Polygon>
        <outerBoundaryIs>
          <LinearRing>
            <coordinates>
              17.4051654,47.9045912
              17.4044895,47.9050084,0
              17.4038565,47.9052385,0
              17.4031913,47.9054039,0
              17.4023223,47.9054687,0
              17.4013889,47.9053176,0
              17.4007344,47.9050515,0
              17.4003911,47.90462,0
              17.4006057,47.9042244,0
              17.4013782,47.9034261,0
              17.4021077,47.9034692,0
              17.402848,47.9034045,0
              17.4040282,47.9031024,0
              17.4051654,47.9045912,0
            </coordinates>
          </LinearRing>
        </outerBoundaryIs>
      </Polygon>
    </Placemark>
    <Placemark>
      <name>Darnói kicsi 1</name>
      <Style>
        <LineStyle>
          <color>ffc4e99d</color>
          <width>2</width>
        </LineStyle>
        <PolyStyle>
          <color>ffc4e99d</color>
        </PolyStyle>
      </Style>
      <Polygon>
        <outerBoundaryIs>
          <LinearRing>
            <coordinates>
              17.4476141,47.8357804
              17.4476945,47.8356039,0
              17.451396,47.8365977,0
              17.451219,47.8367742,0
              17.4476141,47.8357804,0
            </coordinates>
          </LinearRing>
        </outerBoundaryIs>
      </Polygon>
    </Placemark>
    <Placemark>
      <name>Darnói kicsi 2</name>
      <Style>
        <LineStyle>
          <color>ffe6992c</color>
          <width>2</width>
        </LineStyle>
        <PolyStyle>
          <color>ffe6992c</color>
        </PolyStyle>
      </Style>
      <Polygon>
        <outerBoundaryIs>
          <LinearRing>
            <coordinates>
              17.4484617,47.8345488
              17.4523079,47.8357191,0
              17.4521363,47.8358524,0
              17.4483222,47.8346749,0
              17.4484617,47.8345488,0
            </coordinates>
          </LinearRing>
        </outerBoundaryIs>
      </Polygon>
    </Placemark>
    <Placemark>
      <name>Darnói kicsi 3</name>
      <Style>
        <LineStyle>
          <color>ff6b2a71</color>
          <width>2</width>
        </LineStyle>
        <PolyStyle>
          <color>ff6b2a71</color>
        </PolyStyle>
      </Style>
      <Polygon>
        <outerBoundaryIs>
          <LinearRing>
            <coordinates>
              17.4484617,47.8345488
              17.4486601,47.8343976,0
              17.4524689,47.8355535,0
              17.4523079,47.8357191,0
              17.4484617,47.8345488,0
            </coordinates>
          </LinearRing>
        </outerBoundaryIs>
      </Polygon>
    </Placemark>
    <Placemark>
      <name>Darnói kicsi 4</name>
      <Style>
        <LineStyle>
          <color>ff4b8d9a</color>
          <width>2</width>
        </LineStyle>
        <PolyStyle>
          <color>ff4b8d9a</color>
        </PolyStyle>
      </Style>
      <Polygon>
        <outerBoundaryIs>
          <LinearRing>
            <coordinates>
              17.449041,47.8340447
              17.4492449,47.8339114,0
              17.4529999,47.8350818,0
              17.452839,47.835233,0
              17.449041,47.8340447,0
            </coordinates>
          </LinearRing>
        </outerBoundaryIs>
      </Polygon>
    </Placemark>
    <Placemark>
      <name>Faluerdő</name>
      <Style>
        <LineStyle>
          <color>ffc8b12e</color>
          <width>2</width>
        </LineStyle>
        <PolyStyle>
          <color>ffc8b12e</color>
        </PolyStyle>
      </Style>
      <Polygon>
        <outerBoundaryIs>
          <LinearRing>
            <coordinates>
              17.4369965747132,47.88313324971067
              17.43647377833616,47.88230069401024,0
              17.43799376655037,47.88171595630237,0
              17.4386358153275,47.88237221119049,0
              17.43699657471325,47.88313324971067,0
            </coordinates>
          </LinearRing>
        </outerBoundaryIs>
      </Polygon>
    </Placemark>
    <Placemark>
      <name>Félholdak</name>
      <Style>
        <LineStyle>
          <color>ffeadde1</color>
          <width>2</width>
        </LineStyle>
        <PolyStyle>
          <color>ffeadde1</color>
        </PolyStyle>
      </Style>
      <Polygon>
        <outerBoundaryIs>
          <LinearRing>
            <coordinates>
              17.392956,47.9099204
              17.3928058,47.9097047,0
              17.3928595,47.9093523,0
              17.3939645,47.907691,0
              17.3947906,47.9072235,0
              17.3949301,47.9067129,0
              17.3945868,47.9055334,0
              17.3958313,47.9051882,0
              17.3966789,47.9061375,0
              17.3966038,47.9066482,0
              17.3975158,47.9063821,0
              17.3982882,47.9072523,0
              17.3969686,47.9077126,0
              17.396518,47.9081513,0
              17.3954022,47.9089639,0
              17.3949838,47.9092588,0
              17.3935246,47.9098269,0
              17.392956,47.9099204,0
            </coordinates>
          </LinearRing>
        </outerBoundaryIs>
      </Polygon>
    </Placemark>
    <Placemark>
      <name>Gyári tábla 3</name>
      <Style>
        <LineStyle>
          <color>ff3dd510</color>
          <width>2</width>
        </LineStyle>
        <PolyStyle>
          <color>ff3dd510</color>
        </PolyStyle>
      </Style>
      <Polygon>
        <outerBoundaryIs>
          <LinearRing>
            <coordinates>
              17.4504197,47.8254879
              17.4513423,47.8227578,0
              17.4515891,47.8225849,0
              17.4525332,47.8226714,0
              17.453059,47.8227794,0
              17.4537134,47.8228227,0
              17.4529195,47.8236799,0
              17.4535739,47.8260642,0
              17.4534345,47.8261938,0
              17.4512243,47.8260354,0
              17.4509668,47.8257328,0
              17.4510205,47.8255744,0
              17.4504197,47.8254879,0
            </coordinates>
          </LinearRing>
        </outerBoundaryIs>
      </Polygon>
    </Placemark>
    <Placemark>
      <name>Gyári tábla 4 gyep</name>
      <Style>
        <LineStyle>
          <color>ff0268b5</color>
          <width>2</width>
        </LineStyle>
        <PolyStyle>
          <color>ff0268b5</color>
        </PolyStyle>
      </Style>
      <Polygon>
        <outerBoundaryIs>
          <LinearRing>
            <coordinates>
              17.4491751,47.8238096
              17.4494433,47.8220375,0
              17.4498349,47.8219114,0
              17.4502105,47.8218358,0
              17.4505162,47.8219582,0
              17.4508274,47.8219762,0
              17.4506825,47.8228011,0
              17.4503553,47.823914,0
              17.4491751,47.8238096,0
            </coordinates>
          </LinearRing>
        </outerBoundaryIs>
      </Polygon>
    </Placemark>
    <Placemark>
      <name>Gyöpföld</name>
      <Style>
        <LineStyle>
          <color>ff7dc395</color>
          <width>2</width>
        </LineStyle>
        <PolyStyle>
          <color>ff7dc395</color>
        </PolyStyle>
      </Style>
      <Polygon>
        <outerBoundaryIs>
          <LinearRing>
            <coordinates>
              17.3800063,47.8994773
              17.3831284,47.8976215,0
              17.3862183,47.8983839,0
              17.3875058,47.8987436,0
              17.3884606,47.8990673,0
              17.388922,47.899506,0
              17.3890507,47.9000455,0
              17.3890078,47.9005634,0
              17.388804,47.9011604,0
              17.388407,47.9015992,0
              17.3877096,47.9018149,0
              17.387141,47.902117,0
              17.386744,47.903311,0
              17.3800063,47.8994773,0
            </coordinates>
          </LinearRing>
        </outerBoundaryIs>
      </Polygon>
    </Placemark>
    <Placemark>
      <name>Gyümölcsösi lósziget kicsi</name>
      <Style>
        <LineStyle>
          <color>ff759c33</color>
          <width>2</width>
        </LineStyle>
        <PolyStyle>
          <color>ff759c33</color>
        </PolyStyle>
      </Style>
      <Polygon>
        <outerBoundaryIs>
          <LinearRing>
            <coordinates>
              17.4041891,47.9029945
              17.4058843,47.9024767,0
              17.4076653,47.9049652,0
              17.4074507,47.9054399,0
              17.4079227,47.9056125,0
              17.4066567,47.9061447,0
              17.4060988,47.905368,0
              17.4058199,47.9054255,0
              17.4041891,47.9029945,0
            </coordinates>
          </LinearRing>
        </outerBoundaryIs>
      </Polygon>
    </Placemark>
    <Placemark>
      <name>Gyümölcsösi lósziget nagy</name>
      <Style>
        <LineStyle>
          <color>ff4f9e69</color>
          <width>2</width>
        </LineStyle>
        <PolyStyle>
          <color>ff4f9e69</color>
        </PolyStyle>
      </Style>
      <Polygon>
        <outerBoundaryIs>
          <LinearRing>
            <coordinates>
              17.4078798,47.9047638
              17.4068069,47.9032247,0
              17.4076653,47.9029226,0
              17.4092102,47.9030377,0
              17.4108624,47.9034117,0
              17.4116135,47.9031384,0
              17.4124932,47.903498,0
              17.413094,47.9040734,0
              17.4134374,47.9050228,0
              17.413373,47.9057132,0
              17.4132228,47.9063317,0
              17.4135661,47.9064468,0
              17.4138665,47.9060009,0
              17.4138236,47.904807,0
              17.4137592,47.9041885,0
              17.4131799,47.9038145,0
              17.412858,47.903498,0
              17.4142098,47.9029514,0
              17.4172568,47.9070941,0
              17.4157119,47.9075831,0
              17.4137592,47.9075687,0
              17.4109912,47.9041597,0
              17.409339,47.9049077,0
              17.4084163,47.9047207,0
              17.4078798,47.9047638,0
            </coordinates>
          </LinearRing>
        </outerBoundaryIs>
      </Polygon>
    </Placemark>
    <Placemark>
      <name>Hatrendes</name>
      <Style>
        <LineStyle>
          <color>ff8c3106</color>
          <width>2</width>
        </LineStyle>
        <PolyStyle>
          <color>ff8c3106</color>
        </PolyStyle>
      </Style>
      <Polygon>
        <outerBoundaryIs>
          <LinearRing>
            <coordinates>
              17.4056214,47.896769
              17.4043286,47.897082,0
              17.4037814,47.8965892,0
              17.4048382,47.8959562,0
              17.4056214,47.896769,0
            </coordinates>
          </LinearRing>
        </outerBoundaryIs>
      </Polygon>
    </Placemark>
    <Placemark>
      <name>Hétrendes</name>
      <Style>
        <LineStyle>
          <color>ffd5827b</color>
          <width>2</width>
        </LineStyle>
        <PolyStyle>
          <color>ffd5827b</color>
        </PolyStyle>
      </Style>
      <Polygon>
        <outerBoundaryIs>
          <LinearRing>
            <coordinates>
              17.4175894,47.9072451
              17.414757,47.9035052,0
              17.4170423,47.9027212,0
              17.4175036,47.9033398,0
              17.4182761,47.9040446,0
              17.4190593,47.9038432,0
              17.4196815,47.9038216,0
              17.4198747,47.9040734,0
              17.419821,47.9043323,0
              17.4199283,47.9049652,0
              17.419821,47.9054399,0
              17.4200356,47.9058786,0
              17.4202931,47.9062023,0
              17.4204969,47.9064396,0
              17.4204648,47.9065187,0
              17.4175894,47.9072451,0
            </coordinates>
          </LinearRing>
        </outerBoundaryIs>
      </Polygon>
    </Placemark>
    <Placemark>
      <name>Hétrendes gyep</name>
      <Style>
        <LineStyle>
          <color>ffdc79e0</color>
          <width>2</width>
        </LineStyle>
        <PolyStyle>
          <color>ffdc79e0</color>
        </PolyStyle>
      </Style>
      <Polygon>
        <outerBoundaryIs>
          <LinearRing>
            <coordinates>
              17.4170959,47.9025558
              17.4169135,47.9027068,0
              17.4166024,47.9026637,0
              17.4163556,47.9024191,0
              17.4158406,47.9021458,0
              17.4153042,47.9023975,0
              17.4142313,47.9027859,0
              17.4132013,47.9013114,0
              17.4168062,47.9001246,0
              17.4169993,47.900923,0
              17.4173105,47.9014337,0
              17.4179864,47.9022393,0
              17.4170959,47.9025558,0
            </coordinates>
          </LinearRing>
        </outerBoundaryIs>
      </Polygon>
    </Placemark>
    <Placemark>
      <name>Hosszúnyilas</name>
      <Style>
        <LineStyle>
          <color>ff3c6bad</color>
          <width>2</width>
        </LineStyle>
        <PolyStyle>
          <color>ff3c6bad</color>
        </PolyStyle>
      </Style>
      <Polygon>
        <outerBoundaryIs>
          <LinearRing>
            <coordinates>
              17.3867011,47.7924145
              17.3956275,47.7854369,0
              17.3957777,47.7852206,0
              17.3984385,47.7867921,0
              17.389555,47.7935389,0
              17.3884177,47.7929046,0
              17.3867011,47.7924145,0
            </coordinates>
          </LinearRing>
        </outerBoundaryIs>
      </Polygon>
    </Placemark>
    <Placemark>
      <name>Hosszúosztály 1</name>
      <Style>
        <LineStyle>
          <color>ff2de45c</color>
          <width>2</width>
        </LineStyle>
        <PolyStyle>
          <color>ff2de45c</color>
        </PolyStyle>
      </Style>
      <Polygon>
        <outerBoundaryIs>
          <LinearRing>
            <coordinates>
              17.364471,47.8977869
              17.3651147,47.8974992,0
              17.3725605,47.9017574,0
              17.37432,47.9011388,0
              17.3756075,47.9002757,0
              17.3766375,47.9009087,0
              17.3722386,47.9022321,0
              17.364471,47.8977869,0
            </coordinates>
          </LinearRing>
        </outerBoundaryIs>
      </Polygon>
    </Placemark>
    <Placemark>
      <name>Hosszúosztály 2</name>
      <Style>
        <LineStyle>
          <color>ff91ec96</color>
          <width>2</width>
        </LineStyle>
        <PolyStyle>
          <color>ff91ec96</color>
        </PolyStyle>
      </Style>
      <Polygon>
        <outerBoundaryIs>
          <LinearRing>
            <coordinates>
              17.3699427,47.9030089
              17.3620677,47.8986645,0
              17.3639131,47.8978732,0
              17.3718953,47.9023616,0
              17.3699427,47.9030089,0
            </coordinates>
          </LinearRing>
        </outerBoundaryIs>
      </Polygon>
    </Placemark>
    <Placemark>
      <name>Hosszúosztály 3</name>
      <Style>
        <LineStyle>
          <color>ffc8e882</color>
          <width>2</width>
        </LineStyle>
        <PolyStyle>
          <color>ffc8e882</color>
        </PolyStyle>
      </Style>
      <Polygon>
        <outerBoundaryIs>
          <LinearRing>
            <coordinates>
              17.3620248,47.9054111
              17.3582053,47.9029514,0
              17.3591065,47.9025342,0
              17.3597074,47.902189,0
              17.3600936,47.9015272,0
              17.360909,47.9006785,0
              17.3613596,47.8993262,0
              17.368505,47.9034261,0
              17.3622608,47.9053392,0
              17.3620248,47.9054111,0
            </coordinates>
          </LinearRing>
        </outerBoundaryIs>
      </Polygon>
    </Placemark>
    <Placemark>
      <name>Irtás</name>
      <Style>
        <LineStyle>
          <color>ff207dc2</color>
          <width>2</width>
        </LineStyle>
        <PolyStyle>
          <color>ff207dc2</color>
        </PolyStyle>
      </Style>
      <Polygon>
        <outerBoundaryIs>
          <LinearRing>
            <coordinates>
              17.4251103,47.8742454
              17.4244452,47.872547,0
              17.4257755,47.8721152,0
              17.426033,47.8720144,0
              17.4260116,47.8715826,0
              17.4262691,47.8713955,0
              17.4261189,47.8710788,0
              17.4296808,47.8705751,0
              17.4299598,47.8707766,0
              17.4300885,47.871194,0
              17.4291444,47.8721584,0
              17.4289727,47.8736984,0
              17.4253464,47.8742454,0
              17.4251103,47.8742454,0
            </coordinates>
          </LinearRing>
        </outerBoundaryIs>
      </Polygon>
    </Placemark>
    <Placemark>
      <name>Irtás kicsi</name>
      <Style>
        <LineStyle>
          <color>ff50623c</color>
          <width>2</width>
        </LineStyle>
        <PolyStyle>
          <color>ff50623c</color>
        </PolyStyle>
      </Style>
      <Polygon>
        <outerBoundaryIs>
          <LinearRing>
            <coordinates>
              17.4308717,47.8711508
              17.4307215,47.8709421,0
              17.4299061,47.8704383,0
              17.4333286,47.869841,0
              17.4334681,47.8702368,0
              17.4308717,47.8711508,0
            </coordinates>
          </LinearRing>
        </outerBoundaryIs>
      </Polygon>
    </Placemark>
    <Placemark>
      <name>Jegyzőföld 1</name>
      <Style>
        <LineStyle>
          <color>ff0e4218</color>
          <width>2</width>
        </LineStyle>
        <PolyStyle>
          <color>ff0e4218</color>
        </PolyStyle>
      </Style>
      <Polygon>
        <outerBoundaryIs>
          <LinearRing>
            <coordinates>
              17.4070215,47.8810528
              17.4057126,47.879772,0
              17.407515,47.8755119,0
              17.4081373,47.8744037,0
              17.4094033,47.8748499,0
              17.4129224,47.8788797,0
              17.4070215,47.8810528,0
            </coordinates>
          </LinearRing>
        </outerBoundaryIs>
      </Polygon>
    </Placemark>
    <Placemark>
      <name>Jegyzőföld füzesi</name>
      <Style>
        <LineStyle>
          <color>ff71fa4c</color>
          <width>2</width>
        </LineStyle>
        <PolyStyle>
          <color>ff71fa4c</color>
        </PolyStyle>
      </Style>
      <Polygon>
        <outerBoundaryIs>
          <LinearRing>
            <coordinates>
              17.4214196,47.8785199
              17.4199176,47.8764475,0
              17.4214411,47.874706,0
              17.4214625,47.8737272,0
              17.4225998,47.8720288,0
              17.4236512,47.8707046,0
              17.4238014,47.870719,0
              17.4250245,47.8743749,0
              17.4258184,47.8766346,0
              17.4260545,47.8790812,0
              17.4219131,47.8785487,0
              17.4214196,47.8785199,0
            </coordinates>
          </LinearRing>
        </outerBoundaryIs>
      </Polygon>
    </Placemark>
    <Placemark>
      <name>Kápolna-Délő</name>
      <Style>
        <LineStyle>
          <color>ff8893de</color>
          <width>2</width>
        </LineStyle>
        <PolyStyle>
          <color>ff8893de</color>
        </PolyStyle>
      </Style>
      <Polygon>
        <outerBoundaryIs>
          <LinearRing>
            <coordinates>
              17.3784614,47.9003476
              17.3837614,47.903872,0
              17.3827744,47.9047063,0
              17.3828387,47.9052241,0
              17.3837399,47.906116,0
              17.3826456,47.9074249,0
              17.3808217,47.9086043,0
              17.3796415,47.909266,0
              17.3784828,47.9090358,0
              17.3770452,47.9079139,0
              17.3765302,47.9072523,0
              17.3764229,47.9063173,0
              17.3757792,47.9055981,0
              17.3751998,47.9052241,0
              17.374835,47.9043179,0
              17.3735905,47.904246,0
              17.3723888,47.9041741,0
              17.3719168,47.9037281,0
              17.3704576,47.9033541,0
              17.3698354,47.903124,0
              17.3779893,47.9006497,0
              17.3784614,47.9003476,0
            </coordinates>
          </LinearRing>
        </outerBoundaryIs>
      </Polygon>
    </Placemark>
    <Placemark>
      <name>Károlyháza SA</name>
      <Style>
        <LineStyle>
          <color>ffef673a</color>
          <width>2</width>
        </LineStyle>
        <PolyStyle>
          <color>ffef673a</color>
        </PolyStyle>
      </Style>
      <Polygon>
        <outerBoundaryIs>
          <LinearRing>
            <coordinates>
              17.3513603,47.8049114
              17.3503518,47.804162,0
              17.3592997,47.7993768,0
              17.3602867,47.8001407,0
              17.3513603,47.8049114,0
            </coordinates>
          </LinearRing>
        </outerBoundaryIs>
      </Polygon>
    </Placemark>
    <Placemark>
      <name>Károlyháza Szage hidró</name>
      <Style>
        <LineStyle>
          <color>ff12b583</color>
          <width>2</width>
        </LineStyle>
        <PolyStyle>
          <color>ff12b583</color>
        </PolyStyle>
      </Style>
      <Polygon>
        <outerBoundaryIs>
          <LinearRing>
            <coordinates>
              17.3499227,47.8037008
              17.3492789,47.8031531,0
              17.3580337,47.7981516,0
              17.3586774,47.798757,0
              17.3499227,47.8037008,0
            </coordinates>
          </LinearRing>
        </outerBoundaryIs>
      </Polygon>
    </Placemark>
    <Placemark>
      <name>Károlyi úton kicsi</name>
      <Style>
        <LineStyle>
          <color>ff88d262</color>
          <width>2</width>
        </LineStyle>
        <PolyStyle>
          <color>ff88d262</color>
        </PolyStyle>
      </Style>
      <Polygon>
        <outerBoundaryIs>
          <LinearRing>
            <coordinates>
              17.4659282,47.8298781
              17.4658585,47.8297233,0
              17.469635,47.8291363,0
              17.4694741,47.8293487,0
              17.4659282,47.8298781,0
            </coordinates>
          </LinearRing>
        </outerBoundaryIs>
      </Polygon>
    </Placemark>
    <Placemark>
      <name>Kavicsbányai - SA</name>
      <Style>
        <LineStyle>
          <color>ff983bb2</color>
          <width>2</width>
        </LineStyle>
        <PolyStyle>
          <color>ff983bb2</color>
        </PolyStyle>
      </Style>
      <Polygon>
        <outerBoundaryIs>
          <LinearRing>
            <coordinates>
              17.2016823,47.8572229
              17.2027659,47.8558551,0
              17.2031629,47.8552072,0
              17.2058344,47.852817,0
              17.2068536,47.8532994,0
              17.202208,47.8574749,0
              17.2016823,47.8572229,0
            </coordinates>
          </LinearRing>
        </outerBoundaryIs>
      </Polygon>
    </Placemark>
    <Placemark>
      <name>Kilva alsó</name>
      <Style>
        <LineStyle>
          <color>ff8b6309</color>
          <width>2</width>
        </LineStyle>
        <PolyStyle>
          <color>ff8b6309</color>
        </PolyStyle>
      </Style>
      <Polygon>
        <outerBoundaryIs>
          <LinearRing>
            <coordinates>
              17.3943186,47.8931471
              17.3910141,47.8959886,0
              17.3896837,47.8955282,0
              17.3893619,47.8953843,0
              17.389276,47.8952332,0
              17.3895764,47.8948304,0
              17.390027,47.8945427,0
              17.3909819,47.8942621,0
              17.3920548,47.8940031,0
              17.3939002,47.8930679,0
              17.3943186,47.8931471,0
            </coordinates>
          </LinearRing>
        </outerBoundaryIs>
      </Polygon>
    </Placemark>
    <Placemark>
      <name>Kilva felső</name>
      <Style>
        <LineStyle>
          <color>ff583a6c</color>
          <width>2</width>
        </LineStyle>
        <PolyStyle>
          <color>ff583a6c</color>
        </PolyStyle>
      </Style>
      <Polygon>
        <outerBoundaryIs>
          <LinearRing>
            <coordinates>
              17.3941818,47.8933161
              17.3943293,47.8933989,0
              17.3936588,47.8939995,0
              17.3932725,47.8946182,0
              17.3930418,47.8951397,0
              17.3926234,47.895762,0
              17.3922586,47.8961792,0
              17.3919904,47.8963123,0
              17.391057,47.896003,0
              17.3941818,47.8933161,0
            </coordinates>
          </LinearRing>
        </outerBoundaryIs>
      </Polygon>
    </Placemark>
    <Placemark>
      <name>Kis Paptag</name>
      <Style>
        <LineStyle>
          <color>ffc55a7b</color>
          <width>2</width>
        </LineStyle>
        <PolyStyle>
          <color>ffc55a7b</color>
        </PolyStyle>
      </Style>
      <Polygon>
        <outerBoundaryIs>
          <LinearRing>
            <coordinates>
              17.4556661,47.8427512
              17.4549794,47.8433345,0
              17.4549043,47.8433345,0
              17.4532628,47.8442994,0
              17.4508703,47.8429601,0
              17.4529946,47.8409654,0
              17.4556661,47.8427512,0
            </coordinates>
          </LinearRing>
        </outerBoundaryIs>
      </Polygon>
    </Placemark>
    <Placemark>
      <name>Kishosszúosztály</name>
      <Style>
        <LineStyle>
          <color>ffd625c1</color>
          <width>2</width>
        </LineStyle>
        <PolyStyle>
          <color>ffd625c1</color>
        </PolyStyle>
      </Style>
      <Polygon>
        <outerBoundaryIs>
          <LinearRing>
            <coordinates>
              17.3688483,47.9034404
              17.3683548,47.9045768,0
              17.3677325,47.9053248,0
              17.3667884,47.906044,0
              17.3658013,47.9071085,0
              17.3653078,47.9078133,0
              17.3648572,47.9079715,0
              17.3642993,47.9076694,0
              17.3635054,47.9074968,0
              17.3620248,47.9074393,0
              17.3608875,47.90754,0
              17.3597932,47.9065906,0
              17.361145,47.9057276,0
              17.3688483,47.9034404,0
            </coordinates>
          </LinearRing>
        </outerBoundaryIs>
      </Polygon>
    </Placemark>
    <Placemark>
      <name>Kishosszúosztály 2</name>
      <Style>
        <LineStyle>
          <color>ff17ea45</color>
          <width>2</width>
        </LineStyle>
        <PolyStyle>
          <color>ff17ea45</color>
        </PolyStyle>
      </Style>
      <Polygon>
        <outerBoundaryIs>
          <LinearRing>
            <coordinates>
              17.3675519356907,47.90380586812777
              17.36867200544257,47.90348288206635,0
              17.36873842479308,47.90356553461189,0
              17.36815964614232,47.90463328323239,0
              17.36755193569072,47.90380586812777,0
            </coordinates>
          </LinearRing>
        </outerBoundaryIs>
      </Polygon>
    </Placemark>
    <Placemark>
      <name>Kis Makkszeg</name>
      <Style>
        <LineStyle>
          <color>ff66dbf7</color>
          <width>2</width>
        </LineStyle>
        <PolyStyle>
          <color>ff66dbf7</color>
        </PolyStyle>
      </Style>
      <Polygon>
        <outerBoundaryIs>
          <LinearRing>
            <coordinates>
              17.4349755393501,47.87883912617404
              17.43542347851972,47.87871792026119,0
              17.43570520187916,47.87896301876339,0
              17.43592914552861,47.87885397762616,0
              17.43567679694863,47.87859810989426,0
              17.43607328463956,47.87845692836881,0
              17.43857724761718,47.88082782897318,0
              17.43742037244904,47.88115938038933,0
              17.43497553935019,47.87883912617404,0
            </coordinates>
          </LinearRing>
        </outerBoundaryIs>
      </Polygon>
    </Placemark>
    <Placemark>
      <name>Kohány</name>
      <Style>
        <LineStyle>
          <color>fff8d12b</color>
          <width>2</width>
        </LineStyle>
        <PolyStyle>
          <color>fff8d12b</color>
        </PolyStyle>
      </Style>
      <Polygon>
        <outerBoundaryIs>
          <LinearRing>
            <coordinates>
              17.3848987,47.8830243
              17.3821521,47.8812687,0
              17.3843622,47.8800166,0
              17.3860359,47.8789948,0
              17.387023,47.8781169,0
              17.3878598,47.8774837,0
              17.3897481,47.8773542,0
              17.3919582,47.8779298,0
              17.3933315,47.8784911,0
              17.394104,47.8790236,0
              17.3939967,47.8799015,0
              17.393868,47.8802325,0
              17.3931813,47.8803476,0
              17.3924947,47.8809521,0
              17.3912501,47.8815997,0
              17.3891258,47.882938,0
              17.3879242,47.8825782,0
              17.3865938,47.8825926,0
              17.3855639,47.8828229,0
              17.3848987,47.8830243,0
            </coordinates>
          </LinearRing>
        </outerBoundaryIs>
      </Polygon>
    </Placemark>
    <Placemark>
      <name>Kohány fű</name>
      <Style>
        <LineStyle>
          <color>ff8f3094</color>
          <width>2</width>
        </LineStyle>
        <PolyStyle>
          <color>ff8f3094</color>
        </PolyStyle>
      </Style>
      <Polygon>
        <outerBoundaryIs>
          <LinearRing>
            <coordinates>
              17.3906386,47.8836503
              17.3904026,47.8834776,0
              17.3899841,47.883305,0
              17.3891258,47.882938,0
              17.3911643,47.881722,0
              17.391057,47.882938,0
              17.3910892,47.8835424,0
              17.3906386,47.8836503,0
            </coordinates>
          </LinearRing>
        </outerBoundaryIs>
      </Polygon>
    </Placemark>
    <Placemark>
      <name>Tökföld kozliki csatorna</name>
      <Style>
        <LineStyle>
          <color>ffdbe170</color>
          <width>2</width>
        </LineStyle>
        <PolyStyle>
          <color>ffdbe170</color>
        </PolyStyle>
      </Style>
      <Polygon>
        <outerBoundaryIs>
          <LinearRing>
            <coordinates>
              17.2513247,47.8218934
              17.2549403,47.8191271,0
              17.2605193,47.8221599,0
              17.2568607,47.8250197,0
              17.2513247,47.8218934,0
            </coordinates>
          </LinearRing>
        </outerBoundaryIs>
      </Polygon>
    </Placemark>
    <Placemark>
      <name>Kölesföld nagy jobb</name>
      <Style>
        <LineStyle>
          <color>ffbb6b0d</color>
          <width>2</width>
        </LineStyle>
        <PolyStyle>
          <color>ffbb6b0d</color>
        </PolyStyle>
      </Style>
      <Polygon>
        <outerBoundaryIs>
          <LinearRing>
            <coordinates>
              17.3938251,47.8924637
              17.3929882,47.89255,0
              17.3886752,47.89396,0
              17.3871732,47.8931111,0
              17.3866153,47.8927802,0
              17.3860574,47.8924061,0
              17.385993,47.8916148,0
              17.384727,47.8891687,0
              17.3852205,47.8880464,0
              17.385478,47.8874996,0
              17.385993,47.8872694,0
              17.3863578,47.8874852,0
              17.3876882,47.8881615,0
              17.38904,47.8885068,0
              17.3902202,47.8901615,0
              17.3919153,47.8895428,0
              17.3928809,47.8907946,0
              17.3935032,47.8908953,0
              17.3936319,47.8911112,0
              17.393117,47.8914565,0
              17.3931384,47.8916291,0
              17.3937392,47.8916148,0
              17.3938251,47.8924637,0
            </coordinates>
          </LinearRing>
        </outerBoundaryIs>
      </Polygon>
    </Placemark>
    <Placemark>
      <name>Kölesföld kicsi</name>
      <Style>
        <LineStyle>
          <color>ff2198a3</color>
          <width>2</width>
        </LineStyle>
        <PolyStyle>
          <color>ff2198a3</color>
        </PolyStyle>
      </Style>
      <Polygon>
        <outerBoundaryIs>
          <LinearRing>
            <coordinates>
              17.3924518,47.889363
              17.3915935,47.888327,0
              17.3922265,47.8878737,0
              17.3929453,47.8877442,0
              17.3934603,47.8874636,0
              17.3939967,47.8871327,0
              17.394222,47.8866003,0
              17.3971832,47.8865499,0
              17.3971832,47.8866938,0
              17.3957884,47.8873773,0
              17.3937178,47.8886579,0
              17.3930955,47.8890752,0
              17.3924518,47.889363,0
            </coordinates>
          </LinearRing>
        </outerBoundaryIs>
      </Polygon>
    </Placemark>
    <Placemark>
      <name>Kölesföld fű</name>
      <Style>
        <LineStyle>
          <color>ff69c797</color>
          <width>2</width>
        </LineStyle>
        <PolyStyle>
          <color>ff69c797</color>
        </PolyStyle>
      </Style>
      <Polygon>
        <outerBoundaryIs>
          <LinearRing>
            <coordinates>
              17.3918295,47.8939024
              17.3912716,47.8932766,0
              17.3916042,47.8931579,0
              17.392087,47.8929313,0
              17.392661,47.8927586,0
              17.3932993,47.8926687,0
              17.3931921,47.8932945,0
              17.3918295,47.8939024,0
            </coordinates>
          </LinearRing>
        </outerBoundaryIs>
      </Polygon>
    </Placemark>
    <Placemark>
      <name>Kölesföld tó</name>
      <Style>
        <LineStyle>
          <color>ff06c5fa</color>
          <width>2</width>
        </LineStyle>
        <PolyStyle>
          <color>ff06c5fa</color>
        </PolyStyle>
      </Style>
      <Polygon>
        <outerBoundaryIs>
          <LinearRing>
            <coordinates>
              17.3966038,47.8870895
              17.398932,47.8892335,0
              17.3989105,47.8893917,0
              17.3978269,47.8897587,0
              17.3953164,47.8907371,0
              17.3951018,47.8905356,0
              17.3943937,47.8908522,0
              17.3931277,47.8895141,0
              17.3930955,47.8892766,0
              17.3935997,47.8888738,0
              17.3949194,47.8880032,0
              17.3966038,47.8870895,0
            </coordinates>
          </LinearRing>
        </outerBoundaryIs>
      </Polygon>
    </Placemark>
    <Placemark>
      <name>Körtefai</name>
      <Style>
        <LineStyle>
          <color>ff3a2491</color>
          <width>2</width>
        </LineStyle>
        <PolyStyle>
          <color>ff3a2491</color>
        </PolyStyle>
      </Style>
      <Polygon>
        <outerBoundaryIs>
          <LinearRing>
            <coordinates>
              17.4340367,47.8246596
              17.4282539,47.8244507,0
              17.4288332,47.8239968,0
              17.429198,47.8235574,0
              17.4292839,47.8231901,0
              17.4307537,47.8223328,0
              17.4317622,47.8225922,0
              17.4327707,47.8225561,0
              17.4334359,47.8223904,0
              17.4340475,47.8221167,0
              17.4348092,47.8217061,0
              17.4340367,47.8246596,0
            </coordinates>
          </LinearRing>
        </outerBoundaryIs>
      </Polygon>
    </Placemark>
    <Placemark>
      <name>Külső lósziget</name>
      <Style>
        <LineStyle>
          <color>ffe22c01</color>
          <width>2</width>
        </LineStyle>
        <PolyStyle>
          <color>ffe22c01</color>
        </PolyStyle>
      </Style>
      <Polygon>
        <outerBoundaryIs>
          <LinearRing>
            <coordinates>
              17.3998225,47.9056629
              17.4002194,47.9053033,0
              17.4002945,47.9051666,0
              17.4008739,47.9054183,0
              17.4016035,47.9056413,0
              17.4025905,47.9056844,0
              17.4032986,47.9055766,0
              17.4040496,47.9054111,0
              17.404629,47.905181,0
              17.4053371,47.9047926,0
              17.4061954,47.9060512,0
              17.407161,47.9072882,0
              17.4042642,47.9072307,0
              17.4030519,47.9070725,0
              17.4021614,47.9068208,0
              17.3998225,47.9056629,0
            </coordinates>
          </LinearRing>
        </outerBoundaryIs>
      </Polygon>
    </Placemark>
    <Placemark>
      <name>Külsőkerekes</name>
      <Style>
        <LineStyle>
          <color>ff4cbb0f</color>
          <width>2</width>
        </LineStyle>
        <PolyStyle>
          <color>ff4cbb0f</color>
        </PolyStyle>
      </Style>
      <Polygon>
        <outerBoundaryIs>
          <LinearRing>
            <coordinates>
              17.4740124,47.8039169
              17.4745488,47.8032828,0
              17.4748707,47.8032251,0
              17.4747634,47.8028792,0
              17.4752355,47.8023171,0
              17.4760723,47.8016397,0
              17.4770379,47.8012794,0
              17.4771881,47.8030089,0
              17.4819946,47.8029225,0
              17.4824238,47.8073758,0
              17.4810076,47.8074046,0
              17.4805999,47.8073326,0
              17.4802995,47.8071741,0
              17.4800205,47.8068426,0
              17.479248,47.8063382,0
              17.4781108,47.8060499,0
              17.4769092,47.8057473,0
              17.4740124,47.8039169,0
            </coordinates>
          </LinearRing>
        </outerBoundaryIs>
      </Polygon>
    </Placemark>
    <Placemark>
      <name>Legelő</name>
      <Style>
        <LineStyle>
          <color>ff9bf44c</color>
          <width>2</width>
        </LineStyle>
        <PolyStyle>
          <color>ff9bf44c</color>
        </PolyStyle>
      </Style>
      <Polygon>
        <outerBoundaryIs>
          <LinearRing>
            <coordinates>
              17.4644423,47.8188317
              17.4710727,47.8235862,0
              17.470901,47.8239608,0
              17.470386,47.8240617,0
              17.4637127,47.8192928,0
              17.4644423,47.8188317,0
            </coordinates>
          </LinearRing>
        </outerBoundaryIs>
      </Polygon>
    </Placemark>
    <Placemark>
      <name>Lickói híd</name>
      <Style>
        <LineStyle>
          <color>ffdd705e</color>
          <width>2</width>
        </LineStyle>
        <PolyStyle>
          <color>ffdd705e</color>
        </PolyStyle>
      </Style>
      <Polygon>
        <outerBoundaryIs>
          <LinearRing>
            <coordinates>
              17.4348521,47.8125349
              17.4344444,47.8122323,0
              17.4341011,47.8114829,0
              17.4330711,47.8103877,0
              17.4356461,47.8096816,0
              17.4372983,47.8125637,0
              17.4365258,47.8135436,0
              17.4359679,47.8134859,0
              17.4348521,47.8125349,0
            </coordinates>
          </LinearRing>
        </outerBoundaryIs>
      </Polygon>
    </Placemark>
    <Placemark>
      <name>Lickói leágazó</name>
      <Style>
        <LineStyle>
          <color>ffa9e5bd</color>
          <width>2</width>
        </LineStyle>
        <PolyStyle>
          <color>ffa9e5bd</color>
        </PolyStyle>
      </Style>
      <Polygon>
        <outerBoundaryIs>
          <LinearRing>
            <coordinates>
              17.406292,47.7916937
              17.4032664,47.7895313,0
              17.4092746,47.7856964,0
              17.4102616,47.786374,0
              17.408309,47.788378,0
              17.4069786,47.7900503,0
              17.4067211,47.7906702,0
              17.4066782,47.7912324,0
              17.406292,47.7916937,0
            </coordinates>
          </LinearRing>
        </outerBoundaryIs>
      </Polygon>
    </Placemark>
    <Placemark>
      <name>Lucska</name>
      <Style>
        <LineStyle>
          <color>ffa1efe3</color>
          <width>2</width>
        </LineStyle>
        <PolyStyle>
          <color>ffa1efe3</color>
        </PolyStyle>
      </Style>
      <Polygon>
        <outerBoundaryIs>
          <LinearRing>
            <coordinates>
              17.369771,47.9001462
              17.3651147,47.8974992,0
              17.3665738,47.8969525,0
              17.3670459,47.8962188,0
              17.367003,47.8947225,0
              17.3676038,47.8937585,0
              17.3692346,47.8933125,0
              17.3705864,47.8934708,0
              17.3719811,47.8935283,0
              17.3733974,47.8937442,0
              17.3741698,47.8933845,0
              17.3757792,47.8944204,0
              17.3712516,47.8971971,0
              17.3735476,47.8987939,0
              17.3736334,47.899168,0
              17.374084,47.8996571,0
              17.3741484,47.9000167,0
              17.3741269,47.9004052,0
              17.3737192,47.9007216,0
              17.3731613,47.9009087,0
              17.3723888,47.9008799,0
              17.3717237,47.900736,0
              17.3709512,47.9002613,0
              17.3711872,47.9001174,0
              17.3705649,47.8996571,0
            </coordinates>
          </LinearRing>
        </outerBoundaryIs>
      </Polygon>
    </Placemark>
    <Placemark>
      <name>Makkszeg</name>
      <Style>
        <LineStyle>
          <color>ffcfce93</color>
          <width>2</width>
        </LineStyle>
        <PolyStyle>
          <color>ffcfce93</color>
        </PolyStyle>
      </Style>
      <Polygon>
        <outerBoundaryIs>
          <LinearRing>
            <coordinates>
              17.436270568835,47.88331238008482
              17.43518677526545,47.88324557951028,0
              17.43287691860688,47.88286774801907,0
              17.43520040880746,47.88203549348254,0
              17.43627056883507,47.88331238008482,0
            </coordinates>
          </LinearRing>
        </outerBoundaryIs>
      </Polygon>
    </Placemark>
    <Placemark>
      <name>Marsaltag bal</name>
      <Style>
        <LineStyle>
          <color>ffa2dcca</color>
          <width>2</width>
        </LineStyle>
        <PolyStyle>
          <color>ffa2dcca</color>
        </PolyStyle>
      </Style>
      <Polygon>
        <outerBoundaryIs>
          <LinearRing>
            <coordinates>
              17.394104,47.8760445
              17.3952842,47.8749075,0
              17.3962927,47.8756559,0
              17.3975158,47.8763611,0
              17.3979878,47.8760157,0
              17.3983955,47.8761452,0
              17.4002624,47.8768936,0
              17.4006271,47.8765194,0
              17.3999405,47.876174,0
              17.4005842,47.8755983,0
              17.4011636,47.8754832,0
              17.4017,47.8755695,0
              17.4030948,47.8757854,0
              17.4035668,47.8757278,0
              17.4040604,47.8757854,0
              17.4042964,47.8760589,0
              17.4044466,47.8767209,0
              17.4047899,47.8772534,0
              17.4032235,47.8792683,0
              17.394104,47.8760445,0
            </coordinates>
          </LinearRing>
        </outerBoundaryIs>
      </Polygon>
    </Placemark>
    <Placemark>
      <name>Marsaltag jobb</name>
      <Style>
        <LineStyle>
          <color>fff0e292</color>
          <width>2</width>
        </LineStyle>
        <PolyStyle>
          <color>fff0e292</color>
        </PolyStyle>
      </Style>
      <Polygon>
        <outerBoundaryIs>
          <LinearRing>
            <coordinates>
              17.3940825,47.8761884
              17.4045753,47.8799591,0
              17.4035454,47.880765,0
              17.4003482,47.8812974,0
              17.3986745,47.8818011,0
              17.3973441,47.8824775,0
              17.3963141,47.8825638,0
              17.3956919,47.8827365,0
              17.3951769,47.8830387,0
              17.3949194,47.882938,0
              17.3942757,47.8832546,0
              17.3933959,47.8829092,0
              17.3926663,47.883269,0
              17.391572,47.8828373,0
              17.3916578,47.881945,0
              17.3924732,47.8814126,0
              17.3937607,47.8808082,0
              17.3945332,47.8797144,0
              17.3941684,47.8785919,0
              17.393074,47.8779874,0
              17.3916364,47.8775557,0
              17.3929882,47.87698,0
              17.3940825,47.8761884,0
            </coordinates>
          </LinearRing>
        </outerBoundaryIs>
      </Polygon>
    </Placemark>
    <Placemark>
      <name>Mázsaház mögött</name>
      <Style>
        <LineStyle>
          <color>ff275351</color>
          <width>2</width>
        </LineStyle>
        <PolyStyle>
          <color>ff275351</color>
        </PolyStyle>
      </Style>
      <Polygon>
        <outerBoundaryIs>
          <LinearRing>
            <coordinates>
              17.397446,47.8864312
              17.3973173,47.8862441,0
              17.3973066,47.886147,0
              17.3973548,47.8860858,0
              17.3973548,47.8859024,0
              17.3971993,47.8857441,0
              17.3970491,47.885629,0
              17.3969579,47.8853843,0
              17.3969954,47.8853376,0
              17.3972744,47.88528,0
              17.3976713,47.8852081,0
              17.3980522,47.8851181,0
              17.3986369,47.8850677,0
              17.398755,47.8851865,0
              17.3989213,47.8854779,0
              17.398991,47.8857333,0
              17.3988193,47.8859239,0
              17.3985189,47.8860499,0
              17.3983204,47.8862621,0
              17.397961,47.8864276,0
              17.397446,47.8864312,0
            </coordinates>
          </LinearRing>
        </outerBoundaryIs>
      </Polygon>
    </Placemark>
    <Placemark>
      <name>Mecséri út mellett</name>
      <Style>
        <LineStyle>
          <color>fff0706f</color>
          <width>2</width>
        </LineStyle>
        <PolyStyle>
          <color>fff0706f</color>
        </PolyStyle>
      </Style>
      <Polygon>
        <outerBoundaryIs>
          <LinearRing>
            <coordinates>
              17.4825096,47.8058626
              17.4818444,47.7998813,0
              17.4822736,47.7998381,0
              17.4835181,47.8002272,0
              17.4844623,47.8005011,0
              17.4854708,47.8008326,0
              17.4874449,47.8009623,0
              17.4925947,47.801265,0
              17.4928093,47.804652,0
              17.4903202,47.805387,0
              17.4890327,47.8058626,0
              17.4881101,47.8055023,0
              17.4872947,47.8049979,0
              17.4866724,47.8048537,0
              17.4859214,47.8048105,0
              17.4850845,47.8049835,0
              17.4843979,47.8051996,0
              17.4825096,47.8058626,0
            </coordinates>
          </LinearRing>
        </outerBoundaryIs>
      </Polygon>
    </Placemark>
    <Placemark>
      <name>Meggyes</name>
      <Style>
        <LineStyle>
          <color>ffa58b14</color>
          <width>2</width>
        </LineStyle>
        <PolyStyle>
          <color>ffa58b14</color>
        </PolyStyle>
      </Style>
      <Polygon>
        <outerBoundaryIs>
          <LinearRing>
            <coordinates>
              17.4690449,47.8407062
              17.4724674,47.8382433,0
              17.4728215,47.8382505,0
              17.4730146,47.8380345,0
              17.4737227,47.837552,0
              17.4740553,47.8379048,0
              17.4695277,47.8410374,0
              17.4690449,47.8407062,0
            </coordinates>
          </LinearRing>
        </outerBoundaryIs>
      </Polygon>
    </Placemark>
    <Placemark>
      <name>Micsótag</name>
      <Style>
        <LineStyle>
          <color>ff80986e</color>
          <width>2</width>
        </LineStyle>
        <PolyStyle>
          <color>ff80986e</color>
        </PolyStyle>
      </Style>
      <Polygon>
        <outerBoundaryIs>
          <LinearRing>
            <coordinates>
              17.4678326,47.8114685
              17.4676824,47.8106904,0
              17.4677682,47.8092925,0
              17.4677253,47.8076641,0
              17.4680042,47.8054014,0
              17.4680686,47.8047673,0
              17.4681759,47.8040178,0
              17.468605,47.8032251,0
              17.470665,47.8045079,0
              17.4701071,47.8053293,0
              17.4690986,47.8059347,0
              17.4684763,47.8064535,0
              17.4684548,47.8073038,0
              17.4691415,47.808082,0
              17.4699998,47.808889,0
              17.4704075,47.8098113,0
              17.4703646,47.8107048,0
              17.4696565,47.8116126,0
              17.4687552,47.8120305,0
              17.4678326,47.8114685,0
            </coordinates>
          </LinearRing>
        </outerBoundaryIs>
      </Polygon>
    </Placemark>
    <Placemark>
      <name>Mosonszolnok belső</name>
      <Style>
        <LineStyle>
          <color>ff456b1c</color>
          <width>2</width>
        </LineStyle>
        <PolyStyle>
          <color>ff456b1c</color>
        </PolyStyle>
      </Style>
      <Polygon>
        <outerBoundaryIs>
          <LinearRing>
            <coordinates>
              17.1227932,47.8697402
              17.1221495,47.8668613,0
              17.1285868,47.8660551,0
              17.1294022,47.8689485,0
              17.1227932,47.8697402,0
            </coordinates>
          </LinearRing>
        </outerBoundaryIs>
      </Polygon>
    </Placemark>
    <Placemark>
      <name>Mosonszolnok külső</name>
      <Style>
        <LineStyle>
          <color>ff3171f5</color>
          <width>2</width>
        </LineStyle>
        <PolyStyle>
          <color>ff3171f5</color>
        </PolyStyle>
      </Style>
      <Polygon>
        <outerBoundaryIs>
          <LinearRing>
            <coordinates>
              17.1212053,47.8628737
              17.120347,47.8595481,0
              17.1266341,47.8587994,0
              17.1275568,47.8620963,0
              17.1212053,47.8628737,0
            </coordinates>
          </LinearRing>
        </outerBoundaryIs>
      </Polygon>
    </Placemark>
    <Placemark>
      <name>Motus földjénél</name>
      <Style>
        <LineStyle>
          <color>ffabe214</color>
          <width>2</width>
        </LineStyle>
        <PolyStyle>
          <color>ffabe214</color>
        </PolyStyle>
      </Style>
      <Polygon>
        <outerBoundaryIs>
          <LinearRing>
            <coordinates>
              17.2886074,47.8118972
              17.288028,47.8114145,0
              17.2890258,47.81073,0
              17.2893798,47.8108381,0
              17.2912306,47.8099158,0
              17.2920138,47.8103013,0
              17.2886074,47.8118972,0
            </coordinates>
          </LinearRing>
        </outerBoundaryIs>
      </Polygon>
    </Placemark>
    <Placemark>
      <name>Novák Rákóczy</name>
      <Style>
        <LineStyle>
          <color>ffb58ec4</color>
          <width>2</width>
        </LineStyle>
        <PolyStyle>
          <color>ffb58ec4</color>
        </PolyStyle>
      </Style>
      <Polygon>
        <outerBoundaryIs>
          <LinearRing>
            <coordinates>
              17.4171495,47.8269358
              17.4171066,47.8263883,0
              17.4173641,47.8262155,0
              17.4180508,47.8260282,0
              17.4191022,47.8258193,0
              17.4221063,47.8255528,0
              17.422353,47.825704,0
              17.4228036,47.8258337,0
              17.4235868,47.8257184,0
              17.4244022,47.8257328,0
              17.4243593,47.8272383,0
              17.4171495,47.8269358,0
            </coordinates>
          </LinearRing>
        </outerBoundaryIs>
      </Polygon>
    </Placemark>
    <Placemark>
      <name>Nováki</name>
      <Style>
        <LineStyle>
          <color>ff5dac37</color>
          <width>2</width>
        </LineStyle>
        <PolyStyle>
          <color>ff5dac37</color>
        </PolyStyle>
      </Style>
      <Polygon>
        <outerBoundaryIs>
          <LinearRing>
            <coordinates>
              17.4106264,47.8300762
              17.4093604,47.8318336,0
              17.4083519,47.8316031,0
              17.4078369,47.8323666,0
              17.407161,47.8320929,0
              17.4093819,47.8281531,0
              17.4106264,47.8300762,0
            </coordinates>
          </LinearRing>
        </outerBoundaryIs>
      </Polygon>
    </Placemark>
    <Placemark>
      <name>Nováki pulykásnál</name>
      <Style>
        <LineStyle>
          <color>ff31e6c6</color>
          <width>2</width>
        </LineStyle>
        <PolyStyle>
          <color>ff31e6c6</color>
        </PolyStyle>
      </Style>
      <Polygon>
        <outerBoundaryIs>
          <LinearRing>
            <coordinates>
              17.414190512549,47.81582999260596
              17.41457066635199,47.8147128279074,0
              17.41968895794632,47.81552834218094,0
              17.41907097599185,47.81656390589679,0
              17.41419051254907,47.81582999260596,0
            </coordinates>
          </LinearRing>
        </outerBoundaryIs>
      </Polygon>
    </Placemark>
    <Placemark>
      <name>Orbánlucska PM</name>
      <Style>
        <LineStyle>
          <color>ffff0ac8</color>
          <width>2</width>
        </LineStyle>
        <PolyStyle>
          <color>ffff0ac8</color>
        </PolyStyle>
      </Style>
      <Polygon>
        <outerBoundaryIs>
          <LinearRing>
            <coordinates>
              17.3781824,47.8958879
              17.3741269,47.8933197,0
              17.3751891,47.8924924,0
              17.3777103,47.8908306,0
              17.379384,47.8916795,0
              17.3799419,47.8921903,0
              17.3802423,47.8931543,0
              17.3803174,47.8938377,0
              17.3798561,47.8943484,0
              17.3795021,47.8946937,0
              17.3794484,47.8950606,0
              17.3790836,47.8953412,0
              17.3781824,47.8958879,0
            </coordinates>
          </LinearRing>
        </outerBoundaryIs>
      </Polygon>
    </Placemark>
    <Placemark>
      <name>Oroserdő</name>
      <Style>
        <LineStyle>
          <color>ffa433c3</color>
          <width>2</width>
        </LineStyle>
        <PolyStyle>
          <color>ffa433c3</color>
        </PolyStyle>
      </Style>
      <Polygon>
        <outerBoundaryIs>
          <LinearRing>
            <coordinates>
              17.4348307,47.8215116
              17.4309039,47.8211082,0
              17.4316549,47.8187741,0
              17.4350238,47.8204166,0
              17.4348307,47.8215116,0
            </coordinates>
          </LinearRing>
        </outerBoundaryIs>
      </Polygon>
    </Placemark>
    <Placemark>
      <name>Heveder</name>
      <Style>
        <LineStyle>
          <color>ff7d62b1</color>
          <width>2</width>
        </LineStyle>
        <PolyStyle>
          <color>ff7d62b1</color>
        </PolyStyle>
      </Style>
      <Polygon>
        <outerBoundaryIs>
          <LinearRing>
            <coordinates>
              17.3354303262244,47.87358778947357
              17.33701032377115,47.87228319843138,0
              17.34180218507954,47.87735347910964,0
              17.33984098409734,47.87822113111578,0
              17.33543032622443,47.87358778947357,0
            </coordinates>
          </LinearRing>
        </outerBoundaryIs>
      </Polygon>
    </Placemark>
    <Placemark>
      <name>Pajtaföld telek</name>
      <Style>
        <LineStyle>
          <color>ff8720c2</color>
          <width>2</width>
        </LineStyle>
        <PolyStyle>
          <color>ff8720c2</color>
        </PolyStyle>
      </Style>
      <Polygon>
        <outerBoundaryIs>
          <LinearRing>
            <coordinates>
              17.3868406,47.9038145
              17.3870015,47.9034045,0
              17.3893833,47.9033469,0
              17.3887503,47.9039727,0
              17.3879778,47.9039727,0
              17.3875165,47.9038145,0
              17.3868406,47.9038145,0
            </coordinates>
          </LinearRing>
        </outerBoundaryIs>
      </Polygon>
    </Placemark>
    <Placemark>
      <name>Papház</name>
      <Style>
        <LineStyle>
          <color>ff103c67</color>
          <width>2</width>
        </LineStyle>
        <PolyStyle>
          <color>ff103c67</color>
        </PolyStyle>
      </Style>
      <Polygon>
        <outerBoundaryIs>
          <LinearRing>
            <coordinates>
              17.4756968,47.8431905
              17.4771237,47.8423048,0
              17.4797416,47.8432913,0
              17.478261,47.8442202,0
              17.4756968,47.8431905,0
            </coordinates>
          </LinearRing>
        </outerBoundaryIs>
      </Polygon>
    </Placemark>
    <Placemark>
      <name>Paprét kicsi</name>
      <Style>
        <LineStyle>
          <color>ff682312</color>
          <width>2</width>
        </LineStyle>
        <PolyStyle>
          <color>ff682312</color>
        </PolyStyle>
      </Style>
      <Polygon>
        <outerBoundaryIs>
          <LinearRing>
            <coordinates>
              17.2503376,47.9397063
              17.2518611,47.9375213,0
              17.2521186,47.9376075,0
              17.2522044,47.9378375,0
              17.2524834,47.9382688,0
              17.252934,47.9386282,0
              17.253406,47.9387432,0
              17.2532988,47.9391169,0
              17.2527623,47.939735,0
              17.2526979,47.9410575,0
              17.2526121,47.9411581,0
              17.2517538,47.94077,0
              17.2515178,47.9403819,0
              17.2503376,47.9397063,0
            </coordinates>
          </LinearRing>
        </outerBoundaryIs>
      </Polygon>
    </Placemark>
    <Placemark>
      <name>Paprét fácános</name>
      <Style>
        <LineStyle>
          <color>ff226819</color>
          <width>2</width>
        </LineStyle>
        <PolyStyle>
          <color>ff226819</color>
        </PolyStyle>
      </Style>
      <Polygon>
        <outerBoundaryIs>
          <LinearRing>
            <coordinates>
              17.2180867,47.9364791
              17.2304463,47.9410431,0
              17.2300279,47.9417547,0
              17.2174752,47.9372194,0
              17.2180867,47.9364791,0
            </coordinates>
          </LinearRing>
        </outerBoundaryIs>
      </Polygon>
    </Placemark>
    <Placemark>
      <name>Paprét középső</name>
      <Style>
        <LineStyle>
          <color>ff911350</color>
          <width>2</width>
        </LineStyle>
        <PolyStyle>
          <color>ff911350</color>
        </PolyStyle>
      </Style>
      <Polygon>
        <outerBoundaryIs>
          <LinearRing>
            <coordinates>
              17.242012,47.9366444
              17.2378707,47.9351205,0
              17.2403598,47.9311095,0
              17.2439861,47.9323747,0
              17.2445226,47.9332085,0
              17.242012,47.9366444,0
            </coordinates>
          </LinearRing>
        </outerBoundaryIs>
      </Polygon>
    </Placemark>
    <Placemark>
      <name>Paprét nagy SA</name>
      <Style>
        <LineStyle>
          <color>ffcdf2a8</color>
          <width>2</width>
        </LineStyle>
        <PolyStyle>
          <color>ffcdf2a8</color>
        </PolyStyle>
      </Style>
      <Polygon>
        <outerBoundaryIs>
          <LinearRing>
            <coordinates>
              17.2375274,47.9295136
              17.2398663,47.9258184,0
              17.2406602,47.9245243,0
              17.2411752,47.923259,0
              17.2411537,47.922425,0
              17.2424197,47.9234315,0
              17.2432995,47.9237766,0
              17.2443295,47.9245675,0
              17.244029,47.9254877,0
              17.2440076,47.9267818,0
              17.2435784,47.9299018,0
              17.2417545,47.9311814,0
              17.2375274,47.9295136,0
            </coordinates>
          </LinearRing>
        </outerBoundaryIs>
      </Polygon>
    </Placemark>
    <Placemark>
      <name>Paptag - HM</name>
      <Style>
        <LineStyle>
          <color>ffa2d3df</color>
          <width>2</width>
        </LineStyle>
        <PolyStyle>
          <color>ffa2d3df</color>
        </PolyStyle>
      </Style>
      <Polygon>
        <outerBoundaryIs>
          <LinearRing>
            <coordinates>
              17.4567282,47.8418583
              17.4612451,47.8448178,0
              17.4613631,47.8449331,0
              17.4612772,47.8452859,0
              17.4605584,47.8459699,0
              17.4591637,47.8473812,0
              17.4590778,47.8473308,0
              17.4550009,47.8456603,0
              17.4544752,47.8454011,0
              17.4541962,47.8450411,0
              17.4540889,47.8447458,0
              17.4553227,47.8436369,0
              17.4550653,47.8433921,0
              17.4567175,47.8419231,0
              17.4567282,47.8418583,0
            </coordinates>
          </LinearRing>
        </outerBoundaryIs>
      </Polygon>
    </Placemark>
    <Placemark>
      <name>Paptag - PM</name>
      <Style>
        <LineStyle>
          <color>ff5f8f67</color>
          <width>2</width>
        </LineStyle>
        <PolyStyle>
          <color>ff5f8f67</color>
        </PolyStyle>
      </Style>
      <Polygon>
        <outerBoundaryIs>
          <LinearRing>
            <coordinates>
              17.4072361,47.875037
              17.4062276,47.8747995,0
              17.4061954,47.8745548,0
              17.4055409,47.8744757,0
              17.4054122,47.8746412,0
              17.4051225,47.8745764,0
              17.4047577,47.8750082,0
              17.4042428,47.8753896,0
              17.4036956,47.8753752,0
              17.4028265,47.87544,0
              17.4019039,47.8752745,0
              17.4020541,47.8747779,0
              17.4027944,47.8748859,0
              17.4047363,47.8722951,0
              17.4084377,47.8731083,0
              17.4072361,47.875037,0
            </coordinates>
          </LinearRing>
        </outerBoundaryIs>
      </Polygon>
    </Placemark>
    <Placemark>
      <name>Parázsszegi</name>
      <Style>
        <LineStyle>
          <color>ffe910f5</color>
          <width>2</width>
        </LineStyle>
        <PolyStyle>
          <color>ffe910f5</color>
        </PolyStyle>
      </Style>
      <Polygon>
        <outerBoundaryIs>
          <LinearRing>
            <coordinates>
              17.4278355,47.827548
              17.4334359,47.8278001,0
              17.4333608,47.8284556,0
              17.4334681,47.8285564,0
              17.4336076,47.8292047,0
              17.433393,47.8298097,0
              17.4332428,47.83053,0
              17.4378347,47.8305012,0
              17.4376738,47.8308613,0
              17.4313867,47.8307172,0
              17.4273258,47.8300906,0
              17.4278355,47.827548,0
            </coordinates>
          </LinearRing>
        </outerBoundaryIs>
      </Polygon>
    </Placemark>
    <Placemark>
      <name>Pedagógusföld</name>
      <Style>
        <LineStyle>
          <color>fffc1d54</color>
          <width>2</width>
        </LineStyle>
        <PolyStyle>
          <color>fffc1d54</color>
        </PolyStyle>
      </Style>
      <Polygon>
        <outerBoundaryIs>
          <LinearRing>
            <coordinates>
              17.4508864,47.8372855
              17.4529248,47.8352654,0
              17.4558538,47.8363025,0
              17.4539387,47.8381533,0
              17.4508864,47.8372855,0
            </coordinates>
          </LinearRing>
        </outerBoundaryIs>
      </Polygon>
    </Placemark>
    <Placemark>
      <name>Présházi</name>
      <Style>
        <LineStyle>
          <color>ffa40401</color>
          <width>2</width>
        </LineStyle>
        <PolyStyle>
          <color>ffa40401</color>
        </PolyStyle>
      </Style>
      <Polygon>
        <outerBoundaryIs>
          <LinearRing>
            <coordinates>
              17.469399,47.8062805
              17.4693131,47.8061076,0
              17.4696779,47.8058914,0
              17.4704289,47.8054735,0
              17.4707723,47.8049979,0
              17.471416,47.8044646,0
              17.472403,47.8042196,0
              17.4753213,47.8060067,0
              17.4742913,47.8065544,0
              17.4739909,47.8075199,0
              17.4743772,47.8084423,0
              17.4751067,47.8090475,0
              17.4749351,47.8092493,0
              17.469399,47.8062805,0
            </coordinates>
          </LinearRing>
        </outerBoundaryIs>
      </Polygon>
    </Placemark>
    <Placemark>
      <name>Proletár bal 1</name>
      <Style>
        <LineStyle>
          <color>ff3e8a54</color>
          <width>2</width>
        </LineStyle>
        <PolyStyle>
          <color>ff3e8a54</color>
        </PolyStyle>
      </Style>
      <Polygon>
        <outerBoundaryIs>
          <LinearRing>
            <coordinates>
              17.4772525,47.8242346
              17.4719739,47.8256176,0
              17.4729395,47.8236727,0
              17.4772525,47.8242346,0
            </coordinates>
          </LinearRing>
        </outerBoundaryIs>
      </Polygon>
    </Placemark>
    <Placemark>
      <name>Proletár bal 2</name>
      <Style>
        <LineStyle>
          <color>ff58edb1</color>
          <width>2</width>
        </LineStyle>
        <PolyStyle>
          <color>ff58edb1</color>
        </PolyStyle>
      </Style>
      <Polygon>
        <outerBoundaryIs>
          <LinearRing>
            <coordinates>
              17.4738729,47.8228659
              17.474184,47.8226426,0
              17.4743128,47.8224913,0
              17.4743021,47.8223688,0
              17.473712,47.822304,0
              17.4738407,47.821987,0
              17.4787116,47.8226642,0
              17.4786472,47.8231252,0
              17.4787331,47.8234998,0
              17.4738729,47.8228659,0
            </coordinates>
          </LinearRing>
        </outerBoundaryIs>
      </Polygon>
    </Placemark>
    <Placemark>
      <name>Proletár bal 3</name>
      <Style>
        <LineStyle>
          <color>fff79a45</color>
          <width>2</width>
        </LineStyle>
        <PolyStyle>
          <color>fff79a45</color>
        </PolyStyle>
      </Style>
      <Polygon>
        <outerBoundaryIs>
          <LinearRing>
            <coordinates>
              17.4805892,47.820467
              17.4772418,47.8186516,0
              17.4774134,47.8185291,0
              17.4761474,47.8177655,0
              17.4760187,47.8175566,0
              17.4763083,47.8171387,0
              17.4815011,47.820078,0
              17.4805892,47.820467,0
            </coordinates>
          </LinearRing>
        </outerBoundaryIs>
      </Polygon>
    </Placemark>
    <Placemark>
      <name>Proletár bal 4</name>
      <Style>
        <LineStyle>
          <color>ff6cc48b</color>
          <width>2</width>
        </LineStyle>
        <PolyStyle>
          <color>ff6cc48b</color>
        </PolyStyle>
      </Style>
      <Polygon>
        <outerBoundaryIs>
          <LinearRing>
            <coordinates>
              17.4824023,47.8197754
              17.4768233,47.8165696,0
              17.4775743,47.8156546,0
              17.4830246,47.8195233,0
              17.4824023,47.8197754,0
            </coordinates>
          </LinearRing>
        </outerBoundaryIs>
      </Polygon>
    </Placemark>
    <Placemark>
      <name>Püski föld nagy</name>
      <Style>
        <LineStyle>
          <color>ff7b3fd9</color>
          <width>2</width>
        </LineStyle>
        <PolyStyle>
          <color>ff7b3fd9</color>
        </PolyStyle>
      </Style>
      <Polygon>
        <outerBoundaryIs>
          <LinearRing>
            <coordinates>
              17.4102829294731,47.88413486924471
              17.41314113886636,47.88287028400275,0
              17.41253231865829,47.8821152862223,0
              17.41773044010677,47.88008317654251,0
              17.42123977185145,47.88427188216282,0
              17.41311975576477,47.88710373305908,0
              17.41028292947314,47.88413486924471,0
            </coordinates>
          </LinearRing>
        </outerBoundaryIs>
      </Polygon>
    </Placemark>
    <Placemark>
      <name>Lóvári erdő + Litresits</name>
      <Style>
        <LineStyle>
          <color>ff179c0a</color>
          <width>2</width>
        </LineStyle>
        <PolyStyle>
          <color>ff179c0a</color>
        </PolyStyle>
      </Style>
      <Polygon>
        <outerBoundaryIs>
          <LinearRing>
            <coordinates>
              17.2387934,47.9089064
              17.2394156,47.9083311,0
              17.2493505,47.9118405,0
              17.2481704,47.912387,0
              17.2386217,47.9089495,0
              17.2387934,47.9089064,0
            </coordinates>
          </LinearRing>
        </outerBoundaryIs>
      </Polygon>
    </Placemark>
    <Placemark>
      <name>Remetei gyep 1</name>
      <Style>
        <LineStyle>
          <color>ffca597e</color>
          <width>2</width>
        </LineStyle>
        <PolyStyle>
          <color>ffca597e</color>
        </PolyStyle>
      </Style>
      <Polygon>
        <outerBoundaryIs>
          <LinearRing>
            <coordinates>
              17.4534345,47.8781529
              17.4535954,47.8774261,0
              17.4537456,47.876469,0
              17.4546146,47.8765626,0
              17.4556339,47.8768648,0
              17.4560738,47.8770951,0
              17.4562025,47.8770447,0
              17.4559772,47.8766633,0
              17.4569428,47.8760229,0
              17.4585092,47.8767281,0
              17.4588847,47.876577,0
              17.4597859,47.876944,0
              17.4605048,47.8774621,0
              17.460655,47.8782393,0
              17.4601722,47.878448,0
              17.4596894,47.8787502,0
              17.4575758,47.8790812,0
              17.4563527,47.8790668,0
              17.4535096,47.8781889,0
              17.4534345,47.8781529,0
            </coordinates>
          </LinearRing>
        </outerBoundaryIs>
      </Polygon>
    </Placemark>
    <Placemark>
      <name>Remetei gyep 2</name>
      <Style>
        <LineStyle>
          <color>ff776b7e</color>
          <width>2</width>
        </LineStyle>
        <PolyStyle>
          <color>ff776b7e</color>
        </PolyStyle>
      </Style>
      <Polygon>
        <outerBoundaryIs>
          <LinearRing>
            <coordinates>
              17.4532521,47.8781241
              17.4465466,47.8773254,0
              17.4465358,47.8772246,0
              17.4470615,47.8769584,0
              17.4477053,47.8766633,0
              17.448746,47.8764043,0
              17.4506021,47.876246,0
              17.4520934,47.876138,0
              17.4530482,47.876138,0
              17.4536061,47.8763611,0
              17.4534774,47.8773686,0
              17.4532521,47.8781241,0
            </coordinates>
          </LinearRing>
        </outerBoundaryIs>
      </Polygon>
    </Placemark>
    <Placemark>
      <name>Salamon K+F</name>
      <Style>
        <LineStyle>
          <color>ff990fd8</color>
          <width>2</width>
        </LineStyle>
        <PolyStyle>
          <color>ff990fd8</color>
        </PolyStyle>
      </Style>
      <Polygon>
        <outerBoundaryIs>
          <LinearRing>
            <coordinates>
              17.3857945,47.8854383
              17.3851722,47.8844634,0
              17.3876774,47.883823,0
              17.3882836,47.8847656,0
              17.3857945,47.8854383,0
            </coordinates>
          </LinearRing>
        </outerBoundaryIs>
      </Polygon>
    </Placemark>
    <Placemark>
      <name>Sorjás</name>
      <Style>
        <LineStyle>
          <color>ff00e6c0</color>
          <width>2</width>
        </LineStyle>
        <PolyStyle>
          <color>ff00e6c0</color>
        </PolyStyle>
      </Style>
      <Polygon>
        <outerBoundaryIs>
          <LinearRing>
            <coordinates>
              17.4623716,47.8781745
              17.4621141,47.8782393,0
              17.4617708,47.8781025,0
              17.4611592,47.8776204,0
              17.4605048,47.8772174,0
              17.4598289,47.8765914,0
              17.4584234,47.8755911,0
              17.461642,47.8763827,0
              17.4658906,47.8771527,0
              17.4658585,47.8773182,0
              17.4623716,47.8781745,0
            </coordinates>
          </LinearRing>
        </outerBoundaryIs>
      </Polygon>
    </Placemark>
    <Placemark>
      <name>Vámkerék 1</name>
      <Style>
        <LineStyle>
          <color>ff469be0</color>
          <width>2</width>
        </LineStyle>
        <PolyStyle>
          <color>ff469be0</color>
        </PolyStyle>
      </Style>
      <Polygon>
        <outerBoundaryIs>
          <LinearRing>
            <coordinates>
              17.4346231841602,47.81576278279243
              17.44668435132381,47.82212315070546,0
              17.44417475391869,47.82451574341491,0
              17.43182421279402,47.81866999555271,0
              17.43462318416028,47.81576278279243,0
            </coordinates>
          </LinearRing>
        </outerBoundaryIs>
      </Polygon>
    </Placemark>
    <Placemark>
      <name>Szélesföld 1</name>
      <Style>
        <LineStyle>
          <color>ffeb6d6b</color>
          <width>2</width>
        </LineStyle>
        <PolyStyle>
          <color>ffeb6d6b</color>
        </PolyStyle>
      </Style>
      <Polygon>
        <outerBoundaryIs>
          <LinearRing>
            <coordinates>
              17.4302387,47.8779298
              17.4281144,47.8752961,0
              17.4302387,47.8740727,0
              17.4317408,47.8735833,0
              17.4338865,47.8764475,0
              17.4302387,47.8779298,0
            </coordinates>
          </LinearRing>
        </outerBoundaryIs>
      </Polygon>
    </Placemark>
    <Placemark>
      <name>Szélesföld 2</name>
      <Style>
        <LineStyle>
          <color>ffed3391</color>
          <width>2</width>
        </LineStyle>
        <PolyStyle>
          <color>ffed3391</color>
        </PolyStyle>
      </Style>
      <Polygon>
        <outerBoundaryIs>
          <LinearRing>
            <coordinates>
              17.4262476,47.8789661
              17.4259686,47.8766202,0
              17.4281359,47.8753392,0
              17.4302173,47.8780306,0
              17.4262476,47.8789661,0
            </coordinates>
          </LinearRing>
        </outerBoundaryIs>
      </Polygon>
    </Placemark>
    <Placemark>
      <name>Szélesföld gyep</name>
      <Style>
        <LineStyle>
          <color>ff467547</color>
          <width>2</width>
        </LineStyle>
        <PolyStyle>
          <color>ff467547</color>
        </PolyStyle>
      </Style>
      <Polygon>
        <outerBoundaryIs>
          <LinearRing>
            <coordinates>
              17.4257326,47.8760373
              17.4256039,47.8756631,0
              17.4258077,47.8755695,0
              17.4261832,47.8753824,0
              17.4266875,47.8751665,0
              17.4273205,47.8747851,0
              17.4281251,47.8744253,0
              17.4291444,47.8740223,0
              17.4293911,47.8744541,0
              17.4280715,47.8752241,0
              17.4275887,47.8754832,0
              17.4270308,47.875771,0
              17.4264407,47.8759437,0
              17.4257326,47.8760373,0
            </coordinates>
          </LinearRing>
        </outerBoundaryIs>
      </Polygon>
    </Placemark>
    <Placemark>
      <name>Széleslapos</name>
      <Style>
        <LineStyle>
          <color>ff8fe078</color>
          <width>2</width>
        </LineStyle>
        <PolyStyle>
          <color>ff8fe078</color>
        </PolyStyle>
      </Style>
      <Polygon>
        <outerBoundaryIs>
          <LinearRing>
            <coordinates>
              17.3962712,47.898535
              17.3990393,47.9008223,0
              17.3990393,47.9015416,0
              17.4001551,47.9028507,0
              17.4012494,47.9032534,0
              17.4012494,47.9034548,0
              17.4003482,47.9042891,0
              17.4001765,47.9045193,0
              17.4002194,47.9051666,0
              17.3997688,47.9054831,0
              17.3994684,47.9055406,0
              17.3927951,47.9023616,0
              17.3962712,47.898535,0
            </coordinates>
          </LinearRing>
        </outerBoundaryIs>
      </Polygon>
    </Placemark>
    <Placemark>
      <name>Szérűskert</name>
      <Style>
        <LineStyle>
          <color>fffcbc59</color>
          <width>2</width>
        </LineStyle>
        <PolyStyle>
          <color>fffcbc59</color>
        </PolyStyle>
      </Style>
      <Polygon>
        <outerBoundaryIs>
          <LinearRing>
            <coordinates>
              17.3935086,47.8854419
              17.3938143,47.8847044,0
              17.3942435,47.8847692,0
              17.3943615,47.8849994,0
              17.3941469,47.8851325,0
              17.3940825,47.8853052,0
              17.3941737,47.8854239,0
              17.3943293,47.8854347,0
              17.3944098,47.8853807,0
              17.3951823,47.8853735,0
              17.3949462,47.8859203,0
              17.3949516,47.8860642,0
              17.3951769,47.8864456,0
              17.394222,47.8864312,0
              17.393927,47.8863305,0
              17.3937446,47.8859707,0
              17.3934603,47.8857693,0
              17.3932189,47.8856937,0
              17.3933423,47.885334,0
              17.3935086,47.8854419,0
            </coordinates>
          </LinearRing>
        </outerBoundaryIs>
      </Polygon>
    </Placemark>
    <Placemark>
      <name>Szőlőgyöp</name>
      <Style>
        <LineStyle>
          <color>ff4afc42</color>
          <width>2</width>
        </LineStyle>
        <PolyStyle>
          <color>ff4afc42</color>
        </PolyStyle>
      </Style>
      <Polygon>
        <outerBoundaryIs>
          <LinearRing>
            <coordinates>
              17.4388647,47.8277641
              17.4335432,47.8275768,0
              17.4351954,47.8205607,0
              17.4411821,47.8233845,0
              17.4407101,47.8245515,0
              17.4383712,47.8242634,0
              17.4382854,47.82471,0
              17.4406242,47.8249837,0
              17.4405384,47.8253151,0
              17.4402595,47.8252862,0
              17.4401736,47.8255312,0
              17.4383497,47.8253151,0
              17.4385643,47.8259489,0
              17.4391007,47.8264532,0
              17.4390149,47.8270438,0
              17.4388647,47.8277641,0
            </coordinates>
          </LinearRing>
        </outerBoundaryIs>
      </Polygon>
    </Placemark>
    <Placemark>
      <name>Tagok /Dunaremete/</name>
      <Style>
        <LineStyle>
          <color>ffeaaa19</color>
          <width>2</width>
        </LineStyle>
        <PolyStyle>
          <color>ffeaaa19</color>
        </PolyStyle>
      </Style>
      <Polygon>
        <outerBoundaryIs>
          <LinearRing>
            <coordinates>
              17.4489764072548,47.87600435467665
              17.44946861351044,47.87561213856575,0
              17.44978872899184,47.87552944762728,0
              17.4500719530838,47.8753891489384,0
              17.45038491522005,47.8752077661431,0
              17.45074086691135,47.87509819494025,0
              17.45113405697845,47.87489277971589,0
              17.45145364432127,47.87484898311652,0
              17.45160792758293,47.87498834416657,0
              17.45170879776352,47.87515192711502,0
              17.45156137246155,47.87530277084507,0
              17.45154797252064,47.87544579926694,0
              17.45168994079531,47.87552932674167,0
              17.45180428678063,47.87569124255874,0
              17.45198860262868,47.87583990167544,0
              17.45204616242932,47.87597340607185,0
              17.45143833743858,47.87606181303374,0
              17.4506507547461,47.87614208891345,0
              17.45032586726192,47.87621965588064,0
              17.44936723567236,47.876208986233,0
              17.44897270174395,47.8761289996853,0
              17.4489764072548,47.87600435467665,0
            </coordinates>
          </LinearRing>
        </outerBoundaryIs>
      </Polygon>
    </Placemark>
    <Placemark>
      <name>Telek bal</name>
      <Style>
        <LineStyle>
          <color>ffc0db7c</color>
          <width>2</width>
        </LineStyle>
        <PolyStyle>
          <color>ffc0db7c</color>
        </PolyStyle>
      </Style>
      <Polygon>
        <outerBoundaryIs>
          <LinearRing>
            <coordinates>
              17.4006486,47.8933413
              17.392602,47.9023472,0
              17.3921943,47.9022896,0
              17.391293,47.9022609,0
              17.3902845,47.9025917,0
              17.3893189,47.9032822,0
              17.3868942,47.9033541,0
              17.3871088,47.9025486,0
              17.3873448,47.902117,0
              17.3879671,47.9018869,0
              17.3887825,47.9015704,0
              17.3892975,47.9011388,0
              17.3894906,47.9005922,0
              17.3893189,47.8999592,0
              17.3891473,47.8991824,0
              17.3913145,47.8974992,0
              17.3919582,47.8973697,0
              17.3931384,47.8967511,0
              17.3939967,47.8959598,0
              17.3944902,47.8949383,0
              17.4006486,47.8933413,0
            </coordinates>
          </LinearRing>
        </outerBoundaryIs>
      </Polygon>
    </Placemark>
    <Placemark>
      <name>Telek jobb</name>
      <Style>
        <LineStyle>
          <color>ff59e552</color>
          <width>2</width>
        </LineStyle>
        <PolyStyle>
          <color>ff59e552</color>
        </PolyStyle>
      </Style>
      <Polygon>
        <outerBoundaryIs>
          <LinearRing>
            <coordinates>
              17.3982239,47.8962619
              17.4020004,47.8920464,0
              17.4059057,47.8952692,0
              17.4032235,47.896636,0
              17.4006057,47.8984918,0
              17.3982239,47.8962619,0
            </coordinates>
          </LinearRing>
        </outerBoundaryIs>
      </Polygon>
    </Placemark>
    <Placemark>
      <name>Telek jobb kis darab</name>
      <Style>
        <LineStyle>
          <color>ffdeac80</color>
          <width>2</width>
        </LineStyle>
        <PolyStyle>
          <color>ffdeac80</color>
        </PolyStyle>
      </Style>
      <Polygon>
        <outerBoundaryIs>
          <LinearRing>
            <coordinates>
              17.3969612978714,47.89745704875188
              17.39795711737194,47.89635175064599,0
              17.40039882734629,47.89854433802549,0
              17.39936282108589,47.89953723003298,0
              17.3969612978714,47.89745704875188,0
            </coordinates>
          </LinearRing>
        </outerBoundaryIs>
      </Polygon>
    </Placemark>
    <Placemark>
      <name>Temetői tábla</name>
      <Style>
        <LineStyle>
          <color>ff2ed268</color>
          <width>2</width>
        </LineStyle>
        <PolyStyle>
          <color>ff2ed268</color>
        </PolyStyle>
      </Style>
      <Polygon>
        <outerBoundaryIs>
          <LinearRing>
            <coordinates>
              17.4648017,47.8357515
              17.465094,47.8352996,0
              17.4648875,47.8350386,0
              17.4650484,47.8348585,0
              17.4653596,47.834628,0
              17.4657136,47.8343544,0
              17.4661642,47.834304,0
              17.4663895,47.8342103,0
              17.4664593,47.8346749,0
              17.4648017,47.8357515,0
            </coordinates>
          </LinearRing>
        </outerBoundaryIs>
      </Polygon>
    </Placemark>
    <Placemark>
      <name>Vajaslapos</name>
      <Style>
        <LineStyle>
          <color>ff5a11e4</color>
          <width>2</width>
        </LineStyle>
        <PolyStyle>
          <color>ff5a11e4</color>
        </PolyStyle>
      </Style>
      <Polygon>
        <outerBoundaryIs>
          <LinearRing>
            <coordinates>
              17.4169242,47.9000887
              17.4178576,47.899765,0
              17.4196279,47.9008295,0
              17.4216771,47.9032103,0
              17.4198961,47.9037857,0
              17.4196064,47.9035771,0
              17.4193382,47.9035555,0
              17.4184048,47.9039295,0
              17.4178469,47.903311,0
              17.4177074,47.9029226,0
              17.4173748,47.9026133,0
              17.4182224,47.9022609,0
              17.4173534,47.9012251,0
              17.4170208,47.9006066,0
              17.4169242,47.9000887,0
            </coordinates>
          </LinearRing>
        </outerBoundaryIs>
      </Polygon>
    </Placemark>
    <Placemark>
      <name>Vámkerék 2</name>
      <Style>
        <LineStyle>
          <color>ffa02755</color>
          <width>2</width>
        </LineStyle>
        <PolyStyle>
          <color>ffa02755</color>
        </PolyStyle>
      </Style>
      <Polygon>
        <outerBoundaryIs>
          <LinearRing>
            <coordinates>
              17.4346477637241,47.81576988909158
              17.43750517315,47.81282150523406,0
              17.43972120046992,47.81589980839395,0
              17.43958000034479,47.81610357688494,0
              17.44431733133328,47.82083033723998,0
              17.44062367964399,47.8189304703946,0
              17.44067029912275,47.81891485702369,0
              17.43464776372416,47.81576988909158,0
            </coordinates>
          </LinearRing>
        </outerBoundaryIs>
      </Polygon>
    </Placemark>
    <Placemark>
      <name>Vámkerék köztes</name>
      <Style>
        <LineStyle>
          <color>fff9e406</color>
          <width>2</width>
        </LineStyle>
        <PolyStyle>
          <color>fff9e406</color>
        </PolyStyle>
      </Style>
      <Polygon>
        <outerBoundaryIs>
          <LinearRing>
            <coordinates>
              17.4442555616603,47.82458681678417
              17.44677601880712,47.82216214913639,0
              17.44784781786412,47.82275351504219,0
              17.4479842,47.8238023,0
              17.4476838,47.8241625,0
              17.44811992519707,47.82441939408508,0
              17.4480793452536,47.82481156110221,0
              17.44778722060957,47.82472372506984,0
              17.44763704189926,47.82538298478974,0
              17.44696535035726,47.82597129540569,0
              17.44425556166031,47.82458681678417,0
            </coordinates>
          </LinearRing>
        </outerBoundaryIs>
      </Polygon>
    </Placemark>
    <Placemark>
      <name>Vámosszabadi</name>
      <Style>
        <LineStyle>
          <color>ffbd141c</color>
          <width>2</width>
        </LineStyle>
        <PolyStyle>
          <color>ffbd141c</color>
        </PolyStyle>
      </Style>
      <Polygon>
        <outerBoundaryIs>
          <LinearRing>
            <coordinates>
              17.6102579,47.7572356
              17.6191736,47.7561392,0
              17.6182187,47.7587503,0
              17.6093459,47.7599115,0
              17.6102579,47.7572356,0
            </coordinates>
          </LinearRing>
        </outerBoundaryIs>
      </Polygon>
    </Placemark>
    <Placemark>
      <name>Vasút mellett kicsi SA</name>
      <Style>
        <LineStyle>
          <color>ff223853</color>
          <width>2</width>
        </LineStyle>
        <PolyStyle>
          <color>ff223853</color>
        </PolyStyle>
      </Style>
      <Polygon>
        <outerBoundaryIs>
          <LinearRing>
            <coordinates>
              17.2760546,47.8432121
              17.273308,47.8418295,0
              17.2754323,47.8405621,0
              17.2780395,47.8417863,0
              17.2760546,47.8432121,0
            </coordinates>
          </LinearRing>
        </outerBoundaryIs>
      </Polygon>
    </Placemark>
    <Placemark>
      <name>Vasút mellett - LM</name>
      <Style>
        <LineStyle>
          <color>ffa1a0e3</color>
          <width>2</width>
        </LineStyle>
        <PolyStyle>
          <color>ffa1a0e3</color>
        </PolyStyle>
      </Style>
      <Polygon>
        <outerBoundaryIs>
          <LinearRing>
            <coordinates>
              17.2863845530198,47.82610193378883
              17.28854008255067,47.82551440306326,0
              17.2956115910028,47.8307985134503,0
              17.29406188297421,47.831807927949,0
              17.2863845530198,47.82610193378883,0
            </coordinates>
          </LinearRing>
        </outerBoundaryIs>
      </Polygon>
    </Placemark>
    <Placemark>
      <name>Vasút mellett nagy SA</name>
      <Style>
        <LineStyle>
          <color>ff49d4db</color>
          <width>2</width>
        </LineStyle>
        <PolyStyle>
          <color>ff49d4db</color>
        </PolyStyle>
      </Style>
      <Polygon>
        <outerBoundaryIs>
          <LinearRing>
            <coordinates>
              17.2781897,47.8416639
              17.2735977,47.8394027,0
              17.2766447,47.8367382,0
              17.2816658,47.8392155,0
              17.2781897,47.8416639,0
            </coordinates>
          </LinearRing>
        </outerBoundaryIs>
      </Polygon>
    </Placemark>
    <Placemark>
      <name>Vasvázas mögött</name>
      <Style>
        <LineStyle>
          <color>ff8db25f</color>
          <width>2</width>
        </LineStyle>
        <PolyStyle>
          <color>ff8db25f</color>
        </PolyStyle>
      </Style>
      <Polygon>
        <outerBoundaryIs>
          <LinearRing>
            <coordinates>
              17.3927468,47.8843123
              17.3924786,47.8849346,0
              17.3922426,47.8848699,0
              17.3925698,47.8843087,0
              17.3924249,47.8842727,0
              17.3922426,47.8844274,0
              17.3919421,47.8847152,0
              17.3915666,47.8850318,0
              17.3914325,47.8853591,0
              17.3911536,47.885226,0
              17.3910463,47.8850713,0
              17.3910302,47.8847692,0
              17.3909551,47.8845821,0
              17.3907834,47.8842871,0
              17.3906493,47.8840245,0
              17.3907351,47.883823,0
              17.3911053,47.8837223,0
              17.3915076,47.8837403,0
              17.3919475,47.883877,0
              17.3928595,47.8841144,0
              17.3939431,47.8842655,0
              17.3940504,47.8843878,0
              17.3945385,47.8843662,0
              17.3946297,47.8845137,0
              17.3949194,47.8844706,0
            </coordinates>
          </LinearRing>
        </outerBoundaryIs>
      </Polygon>
    </Placemark>
    <Placemark>
      <name>Világirét</name>
      <Style>
        <LineStyle>
          <color>ff79e35b</color>
          <width>2</width>
        </LineStyle>
        <PolyStyle>
          <color>ff79e35b</color>
        </PolyStyle>
      </Style>
      <Polygon>
        <outerBoundaryIs>
          <LinearRing>
            <coordinates>
              17.4242306,47.9032966
              17.4221921,47.9008223,0
              17.42275,47.9004915,0
              17.4226427,47.8999736,0
              17.4223208,47.8995708,0
              17.4220419,47.8994269,0
              17.4222779,47.8990817,0
              17.4230504,47.8989234,0
              17.4244881,47.900808,0
              17.424016,47.9010957,0
              17.4245524,47.9030952,0
              17.4242306,47.9032966,0
            </coordinates>
          </LinearRing>
        </outerBoundaryIs>
      </Polygon>
    </Placemark>
    <Placemark>
      <name>Vízeső</name>
      <Style>
        <LineStyle>
          <color>ffe6eba0</color>
          <width>2</width>
        </LineStyle>
        <PolyStyle>
          <color>ffe6eba0</color>
        </PolyStyle>
      </Style>
      <Polygon>
        <outerBoundaryIs>
          <LinearRing>
            <coordinates>
              17.4259686,47.8833121
              17.425561,47.8822472,0
              17.425518,47.8809233,0
              17.4304318,47.8797576,0
              17.4305606,47.8803332,0
              17.4307537,47.8812399,0
              17.4312043,47.8823048,0
              17.4310327,47.882607,0
              17.4294877,47.8825494,0
              17.4285865,47.8824919,0
              17.4259686,47.8833121,0
            </coordinates>
          </LinearRing>
        </outerBoundaryIs>
      </Polygon>
    </Placemark>
    <Placemark>
      <name>Vízmű Feketeerdő</name>
      <Style>
        <LineStyle>
          <color>ff197b83</color>
          <width>2</width>
        </LineStyle>
        <PolyStyle>
          <color>ff197b83</color>
        </PolyStyle>
      </Style>
      <Polygon>
        <outerBoundaryIs>
          <LinearRing>
            <coordinates>
              17.2827333,47.9195022
              17.2772563,47.9175249,0
              17.2779912,47.9169604,0
              17.2828192,47.918794,0
              17.2827333,47.9195022,0
            </coordinates>
          </LinearRing>
        </outerBoundaryIs>
      </Polygon>
    </Placemark>
    <Placemark>
      <name>Zsejke bal</name>
      <Style>
        <LineStyle>
          <color>fffa6179</color>
          <width>2</width>
        </LineStyle>
        <PolyStyle>
          <color>fffa6179</color>
        </PolyStyle>
      </Style>
      <Polygon>
        <outerBoundaryIs>
          <LinearRing>
            <coordinates>
              17.5189018,47.8001407
              17.5106835,47.8004146,0
              17.5106406,47.7983534,0
              17.5100183,47.7983678,0
              17.5101042,47.7964219,0
              17.5104475,47.7961913,0
              17.5187516,47.7960471,0
              17.5189018,47.8001407,0
            </coordinates>
          </LinearRing>
        </outerBoundaryIs>
      </Polygon>
    </Placemark>
    <Placemark>
      <name>Zsejke jobb</name>
      <Style>
        <LineStyle>
          <color>ff3e53da</color>
          <width>2</width>
        </LineStyle>
        <PolyStyle>
          <color>ff3e53da</color>
        </PolyStyle>
      </Style>
      <Polygon>
        <outerBoundaryIs>
          <LinearRing>
            <coordinates>
              17.5105977,47.7961336
              17.5130224,47.7941804,0
              17.5130975,47.7961048,0
              17.5105977,47.7961336,0
            </coordinates>
          </LinearRing>
        </outerBoundaryIs>
      </Polygon>
    </Placemark>
    <Placemark>
      <name>Ásvány előtt jobbra 2</name>
      <Style>
        <LineStyle>
          <color>ffebb335</color>
          <width>2</width>
        </LineStyle>
        <PolyStyle>
          <color>ffebb335</color>
        </PolyStyle>
      </Style>
      <Polygon>
        <outerBoundaryIs>
          <LinearRing>
            <coordinates>
              17.4802036488153,47.82612574211117
              17.47984393684279,47.82609953717409,0
              17.47967343016346,47.82587916706377,0
              17.47958995904158,47.8257309308034,0
              17.47947990652987,47.82566507820167,0
              17.47922519240776,47.82552797040454,0
              17.478923608868,47.82555149475864,0
              17.47892465611049,47.82556581984,0
              17.4785435713008,47.82570583924045,0
              17.47761778500612,47.82418537884168,0
              17.47760929328885,47.8241912440089,0
              17.47872712542368,47.8238771426602,0
              17.48020364881534,47.82612574211117,0
            </coordinates>
          </LinearRing>
        </outerBoundaryIs>
      </Polygon>
    </Placemark>
    <Placemark>
      <name>Hosszúnyilas HM</name>
      <Style>
        <LineStyle>
          <color>ffce5904</color>
          <width>2</width>
        </LineStyle>
        <PolyStyle>
          <color>ffce5904</color>
        </PolyStyle>
      </Style>
      <Polygon>
        <outerBoundaryIs>
          <LinearRing>
            <coordinates>
              17.3867011,47.7924145
              17.3956275,47.7854369,0
              17.3957777,47.7852206,0
              17.3984385,47.7867921,0
              17.389555,47.7935389,0
              17.3884177,47.7929046,0
              17.3867011,47.7924145,0
            </coordinates>
          </LinearRing>
        </outerBoundaryIs>
      </Polygon>
    </Placemark>
    <Placemark>
      <name>Püski föld kicsi</name>
      <Style>
        <LineStyle>
          <color>ffc8c11d</color>
          <width>2</width>
        </LineStyle>
        <PolyStyle>
          <color>ffc8c11d</color>
        </PolyStyle>
      </Style>
      <Polygon>
        <outerBoundaryIs>
          <LinearRing>
            <coordinates>
              17.4102829294731,47.88413486924471
              17.41314113886636,47.88287028400275,0
              17.41253231865829,47.8821152862223,0
              17.41773044010677,47.88008317654251,0
              17.42123977185145,47.88427188216282,0
              17.41311975576477,47.88710373305908,0
              17.41028292947314,47.88413486924471,0
            </coordinates>
          </LinearRing>
        </outerBoundaryIs>
      </Polygon>
    </Placemark>
    <Placemark>
      <name>Kölesföld nagy bal</name>
      <Style>
        <LineStyle>
          <color>ff7597e5</color>
          <width>2</width>
        </LineStyle>
        <PolyStyle>
          <color>ff7597e5</color>
        </PolyStyle>
      </Style>
      <Polygon>
        <outerBoundaryIs>
          <LinearRing>
            <coordinates>
              17.3938251,47.8924637
              17.3929882,47.89255,0
              17.3886752,47.89396,0
              17.3871732,47.8931111,0
              17.3866153,47.8927802,0
              17.3860574,47.8924061,0
              17.385993,47.8916148,0
              17.384727,47.8891687,0
              17.3852205,47.8880464,0
              17.385478,47.8874996,0
              17.385993,47.8872694,0
              17.3863578,47.8874852,0
              17.3876882,47.8881615,0
              17.38904,47.8885068,0
              17.3902202,47.8901615,0
              17.3919153,47.8895428,0
              17.3928809,47.8907946,0
              17.3935032,47.8908953,0
              17.3936319,47.8911112,0
              17.393117,47.8914565,0
              17.3931384,47.8916291,0
              17.3937392,47.8916148,0
              17.3938251,47.8924637,0
            </coordinates>
          </LinearRing>
        </outerBoundaryIs>
      </Polygon>
    </Placemark>
  </Document>
</kml>
